:020000040800F2
:10000000000003205D060008291700082B170008D0
:100010002D1700082F1700083117000800000000F6
:1000200000000000000000000000000051830008F4
:100030003317000800000000E1830008737C00080B
:10004000AD060008AD060008AD060008AD060008C4
:10005000AD060008AD060008AD060008351700081B
:100060003B170008AD060008AD060008AD06000805
:10007000AD060008AD060008AD060008AD06000894
:10008000AD060008AD060008AD060008AD06000884
:10009000AD060008AD060008AD060008AD06000874
:1000A000AD060008AD060008AD060008AD06000864
:1000B000AD060008AD060008AD060008AD06000854
:1000C000AD060008AD060008AD060008AD06000844
:1000D000AD060008AD060008AD060008AD06000834
:1000E00041170008AD060008AD060008AD0600087F
:1000F000AD060008AD060008AD060008AD06000814
:10010000AD060008AD060008AD060008AD06000803
:10011000AD060008AD06000859170008AD06000836
:10012000AD060008AD060008AD060008AD060008E3
:10013000AD060008AD060008AD060008AD060008D3
:10014000AD060008AD060008AD060008AD060008C3
:10015000AD060008AD060008AD060008AD060008B3
:10016000AD060008AD060008AD060008AD060008A3
:10017000AD060008AD060008AD060008000000004E
:10018000AD060008AD060008AD060008AD06000883
:10019000AD060008AD060008AD060008AD06000873
:0C01A00065170008AD0600087117000884
:1001B00010B5054C237833B9044B13B10448AFF3A1
:1001C00000800123237010BD800300200000000088
:1001D000F860020808B5034B1BB103490348AFF3AD
:1001E000008008BD0000000084030020F8600208C1
:1001F00001F0FF01102A2BDB10F0070F08D010F8D8
:10020000013B013A8B422DD010F0070F42B3F6D1DB
:10021000F0B441EA012141EA014122F007047FF0F4
:1002200000070023F0E80256083C85EA010586EA4B
:10023000010685FA47F5A3FA87F586FA47F6A5FA87
:1002400087F68EB9EED1F0BC01F0FF0102F0070293
:1002500032B110F8013B013A83EA010313B1F8D13E
:100260000020704701387047002D06BF354603381F
:10027000073815F0010F07D1013015F4807F02BF58
:10028000013015F4C03F0130F0BC0138704700BFA9
:100290007BB972B90029BEBF00204FF0004106E0D3
:1002A00008BF00281CBF6FF000414FF0FF3000F086
:1002B000D3B9ADF1080C6DE904CE002909DB002BA0
:1002C0001ADB00F04DF8DDF804E0DDE9022304B0AC
:1002D0007047404261EB4101002B1BDB00F040F80E
:1002E000DDF804E0DDE9022304B0404261EB4101A6
:1002F000524263EB43037047524263EB430300F007
:100300002FF8DDF804E0DDE9022304B0404261EBA0
:1003100041017047524263EB430300F021F8DDF8DE
:1003200004E0DDE9022304B0524263EB430370476B
:1003300053B94AB9002908BF00281CBF4FF0FF314C
:100340004FF0FF3000F088B9ADF1080C6DE904CE34
:1003500000F006F8DDF804E0DDE9022304B07047A0
:100360002DE9F047089D8E4604468846002B4AD169
:100370008A42174662D9B2FA82F64EB1C6F120031C
:1003800001FA06F820FA03F3B74043EA0808B4403C
:100390004FEA174E1FFA87FCB8FBFEF1230C0EFB49
:1003A000118843EA084301FB0CF29A4209D9FB1871
:1003B00001F1FF3080F0EA809A4240F2E780023992
:1003C0003B449A1AA3B2B2FBFEF00EFB102243EAA2
:1003D000024300FB0CFC9C4509D9FB1800F1FF32DD
:1003E00080F0D6809C4540F2D3803B44023840EAFE
:1003F0000140A3EB0C0300211DB1F3400022C5E92D
:100400000032BDE8F0878B4205D90DB1C5E9000186
:1004100000210846F5E7B3FA83F1002946D1734578
:1004200002D3824200F20581841A6EEB030201209E
:100430009046002DE5D0C5E90048E2E7002A00F02B
:100440009080B2FA82F6002E40F0A4808A1A030C43
:100450004FEA174E80B2BCB20121B2FBFEFC0EFB8C
:100460001C2243EA024304FB0CF29A4207D9FB1810
:100470000CF1FF3802D29A4200F2E080C4469B1A87
:10048000B3FBFEF20EFB123340EA034302FB04F41B
:100490009C4207D9FB1802F1FF3002D29C4200F2C5
:1004A000CA8002461B1B42EA0C40A5E7C1F12006A8
:1004B0008B4022FA06F71F430EFA01F420FA06F3E6
:1004C0002EFA06FE4FEA1749234300FA01F81FFAF5
:1004D00087FCBEFBF9F01C0C09FB10EE44EA0E444D
:1004E00000FB0CFEA64502FA01F209D93C1900F105
:1004F000FF3A80F09C80A64540F2998002383C4447
:10050000A4EB0E041FFA83FEB4FBF9F309FB1344BA
:100510004EEA044403FB0CFCA44508D93C1903F142
:10052000FF3E80F08280A4457FD9023B3C4443EAF1
:100530000040A4EB0C04A0FB02EC64457346E146CA
:1005400062D35FD05DB1B8EB030264EB090404FA37
:1005500006F622FA01F31E43CC40C5E900640021EF
:100560004FE7B1FBF2FC010C41EA0E4180B240EAD8
:1005700001423B4638463C46B846BE462026B1FBC3
:10058000F7F1A2EB080241EA0C4166E7014618E7E1
:1005900010462CE7C6F120022EFA02F3B740B14014
:1005A00020FA02F24FEA174E0A43B3FBFEF8BCB240
:1005B0000EFB1833110C41EA034108FB04F9B0406B
:1005C00089454FEA104380B23ED9791808F1FF3CC3
:1005D00001D289451FD8A1EB0901B1FBFEF909FB46
:1005E00004F80EFB191192B242EA0142424529D2A7
:1005F000BA1809F1FF31C4D24245C2D2A9F10201B1
:100600003A44BEE7F0459DD2BEEB02036CEB070C0B
:100610000138E14696E7A7EB09094944A8F1020C25
:10062000B1FBFEF909FB04F8DBE773467FE75046B0
:1006300066E70846FDE63B44023A33E7ACF1020CBC
:100640003B441CE749469CE7A1EB0901C446B1FBCA
:10065000FEF909FB04F8C4E7704700BFDFF834D0A7
:10066000002103E00C4B5B58435004310B480C4B0A
:1006700042189A42F6D30B4A02E0002342F8043BA8
:10068000094B9A42F9D304F043FF24F0C7FF00F06E
:1006900045FA704700000320248904080000002068
:1006A0006801002080030020FC460120FEE70000D6
:1006B000002170B50B4604460A46084654F82150FE
:1006C0008DB1FAB195424FEA830603F1010315D1CA
:1006D0005200A2510E4D28681044286000220120CB
:1006E0008B4218BF012001310429E7D112B144F82F
:1006F000232001330022032B06DD70BDA25154F8E4
:100700002120EDE72A46EBE744F823200133F2E706
:100710009C03002008B504F02FFF034B984214BF40
:1007200058400120186008BD04000020034B044914
:100730001A68044801FB020018607047040000209A
:100740000D6619005FF36E3C70B5044600F140067B
:1007500000252046FFF7ACFF1034002818BF0546DF
:10076000B442F6D1284670BD7FB5044600F140067C
:100770000025E3680093A3680193636802936846C9
:1007800023680393FFF794FF009BE360019BA36042
:10079000029B6360039B44F8103B002818BF05468A
:1007A000B442E6D1284604B070BD7FB5041F00F105
:1007B0000C06002554F8043F009323690193236A33
:1007C00002936846236B0393FFF772FF009B23603D
:1007D000019B2361029B2362002818BF0546039BEF
:1007E0002363B442E6D1284604B070BD7FB5041F30
:1007F00000F10C060025636B0093636A0193636943
:100800000293684654F8043F0393FFF751FF009B9F
:100810002363019B2362029B2361002818BF0546C6
:10082000039B2360A642E6D1284604B070BDF0B514
:100830000024A1B00546264605EB0411002351F81B
:1008400023202AB920AA02EBC60242E9204301363E
:100850000133042BF3D10134042CEDD1002E18DD2B
:10086000FFF764FF20AAB0FBF6F303FB160302EBCD
:10087000C30353E92076FFF759FF6423B0FBF3F27B
:1008800002FB1300592805EB071598BF022445F811
:10089000264021B0F0BD000038B50D4604461CB915
:1008A000044B01221A7038BD2846FFF7C0FF013CF7
:1008B000F5E700BF800600200D4B10B500241C603A
:1008C0000C4B1C70FFF726FF0B4A234621460133D1
:1008D000042BC2E90011C2E9021102F11002F6D1A3
:1008E000064BBDE81040196002200349FFF7D4BF52
:1008F0009C030020E4030020A4030020A0030020A8
:1009000000F10C024C30A2F1100353F8041FB1F5B2
:10091000006F04DB064B187880F0010070479342AB
:10092000F3D103F110028242EDD10020704700BFE5
:10093000E503002000F10C024C30A2F1100353F843
:10094000041F39B19342FAD103F110028242F4D16B
:10095000002070470120704730B500F10C0200F113
:100960004C04A2F10C03196853F8045FA94200D1AA
:10097000C1B99342F7D103F11002A242F1D100F1C3
:10098000300401460023103051F8232050F8235042
:10099000AA4200D132B90133042BF5D18442F0D1FF
:1009A000002000E0012030BD10B50446FFF7C2FF73
:1009B00030B92046FFF7D0FF80F00100C0B210BD73
:1009C0000020FCE710B5184C2368022B1ED0174BF3
:1009D0001B78DBB9032819D8DFE800F002191D21C4
:1009E0001348FFF7B1FE88B111490220FFF754FF09
:1009F00023682BB90E48FFF783FF08B1012323605A
:100A00000B48FFF7D1FF08B10223236010BD08484F
:100A1000FFF7AAFEE7E70648FFF7C7FEE3E704484B
:100A2000FFF7E4FEDFE700BFA0030020E40300209F
:100A3000A403002002460021014806F0CEBA00BF00
:100A4000CC0400200148002106F0CCBACC040020E0
:100A500000487047A403002007B5064BADF8060018
:100A60001B68054801220DF1060106F039FC03B0B0
:100A70005DF804FB080000207404002008B5642021
:100A800007F074F9FBE7000030B5002495B021466B
:100A9000142203A8CDE90A440C9424F016FD1D4B42
:100AA00001941A6C42F080521A641B6C03F080535C
:100AB0000193019B184B02941A6842F440421A6059
:100AC0001B6803F440430293029B09224FF48033D6
:100AD000CDE9082302250123B4224FF48001CDE99A
:100AE0000D3508A80423CDE90F13CDE91125139383
:100AF00005F0FEFD05F0C2FD0F23CDE9033505210C
:100B00004FF4A05303A8CDE90633059405F0CCFFBC
:100B100015B030BD003802400070004080B59CB078
:100B20000024C64DDFF8549304F000FDFFF7ACFF3E
:100B300001942B6C43F080532B642B6C03F0805397
:100B40000193019B05F08CFD214614220FA824F08F
:100B5000BCFC02942B6BBA4843F010032B632B6B45
:100B600003F010030293029B03942B6B43F00403E6
:100B70002B632B6B03F004030393039B04942B6BF5
:100B800043F020032B632B6B03F020030493049B9F
:100B900005942B6B43F080032B632B6B03F08003D6
:100BA0000593059B06942B6B43F001032B632B6B82
:100BB00003F001030693069B07942B6B43F002039B
:100BC0002B632B6B03F002030793079B08942B6B9B
:100BD00043F040032B632B6B03F040030893089B07
:100BE00009942B6B43F008032B632B6B03F0080372
:100BF000224609933C21099B04F01EFF91480122E3
:100C0000022104F019FF22468E48042104F014FF4B
:100C100022468D484FF4405104F00EFF01263C233C
:100C2000CDE90F368648119403230FA902271293AA
:100C300004F018FE83480FA9CDE90F76CDE91144E1
:100C400004F010FE04237F480FA9CDE90F36CDE94B
:100C500011474FF4881804F005FE06237B481197CE
:100C60000FA9CDE90F384FF4405504F0FBFD78484B
:100C700011970FA9CDE90F5804F0F4FD7248DFF881
:100C800000820FA9CDE90F56CDE9114704F0EAFD26
:100C900022460521072004F09BFC072004F0CAFC33
:100CA00022460521082004F093FC082004F0C2FC31
:100CB00022460521282004F08BFC282004F0BAFCF1
:100CC0006448654B654D036004F0C2FC644B2C62C4
:100CD000C5E9008328464FF48043C5E90434C5E9DB
:100CE0000244C5E9064405F0C1F81021284605F084
:100CF00005FB214628465B4D05F01FFB4FF4827330
:100D0000C5E900934FF4007A1823C5E906A32846E5
:100D10000A23C5E90244C5E90444C5E90844AC62B4
:100D2000EB6206F081FA8F232246394645488DF85A
:100D30002C308DF83C4004F07FFE32464FF47A733D
:100D40000BA9284606F0CCFA4FF47A7332460FA965
:100D5000284606F071FC324639463A48424D04F0C6
:100D60006BFE9DF83C30D32B04BF404B1E70404BB4
:100D70000126C5E90036102240230024C5E90423DA
:100D80004FF4C073C5E906344FF40063C5E9083475
:100D90004FF4005302274FF00409AB624FF0030AEF
:100DA00007230FA92846CDE90F73CDE911934FF022
:100DB0000808C5E90249CDE913A7159706F017F908
:100DC0004FF6FF720BA92846CDE90C860A940B96C4
:100DD0000E9406F02CF9304604F0D4FB4FF6FF7267
:100DE0000BA92846CDE90B78CDE90D6406F01FF973
:100DF0004FF6FF720BA92846CDE90BA8CDE90D945B
:100E000006F015F94FF40C730A930A9B0E934FF6F4
:100E1000FF720BA92846CDE90B980D9606F007F94D
:100E200040F26A51284606F020F9342221460FA8E4
:100E300024F04BFB0F4D104B2C6123E00038024097
:100E40000010024000080240000C02400000024076
:100E500000040240280600200030024094050020D3
:100E6000A086010074040020F8030020EC03002099
:100E7000400100A0EC040020006801400050014047
:100E8000005C0040C5E900340923C5E905361D238F
:100E9000C5E9073A40F20D1140F24313C5E90913C1
:100EA00040F2171040F24713C5E90B032846C5E985
:100EB0000244AC8685F8364005F0D2FA4FF4806CD7
:100EC000F0220521CDE916C14FF4A0730FA9CDE999
:100ED0001024CDE918424FF0FF0822462846CDE9FC
:100EE00012372B4D1A93CDE914840F94ADF86C4052
:100EF0008DF86E4005F068FB264B2B601B68984709
:100F00002B68254DDB689847244B2846C5E90034FB
:100F1000C5E90274C5E90A47C5E90C4404F0A8FB19
:100F20003146284604F05AFCDFF898E01C484FF49C
:100F3000E133C0E900E30C23C0E90534C0E9024411
:100F40000461C46106F0CEFD1648174B8461C0E908
:100F500000347F23C0E90238C0E9044405F0F5FFFE
:100F600000F085FC00F082FC06F090FE0F4A10486D
:100F7000214606F0B7FE0F4B0F4A186021460F4876
:100F800006F0B0FE0E4B186006F092FEFEE700BFC2
:100F9000E803002018000020E805002000B002400F
:100FA0002C040020CC04002000280040E46C02083F
:100FB0007D0A0008F4030020C06C02087D180008B8
:100FC000F003002000100140704770477FB5094BC7
:100FD0008DF817201B6802930DF117020123009270
:100FE00001930A460146044804F0E8FF07B05DF8A3
:100FF00004FB00BF0C000020940500207FB50023F7
:101000008DF81730084B1B6802930A4601230DF137
:101010001701009101930146044805F05FF89DF81F
:10102000170007B05DF804FB0C00002094050020B9
:101030001FB5084C24680092CDE901340A4601230B
:101040000146054805F04AF8003818BF012004B0F1
:1010500010BD00BF0C0000209405002004F092BADF
:1010600010B5064C00222046042104F0E5FC204681
:101070000122BDE81040042104F0DEBC000802405B
:1010800038B50B4D044601220A484FF4005104F0D4
:10109000D3FC00220421284604F0CEFC2046FFF7B2
:1010A000DBFC28460122BDE83840042104F0C4BC22
:1010B00000080240000C024038B50B4D04460022E7
:1010C0000A484FF4005104F0B7FC002204212846DE
:1010D00004F0B2FC2046FFF7BFFC28460122BDE821
:1010E0003840042104F0A8BC00080240000C024073
:1010F000F7B5144E144F05460C4630460022042125
:1011000004F09AFC00224FF40051384604F094FC9D
:101110002846FFF7A1FC0D4B0D481B68224601A98C
:1011200006F08AFA384601224FF40051019C04F07F
:1011300083FC30460122042104F07EFC204603B0EB
:10114000F0BD00BF00080240000C02400800002073
:101150007404002004F016BA0268034B9A4201D1CD
:1011600004F0FEB9704700BF001000407047000057
:1011700082B00E4B00220092596C41F480415964B8
:10118000596C01F48041009100990192196C41F071
:10119000805119641B6C03F080530193019B0F2154
:1011A0006FF0010002B004F013BA00BF0038024033
:1011B0000268094B9A4282B00BD100230193074B7E
:1011C0001A6B42F480521A631B6B03F48053019331
:1011D000019B02B0704700BF00300240003802405F
:1011E00007B50F4B02689A4216D10022A3F5F043CF
:1011F0000192196B41F4000119631B6B03F40003A6
:10120000019305215A20019B04F0E2F95A2003B012
:101210005DF804EB04F00EBA03B05DF804FB00BF08
:1012200000B002402DE9F043044689B014220021A9
:1012300003A824F04AF92268244B9A4243D1244C53
:10124000244800250095236B43F004032363236B9C
:1012500003F004030093009B0195236B43F001030B
:101260002363236B03F001030193019B4FF01209E9
:101270004FF400734FF001080327042603A9CDE9BA
:101280000339CDE90587079604F0ECFA4FF4807333
:101290001148079603A9CDE90339CDE9058704F084
:1012A000E1FA0295236C43F400032364236C03F4F6
:1012B00000030293029B236A43F400032362236A20
:1012C00023F40003236209B0BDE8F083005C004012
:1012D000003802400008024000000240F0B599B01A
:1012E00004461422002107A824F0EFF830220DEB69
:1012F0000200002124F0E9F822685E4B9A4240F097
:10130000B78008230C93C0231093042312930CA8D6
:101310004FF40033159305F09FFC08B1FFF726FF4B
:10132000554B5648002400945A6C42F080625A642F
:101330005A6C02F080620092009A01941A6B42F09B
:1013400020021A631A6B02F020020192019A0294A1
:101350001A6B42F001021A631A6B02F00102029248
:10136000029A03941A6B42F002021A631A6B02F09B
:1013700002020392039A04941A6B42F040021A6329
:101380001A6B02F040020492049A05941A6B42F020
:1013900004021A631A6B02F004020592059A06947D
:1013A0001A6B42F008021A631B6B03F008030693E2
:1013B00002250E26069B0B964FF4806307A9CDE904
:1013C0000735CDE9094504F04DFA41F658032C489C
:1013D0000B9607A9CDE907350927CDE9094504F0A2
:1013E00041FA032327480B9707A9CDE90735CDE933
:1013F000094504F037FA4FF4706322480B9607A9A9
:10140000CDE90735CDE9094504F02CFA4FF40C631A
:101410001D480B9607A9CDE90735CDE9094504F02C
:1014200021FAC02319480B9607A9CDE90735CDE964
:10143000094504F017FA082315480B9607A9CDE9CA
:101440000735CDE9094504F00DFA4FF4A0530E48D5
:101450000B9707A9CDE90735CDE9094504F002FA54
:1014600058202246052104F0B3F8582004F0E2F891
:1014700019B0F0BD0068014000380240001402407D
:101480000000024000040240001802400008024030
:10149000000C024010B504468CB030220021684692
:1014A00024F013F822680A4B9A420ED120230093AD
:1014B00068464FF400730A9305F0CEFB08B1FFF7BE
:1014C00055FE044B0122C3F83C2E0CB010BD00BFEA
:1014D000002800400000474210B5044688B014229E
:1014E000002103A823F0F1FF2268144B9A4223D174
:1014F00003F56843002101915A6C114842F48012AF
:101500005A645A6C02F480120192019A02911A6B89
:1015100042F020021A631B6B03F020030293029B2C
:101520004FF4607202230321CDE903230523CDE9A3
:10153000061303A904F096F908B010BD005001404D
:101540000014024010B5044688B01422002103A8FC
:1015500023F0BBFF2268144B9A4223D103F5943346
:10156000002101915A6C114842F010025A645A6CE1
:1015700002F010020192019A02911A6B42F00102EC
:101580001A631B6B03F001030293029B4FF4C062CA
:1015900002230321CDE903230723CDE9061303A981
:1015A00004F060F908B010BD0010014000000240D6
:1015B0002DE9F04186B0002303932B4B1C68002CCF
:1015C0004FD14FF00108C3F80080284B00949A6B6C
:1015D000274842EA08029A639B6B03EA08030093D8
:1015E000022703260C25009B01A94FF63F03CDE9F6
:1015F0000137CDE9046504F035F91E48059501A9C8
:10160000CDE90187CDE9034604F02CF948F2331304
:101610001948059501A9CDE90137CDE9034604F044
:1016200021F94FF683731548059501A9CDE90137D6
:10163000CDE9034604F016F94CF203731048059502
:1016400001A9CDE90137CDE9034604F00BF9602388
:101650000C48059501A9CDE90137CDE9034604F011
:1016600001F906B0BDE8F0813006002000380240E4
:10167000001402400008024000180240001002401E
:10168000000C02400004024070B588B000230293B1
:10169000204B1A6C42F010021A641B6C03F010030A
:1016A0000293054601A903A8029B05F0B7FA069B21
:1016B0004BBB05F093FA184E184B336040F2E733FA
:1016C000F360174BB0FBF3F3013B7360304600232C
:1016D0003361B360B36106F079F9044680B93046EE
:1016E00006F04EF8044658B9362003F0A3FF0F2D3C
:1016F0000DD822462946362003F06AFF094B1D60AB
:10170000204608B070BD05F069FA4000D3E7012417
:10171000F6E700BF00380240340600200010004009
:1017200040420F00800000207047FEE7FEE7FEE722
:10173000FEE77047022004F08DB9042004F08AB956
:1017400008B54FF4805004F085F9BDE808404FF427
:10175000005004F07FB90000014806F04FB800BF08
:1017600034060020014804F0D2BE00BFEC04002083
:10177000014803F0A9BF00BFE805002070B5104E76
:10178000044603F0F9FE3368C31AC82B054609D98D
:10179000B4F5805F07D10020FFF714F9094B01224F
:1017A0001A70356070BDB4F5005F01D10120F3E718
:1017B000022C01D12046EFE7042CF2D10320EBE705
:1017C0007C060020800600200120704708B523F029
:1017D0001FFF162303604FF0FF3008BD08B523F04C
:1017E00017FF16230360FEE770B50D4614460E463C
:1017F000731B9C4201DC204670BDAFF3008006F8ED
:10180000010BF5E770B50D4614460E46731B9C425E
:1018100001DC204670BD16F8010BAFF30080F5E740
:101820004FF0FF3070474FF400534B60002070477B
:1018300001207047002070470A4A116808B5034626
:1018400009B9094911601068694603448B4206D9F9
:1018500023F0DEFE0C2303604FF0FF3008BD136061
:10186000FCE700BF8406002000470120704708B550
:1018700000F0BEFDBDE8084000F040BD00F0BABD7C
:10188000704710B50421044622F0DCFC204610BD50
:1018900038B50C4B0C4C18800C4B822019806368B7
:1018A000984740F6110398420AD1094D23682C60ED
:1018B000822098472B688220DB689847002038BD3B
:1018C0000120FCE792060020500000209006002036
:1018D000940600204FF4A071F020FFF7D9BF00005C
:1018E000F7B5394D2B6804461B6982209847208044
:1018F00000284ED02B680DF106025B6901A98220F9
:101900009847324B1B78002B4BD0BDF8062040F691
:1019100074639A423FD9ADF80630BDF806209B1A91
:101920009BB20A2B42D90B22B3FBF2F3284A12884E
:10193000934201D9013A93B2BDF80420254840F6FC
:10194000B8318A4234D8C2F571620E32016892B25F
:101950000F25B2FBF5F2204D2D88AA4284BF05F178
:10196000FF35AAB28A4215468EB22AD9921B91B28D
:101970001A4E3768BB42BAB28CBF9A1AD21A92B2C8
:1019800011440529C4BF0560336003686380336870
:10199000A38003B0F0BDB32A9CBFB422ADF80620EB
:1019A000BBE7BDF80630A3F5B473B9E70023C3E77E
:1019B000C2F56D62083292B20E2A0168C8D80025BD
:1019C0002A46891A89B2D3E794060020EC03002046
:1019D000900600208C060020920600208806002039
:1019E00037B568460D461446FFF77AFFBDF800008C
:1019F00030B1BDF802302B60BDF804302360012007
:101A000003B030BD032821D8DFE800F0020B121923
:101A10000F4B1A68B2FA82F2520904210D4804F001
:101A20000BB80B4B5A68B2FA82F252090821F5E75B
:101A3000074B9A68B2FA82F252091021EEE7044B82
:101A4000DA68B2FA82F252092021E7E7704700BF54
:101A50009806002000100240032821D8DFE800F09B
:101A6000020B12190F4B1A68003A18BF0122042109
:101A70000D4803F0E1BF0B4B5A68003A18BF012232
:101A80000821F5E7074B9A68003A18BF0122102198
:101A9000EEE7044BDA68003A18BF01222021E7E79D
:101AA000704700BF980600200010024003280DD8A0
:101AB000DFE800F00206080A0421054803F0C1BF70
:101AC0000821FAE71021F8E72021F6E7704700BF68
:101AD0000010024008B5032811D8DFE800F0020A20
:101AE0000C0E0421074803F0A1FF431E5842584141
:101AF00008BD0821F6E71021F4E72021F2E70020D5
:101B0000F3E700BF0010024070B5084D0024012625
:101B1000E0B2FFF7DFFF18B12B68012B18BF2E6072
:101B20000134052C05F10405F2D170BD98060020A2
:101B3000012380F8781080F87930704770470020D2
:101B400070470000034B4164003918BF0121197030
:101B5000704700BFBB390120704700207047836B7E
:101B60000BB10846184770474FF6FF707047406842
:101B700003689B6918477047704770477047704704
:101B800010B5044600F04CFD23680349D3F89030AB
:101B90002046BDE810401847000000D008B5036893
:101BA0000446D3F88430984723682046DB6F984773
:101BB00000F0ECF8236820465B6F98472920FFF778
:101BC0007BFA00F0E3F8236820465B6F9847F8E75C
:101BD00010B5044609F0B2F923682046D3F8BC30AA
:101BE000BDE81040184700F0FFBC00F003BD00F056
:101BF00035BD00F0D5BC00F045BD00F04DBD00F096
:101C0000D9BC08F0C9BB10B58421044622F01AFBE8
:101C1000204610BD10B590F8341090F878400C4B69
:101C20008C421A7809D03AB90A4A0B4914880888B4
:101C300010800C8001221A7010BD002AFCD0054AC9
:101C400005491488088810800C800022F3E700BF43
:101C5000B4390120B0390120B239012070B50D46E8
:101C6000194635B9094B0A4A0A4840F2FF2123F0C8
:101C700025FAC0E90F52084B003A18BF01221A702A
:101C80000368BDE87040D3F89030184765610208DA
:101C90009D610208EB610208BA39012008B5094BC1
:101CA0001B888B4203D8084B1B88934205D9074BEE
:101CB000074A0848A32123F001FA074B1980074B74
:101CC0001A8008BDB0390120B23901203062020803
:101CD00093620208EB610208B6390120B83901208D
:101CE000034690F87A0018B1586803681B681847D3
:101CF00070470000012108B50022084606F042F8AE
:101D00000A4B186028B90A4B0A4A28210A4823F0CE
:101D1000D5F900220421012006F0D3F8074B186002
:101D200018B9074B034A2C21F0E708BDAC06002088
:101D3000D66202081F6302084E630208A80600204C
:101D400094630208024B4FF0FF31186806F064B844
:101D5000AC060020014B186806F08AB8AC060020DB
:101D6000024B0021186806F057B800BFAC060020EF
:101D7000FFF7F0BF03480449006800231A4606F045
:101D8000DBB800BFA80600201000002013B5084CE7
:101D900000231A4601A9206806F0FFF820684FF0DA
:101DA000FF33002201A906F0F8F802B010BD00BF11
:101DB000A806002003685B6C184701207047036881
:101DC0009B6A1847FEE740F2EF307047054B03600F
:101DD000054B4FF08062C3F88820BFF34F8FBFF3ED
:101DE0006F8F7047146E020800E100E010B50446E2
:101DF0004FF45A61FFF7EAFF204622F023FA20460B
:101E000010BD000082B0002301930E4B1A6B42F408
:101E100000021A631A6B02F400020192019A1A6915
:101E200042F400021A611A6922F400021A61064B98
:101E3000064A1A61064A5A61064B4FF080629A6060
:101E400002B0704700380240E8050020A5200008D5
:101E5000C51D000800E100E008B50A2809D8DFE840
:101E600000F006100E0808080810101010000220DC
:101E700008BD054B054A0648902123F01FF90020B4
:101E8000F6E70120F4E700BFD6630208F163020819
:101E90003C64020838B50C46887FFFF7DDFFA58A51
:101EA000E28A164B2169586342EA05425A64628B02
:101EB000D963521B1A642568082D0ED19A611A61E4
:101EC0005862207F0E4A42EA0062DA61E2681A62D2
:101ED0000C4A5961D9601A6038BD0022D8611A6174
:101EE000E1680A0A480902F4784200F4FC600243FF
:101EF000C1F3C4010A439A63034AECE700B002400D
:101F000009000100012302000123030008B50B288A
:101F10000BD8DFE800F00612100A0A0A0A080808BF
:101F20000808022008BD0520FCE7054B054A0648C5
:101F30006F2123F0C3F80020F4E70120F2E700BF8F
:101F4000D6630208806402083C6402082DE9F0416F
:101F500091F81D800C464046FFF7D8FFA77F054645
:101F60003846FFF7D3FF06463846FFF775FFA18ACC
:101F7000628B444B521A1A649A61228B521A1A616C
:101F8000E28A586342EA01425A6421696268D9636D
:101F9000DA602068802828D0227F0FD8202867D0D8
:101FA000402865D004281AD0364B45EA026545F42E
:101FB0000035B845DD6161D0334A44E0B0F5807F3B
:101FC00004D0B0F5007FEFD1304800E0304840EA5F
:101FD0000262DA61E2681A625E62596132E045EAE1
:101FE000026242F40032DA61F6E7A068021DDA62AA
:101FF000227F45EA026545F40035DD615E62596184
:10200000017841B1012921D0224B234A23484FF4C2
:102010008D7123F053F8DA69418822F47F42013947
:1020200022F0100242EA0122DA610121154BDA693D
:1020300042F02002DA61DA699206FCD410229A603A
:102040000029B9D0164A1A60BDE8F081B2F1FF014B
:10205000DA69408822F47F4200F1FF3022F010025A
:1020600042EA002242F0100218BF0121DA61DDE7E6
:1020700045EA0262034B42F40032B4E742F2013215
:10208000E1E700BF00B002400123010009000200A7
:102090000A000200CA640208E46402083C64020800
:1020A00001230200024B1B68586803685B691847EC
:1020B000BC39012070B5044625460A4B0C30002679
:1020C00060602672667245F8203B6022294609F05E
:1020D0008BF804F55A63EE6024359D42FBD120460F
:1020E00070BD00BF146E0208034B1A68D207FCD4FF
:1020F00023229A60704700BF00B002407047000082
:1021000030B50F4C2568ED07FCD423250904A560E4
:1021100041F001010225FF2B65636164E0630AD091
:102120000849656241EA0363E361074B226260612B
:10213000E060236030BDE561039BA363034BF8E7D8
:1021400000B002400900010001000200010003008C
:1021500030B50E4C2568ED07FCD423251204A5608C
:1021600042F001020225FF2B65636264E063E160D7
:1021700008D01B0643F00213E361054B6562606102
:10218000236030BD034BE3610123F9E700B0024057
:1021900001000200020002FF30B50B4C2568ED077C
:1021A000FCD4232512041B06A56043F4003302254A
:1021B00042F0010265636264E063E160E361034B46
:1021C00065626061236030BD00B002400100020022
:1021D000012070470C2070470C2303FB01000830DE
:1021E00070470C2303FB0100083070470120704743
:1021F00041F21430704741F2143303FB0100083000
:10220000704741F2143303FB01000830704701208E
:1022100070471020704700EB01100830704700EB4A
:10222000011008307047084600F0C8BC10B5034BD9
:102230000360044607F007FE204610BDCC6E02087E
:1022400010B50446FFF7F2FF2046142121F0FAFFF3
:10225000204610BD10B5034B0360044607F0F3FDA4
:10226000204610BD986E020810B50446FFF7F2FF35
:10227000204641F21C3121F0E5FF204610BD000050
:1022800010B5034B0360044607F0DDFD204610BD8A
:10229000646E020810B50446FFF7F2FF20461821CD
:1022A00021F0D0FF204610BD10B5094B0360044655
:1022B00000F59A500830FFF7B9FF04F12C00FFF742
:1022C000C9FF04F11400FFF7DBFF204610BD00BF7B
:1022D000006F020808B50248FFF7E6FF08BD00BF1F
:1022E0008815002010B50446FFF7DEFF204641F2B6
:1022F000BC4121F0A7FF204610BD00002DE9F341AD
:1023000000F0D2FA054600F0D3FA00240146234635
:1023100028462246009412F0E3FE274B274A1A6013
:10232000204602F0F5F9264D264B274A27489A60A9
:1023300012F03EFE2B68BFF35B8FDB0735D42846D7
:1023400021F082FF88B3224C224B234F236004F5F7
:102350009B5604F1140004F12C086060C4F8088056
:10236000E760266107F070FD1C4B6361404607F093
:102370006BFD1B4BE362384607F066FD04F58053A6
:1023800003F55770174AC3F8482302F0C1FC2246F0
:10239000311F304602F058FB304600F00FFC124867
:1023A00022F0AAFE284621F05BFF104802B0BDE8EB
:1023B000F041FFF7E5BB00BF203A012034070020C1
:1023C0008415002054070020380700201400002046
:1023D00088150020006F0208D0280020646E0208D3
:1023E000986E0208CC6E0208D5220008B0060020C4
:1023F000704700000148FFF7D1BB00BFB0060020C6
:1024000070B5264E264C274D274B23603046FFF7EC
:1024100051FE284617F06AFF24480FF0F5FE244BC2
:102420002448DC6000224FF48071C3E91212224973
:102430001A86C3E91A12214983F85820C3E91E01FC
:102440001F49C3F880101F491F480B60F021C3E9E2
:102450000422C3E90622C3E90822C3E90A22C3E928
:102460000E22C3E91022C3E91422C3E917225A66D7
:1024700083F870205A67C3E9016501801348018021
:1024800013484FF4A07101801248018012490A706C
:10249000012283F83420114A1A6070BDE007002041
:1024A0008015002054070020106D02083807002016
:1024B000B0060020000001010100000100045000EE
:1024C0001A001400BC390120B0390120B6390120AE
:1024D000B2390120B8390120B4390120286D020831
:1024E0000148FFF773BC00BFE007002000207047E1
:1024F00081807047C180704701817047418170477A
:102500007047704770477047704710B4C4880368BD
:10251000121B84885B6D091B12B25DF8044B09B273
:1025200018474FF6FF7383814FF0FF330362136840
:10253000C36110607047002070478B888380012042
:102540007047704780F82610704790F82600704753
:1025500010B50022B1F90840B1F90A10028042809A
:102560008480C18010BD0022028042808280C280AF
:1025700070470177704780ED080A704780F8241093
:10258000704780F8251070470120704798307047D9
:102590008C30704784307047704770477047000038
:1025A000034B902283F85A2383F85823704700BFC7
:1025B00000E100E0094A0A49D3680A48C3F30A0364
:1025C000013B9BB20B801169C1F30A010139018003
:1025D0001364536B43F00103536370470068014079
:1025E000462A0020442A0020014BD3F8AC00704753
:1025F00000680140024B0122C3F8AC105A627047D8
:102600000068014010B52C21044621F01BFE204635
:1026100010BD10B5BC21044621F014FE204610BDAB
:1026200070B5044607F00DFF23689D6E0EF08EFB1B
:1026300001462046A8472368054AD3F88C50204617
:10264000AC460023BDE87040A2F51631604700BFDC
:1026500000B004D007F0DCBE07F0E6BE07F0A2BE73
:1026600008F011B890F8252012B103685B6918478B
:10267000704790F825201AB190F8242002B1186014
:1026800070470000034B4FF080629A604FF08072F9
:102690009A60704700E100E0084B4FF08062C3F899
:1026A0008820BFF34F8FBFF36F8F4FF08072C3F856
:1026B0008820BFF34F8FBFF36F8F704700E100E0BA
:1026C00070B50023124E8380124B0360336893F879
:1026D000582005460AB1D86C00B998680368DB6ACF
:1026E00098473368B0FA80F4D86C640930B1036855
:1026F000DB6A9847002808BF44F001042CB9064B58
:10270000064A07482C2122F0D9FC284670BD00BF9C
:10271000BC390120146F0208226502088065020896
:10272000B965020870B5254E3568BFF35B8F15F0AB
:10273000010540D1304621F087FD00283BD0204CD8
:10274000204B256104F13400C4E90035C4E9025589
:10275000E584A562A58510F03CF804F158000AF064
:10276000F7F9194BA3652046184B40F8843BFFF757
:10277000A7FF174BC4F884302433C4F88C304FF4CF
:10278000C803C4E928350023C4F8AC30C4F8B0301D
:10279000C4F8B430C4F8B8300E480F4BC4F89050A9
:1027A000C4F89C50C4F8A850C4F8983022F0A4FC97
:1027B000304621F055FD024870BD00BF482A002078
:1027C0004C2A00207C790208346F0208AC6F0208A2
:1027D000307902089D2500081079020838B5184C98
:1027E00023685BB3174B184A1B6C11888B4216D1B8
:1027F000164B198803F016FF236893F86A2000250A
:10280000013283F86A2083F87C50FFF7B3FA20681E
:1028100008F094FB2846BDE83840FFF7F3B803F012
:1028200001FF2468236820461B6A9847012384F827
:102830007C300020BDE83840FFF70EB938BD00BF3E
:10284000BC39012000680140462A0020442A0020AB
:10285000704708B506291DD8DFE801F00804080C08
:102860001014180001F0A0FF406808BD01F09CFFA3
:102870000068FAE701F098FF8068F6E701F094FF3E
:10288000C068F2E701F090FF0069EEE701F08CFF0D
:102890004069EAE70020E8E710B50421044621F08A
:1028A000D1FC204610BD00000048704704700208AB
:1028B0000720704713B5002451B1036801948DF8C7
:1028C000034001AA9C680DF10303A04702B010BDAC
:1028D0000846FBE7C0897047008A7047C088704788
:1028E00080887047807A00F07F007047807AC00946
:1028F00070470020704700009FED010A704700BF3D
:1029000000000000704710B50821044621F09AFC31
:10291000204610BD7047704700F5987308684968F5
:1029200003C37047704770474160704770477047F6
:10293000064BC0F84C310023C0F8503100F5A273AB
:10294000C0F84801C0F84031704700BFF1290008C5
:10295000012303727047704710B4C2684168541075
:10296000034601EB6200D20748BF0A599B685DF835
:10297000044B48BFD35818470346406830B19A68A3
:102980001AB9D86800F0010070470120704710B5EF
:102990000C21044621F056FC204610BD10B5102134
:1029A000044621F04FFC204610BD10B54FF4AE7127
:1029B000044621F047FC204610BD10B50EF0C6F9C4
:1029C0000368BDE81040DB6B184710B50446D0F82B
:1029D000400158B10368DB68984738B1D4F840012A
:1029E00003689B6898470023C4F8403110BD00007D
:1029F0002DE9F14FD0E9556A0746B06803681B6AB4
:102A0000984741F21333984205D8444B444AA321D6
:102A1000444822F053FB706803681B6A98470F28EC
:102A200003D8414B3E4AA421F2E7F06803681B6AD1
:102A300098470B2803D83D4B394AA521E8E70EF00B
:102A400085F9DFF8F09004300EF0BEF9D9F80000F7
:102A500010B10368DB689847D9F8000010B103682B
:102A60001B689847DFF8D080D8F8000010B10368E1
:102A70005B699847D7F83C0110B103685B689847D9
:102A8000D8F8000010B103681B689847D7F83C01DC
:102A900010B103689B689847F068036800215B6A7F
:102AA00098474FF0000B224BC0F804B0044680F862
:102AB00008B00360B068036859465B6A98470546EA
:102AC00002F026F87068036859465B6A9847294601
:102AD000064601F0FBFF331DC7F83C61C9F8004012
:102AE000C8F80050CAF800302B68C6F808A028467D
:102AF000DB68EE639847336830461B689847214689
:102B0000284610F0EBFA236820461B699847236893
:102B10005B69204601B0BDE8F04F18471B6602080C
:102B2000A966020881670208C86702086B68020884
:102B300014710208043A0120003A0120044B1B687A
:102B400093F858200AB1D86C00B99868704700BF54
:102B5000BC390120F8B5174604460E460EF0D2F9EE
:102B6000124B1C60124B2360124B0025C4E95135F7
:102B7000114BC4E953551868036801219B68C4E9E7
:102B80004F55C4E955769847284601F0C1FDFFF737
:102B9000D5FF19F054FAFFF7D1FF19F0CBFAFFF780
:102BA000CDFF19F0D3FA2046F8BD00BF103A01203E
:102BB000C0700208A8700208BC390120064BC0F89A
:102BC0004C310023C0F8503100F5A273C0F8480121
:102BD000C0F84031704700BFF1290008806A704793
:102BE000704770477047704730B4C26844685510EA
:102BF000034604EB6200D20748BF62599B6830BCB1
:102C000048BFD35818470346406830B19A681AB98C
:102C1000D86800F0010070470120704710B51021FE
:102C2000044621F00FFB204610BD10B5F8210446E4
:102C300021F008FB204610BD00F1A0028A4203D11A
:102C40000368D3F88C30184770470000074A0260C9
:102C50000022C0E90122C0E90322C0E90522C0E93F
:102C600007224FF480728284704700BF687D02089B
:102C700070B5036804461B6B1546984723682946C0
:102C800020465B6BBDE8704018470000F8B5194B53
:102C9000018F1B888B4206462AD9174B1B682BB91C
:102CA000164B174A17486C2122F008FA13F8112026
:102CB000154B1B6853F82250144B186801F064FD43
:102CC0002B6807469B6B284698472B6804469B6CED
:102CD0003946284698472B6814FB00F45B6A39464E
:102CE00028469847A4B223181BB2A6F84630F8BD70
:102CF0000023FAE7183A0120143A01200E6902086D
:102D0000506902088B6902081C3A0120203A012010
:102D10002DE9F047044688B026460025FFF796FFC8
:102D20004D4BA56246F82C3B4FF0260842462946FB
:102D3000304622F0CAFB3046FFF788FF474BE3627C
:102D400004F15807FF234246294684F8523065654E
:102D5000384622F0BAFB3846FFF778FF404BA365B0
:102D60004FF6FF7304F1A0084FF0FF39DFF800A120
:102D7000A4F884304FF47F03C4F88C30C4E926955E
:102D8000C4F880A0C4F88850A4F89050C4F89450B7
:102D900040460BF017F8334BC4E93A34324BC4E9E0
:102DA0003C354FF0C8132A46A36029463046FFF74A
:102DB0005FFF3046C821FFF79FFB3046C821FFF771
:102DC0009DFB2A4B63653146204607F04FF86E465F
:102DD000372238460B21FFF74BFF39463046C4F8FF
:102DE0008890A4F88C500AF0C5F996E8070004F121
:102DF000940383E8070018230DEB03013846ADF870
:102E00001C30CDF818A00AF05DFC3946204607F0CA
:102E10002DF8404678223221FFF72AFF06AA05A99D
:102E20004046ADF81450ADF818500AF09EFC162339
:102E3000A4F8D8304046FFF729FF04F1E803204604
:102E4000C4E93799C4F8C830414607F00FF8204666
:102E500008B0BDE8F08700BF50710208447B02084B
:102E6000B47A020838710208392C0008929296FF51
:102E7000987002087047704770477047704730B5C8
:102E8000036885B06D460181D3F88430014604465D
:102E90002846984795E807003C3484E8070005B0C9
:102EA00030BD30B5036885B06D464181D3F88430BC
:102EB000014604462846984795E807003C3484E8D4
:102EC000070005B030BD0022028042808280C280AF
:102ED000704780F83610704770B5036804461B6B66
:102EE000154698472368294620465B6EBDE870402A
:102EF000184700207047806C7047704770477047D4
:102F000030B4C26844685510034604EB6200D2072F
:102F100048BF62599B6830BC48BFD3581847034626
:102F2000406830B19A681AB9D86800F0010070475B
:102F30000120704710B54C21044621F083F920464A
:102F400010BD10B51021044621F07CF9204610BDBB
:102F500010B5044600F5967001F080FF04F580502E
:102F6000043002F033F804F58A500430BDE8104014
:102F700001F09CBD08B5FFF775FB08BD00F1F0023C
:102F80008A4202D10368DB6A18477047036870B54C
:102F90005E6B124B1B6804468DB22BB9104B114A65
:102FA0006C21114822F08AF81049828D09889142DB
:102FB00003D80F4B0B4A6D21F3E713F812200D4B8A
:102FC0001B6853F8220003681B6B9847291A334685
:102FD000204609B2BDE87040184700BF143A0120EE
:102FE0000E690208506902088B690208183A01202C
:102FF000D26902081C3A012000224FF0FF31C0E9DB
:10300000002182607047000038B500F580550D4BF7
:10301000036004460C4BC5F8443100F58A50043077
:10302000FFF7E0FD094B6B602846043001F0E2FB3E
:10303000074BC4F82C3104F5967000F069FA20466D
:1030400038BD00BF90720208D4750208607702088C
:10305000CC76020810B50446FFF7D6FF204641F2B1
:103060000C3121F0EFF8204610BD70B504461D4626
:10307000BDF91060FFF7FCFD2368294620469B6BD5
:103080009847236831462046DB6BBDE870401847FF
:103090004FF4807181840E4981624FF6FF71818502
:1030A0004FF47F0141630B49016000224FF0FF3173
:1030B000C0E90122C0E90322C0E90522C0E90722D4
:1030C000C0E9101202630287C2638264704700BFC6
:1030D00098700208E87102082DE9F04F044693B099
:1030E0000FF050FEC94B2360C94B0025C4E91035D1
:1030F0004FF4807304F16C07A4F86430FF234FF69B
:10310000FF7684F8663010A93846C4E91255C4E940
:103110001455C4E91655E5632566A566ADF840600B
:1031200009F07EFD04F1980310A918460393ADF849
:10313000406009F075FD04F1C40310A9184604931A
:10314000ADF8406009F06CFD04F1F00318460593FA
:1031500004F5805B0AF0D8FC04F5967318460BF171
:10316000040B04F58A58069308F1040801F0EAFDFF
:10317000584601F021FF404601F08EFC04F59153C2
:103180001C3304F5945A18460AF1080A0293FFF713
:103190007FFF5046FFF77CFF9E4B04F58056C6E943
:1031A000BF349D4BC6E9C1354FF4A0732A4604F1E4
:1031B000400000932946F0230790FFF756FF079839
:1031C00004F104094FF07F430146A366484606F028
:1031D0004DFE0123384610A9ADF840300AF0BBFC83
:1031E0004FF4A0732A46384600932946F023FFF790
:1031F0003CFF3846294609F0CEFC3946484606F0E1
:1032000035FE282703230398ADF8403010A90AF0B3
:10321000A2FC05226423039800970F21FFF725FFE6
:103220000398294609F0B7FC0399484606F01EFEAC
:1032300006230498ADF8403010A90AF08CFCC8238E
:1032400040F20712049800971421FFF70EFF04982C
:10325000294609F0A0FC0499484606F007FE0598A7
:103260004FF48272A521FFF703FD0423ADF834303B
:10327000ADF838300223ADF83C30ADF8403010AB3B
:103280000EAA059800930DA90FAB0AF0A8FB6123C5
:10329000C4F8283104F597531C33C4F81831059944
:1032A000484606F0E3FD322206981421FFF7E0FCC1
:1032B0000699484606F0DAFD322258461421FFF7F7
:1032C000D7FC5946484686F8295006F0CFFD3222F1
:1032D00040461421FFF7CCFC4146484686F8695128
:1032E00006F0C4FD1E220298DFF84CB17821FFF7EA
:1032F000BFFC4FF07F43C6F86C32D6F83C320299DF
:10330000D3F88430A6F8705208AF3846984797E84B
:103310000700029B3C3383E80700DBF8003004F52C
:10332000965808F114082BB93C4B3D4A60213D48A2
:1033300021F0C4FE3C4B1B88112B03D83B4B384A71
:103340006121F4E73A4B1121186801F01DFA394A5E
:1033500003460A21404611F01DFE0298C6F88482F9
:103360000AF090F9DFF8D4800298CDF84080142359
:1033700010A9ADF844300AF0A5F90299484606F0C4
:1033800075FD0F2278215046FFF772FCD6F888327F
:10339000A6F8BC524FF07F42D3F88430C6F8B8226A
:1033A00051463846984797E807000AF13C0383E8FE
:1033B0000700DBF8003004F597550835002BB3D033
:1033C000194A1388122BB9D9194B1221186801F028
:1033D000DBF9184A03460A21284611F0DBFD504666
:1033E000C6F8D0520AF04EF9152310A95046ADF890
:1033F0004430CDF840800AF065F94846514606F061
:1034000035FD204613B0BDE8F08F00BF9072020872
:10341000447B0208787202087D2F00080E690208BA
:10342000106A02088B690208183A0120D269020862
:10343000203A01205B6A0208143A012098700208C1
:10344000406A7047806A704770478A880B8810B559
:10345000D20A4C88C1699BB251F8220043EA044366
:10346000184410BD10B50446BAB1107B68B1537B47
:10347000D27A1B0203F4E0631A43236A03EB82034C
:103480001A888A4202D193F9020010BD05D801388A
:1034900080B204330028F3D1F7E70020F5E710B538
:1034A0002C21044620F0CEFE204610BD30B58BB056
:1034B0000446BDF860500895BDF85C5007959DF82E
:1034C000505006959DF84C5005959DF84850049530
:1034D0009DF8445003959DF8405002959DF83C504E
:1034E0000195BDF8385000950FF030FA064B236077
:1034F000159BE361169B2362199B63621A9BA3626F
:1035000020460BB030BD00BFC8720208704770473C
:1035100070477047A0F850107047B0F850007047DF
:1035200001867047008E704710B56021044620F078
:1035300089FE204610BD10B54821044620F082FEC9
:10354000204610BD10B540F69851044620F07AFE92
:10355000204610BD08B590F826300BB1FFF782F871
:1035600008BD90F84C3070B50446002B4AD0B0F836
:103570004E00B4F85030013080B29842A4F84E00AA
:1035800040D3B4F85450B4F85620A66D521BC01A5C
:1035900012B2B4F85230002180B2B04794F836200D
:1035A0000544ABB22DB2AA4205D02DBB2046FFF791
:1035B00059F884F83650B4F85030B4F85210B4F8D2
:1035C0004E200B449A421DD3002384F84C30A4F8BB
:1035D00052300DF0BBFB214604300DF0DCFBE06DFA
:1035E00080B10368DB68984760B1E06D03682146ED
:1035F0009B68BDE87040184784F836302046FFF7D6
:1036000031F8D8E770BD90F82C302DE9F041044630
:10361000002B41D0C38D028E01339BB29342C385F0
:103620003AD39B1A9DB2028F838EC66BD21A12B206
:10363000438E00212846B047E38E628F276CD21A52
:103640000646638E12B200212846B847E38EC218A0
:10365000A38EF11812B209B22046FEF756FF238E50
:10366000618EE28D0B449A4216D3002384F82C30ED
:10367000E3850DF06BFB214604300DF08CFB606C94
:1036800050B10368DB68984730B1606C036821462D
:103690009B68BDE8F0411847BDE8F08110B50446CD
:1036A000FFF7D4FA024B23600023A362204610BD2B
:1036B0005078020810B526220446002121F005FFAB
:1036C0002046FFF7C3FA044B2360FF2384F826301B
:1036D0000023A362204610BD447B020800224FF065
:1036E000FF31C0E9002182607047000010B5044638
:1036F000FFF7E0FF064B23600023C4E90C33C4E965
:103700000E33C4E9103384F82C30E385204610BD15
:103710003073020838B526220446002121F0D5FE78
:103720002046FFF793FA0E4B23600E4BA3624FF631
:10373000FF730025A3854FF47F03C4E90C5325874D
:1037400004F13C00FFF7CAFF074BA564236084F82F
:103750004C50A4F84E50A4F85050E565204638BDB2
:10376000B47A020898700208A07302082DE9F04F9D
:103770000446B9B02646FFF791FFDA4B46F82C3BDA
:103780003046FFF797FF04F1580304F1840518460B
:1037900004F1CC0A0693FFF781FF2846FFF7A6FF46
:1037A0005046FFF7B7FF04F5967318460793FFF7E7
:1037B00075FF04F5AC7318462193FFF797FF04F5E6
:1037C000D07318460293FFF7A5FF04F5007318465F
:1037D0000893FFF763FF04F50B7318462293FFF776
:1037E00085FF04F51D7318460393FFF793FF04F557
:1037F000357318460993FFF751FF04F540731846D7
:103800002393FFF773FF04F5527318460493FFF7F1
:1038100081FF04F56A7318460A93FFF73FFF04F52A
:10382000757318462493FFF761FF04F21C43184692
:103830000593FFF76FFF04F27C4318460B93FFF7E5
:103840002DFF04F5956318462593FFF74FFF04F508
:103850009E6318461693FFF75DFF04F5AA631846AA
:103860000C93FFF71BFF04F27C5318462693FFF7D7
:103870003DFF04F2C45318461793FFF74BFF04F2C1
:10388000246318460D93FFF709FF04F5CA63184631
:103890002793FFF72BFF04F5D36318461893FFF720
:1038A00039FF04F5DF6318460E93FFF7F7FE04F2C5
:1038B000247318462893FFF719FF04F26C73184617
:1038C0001993FFF727FF04F2CC7318460F93FFF705
:1038D000E5FE04F5FF6318462993FFF707FF04F59B
:1038E000046318461A93FFF715FF04F50A63184698
:1038F0001093FFF7D3FE04F6CC0318462A93FFF784
:10390000F5FE04F6141318461B93FFF703FF04F6A5
:10391000741318461193FFF7C1FE04F51A63184695
:103920002B93FFF7E3FE04F6E81318461C93FFF70A
:10393000F1FE04F6482318461293FFF7AFFE04F693
:10394000742318462C93FFF7D1FE04F6BC231846C7
:103950001D93FFF7DFFE04F61C3318461393FFF7A1
:103960009DFE04F6483318462D93FFF7BFFE04F57D
:10397000396318461E93FFF7CDFE04F53F631846E2
:103980001493FFF78BFE04F61C4318462E93FFF7A3
:10399000ADFE04F6644318461F93FFF7BBFE04F622
:1039A000C44318461593FFF779FE04F54F63184694
:1039B0002F93FFF79BFE04F6385318462093FFF72A
:1039C000A9FE4FF0C813A3600022C823114600933C
:1039D0003046FFF74AFB444B6365314620462D26AF
:1039E00006F044FA97220698009633461146FFF7F0
:1039F0003CFB00221146009633462846FFF735FB74
:103A00003A4B0698C4F8AC304FF00F09294606F03F
:103A10002DFA33464A465046CDF800900021FFF774
:103A200024FBD4F8CC3000270DF1C0084FF07F42C2
:103A3000C4F8FC2051464046D3F88430A4F8007105
:103A4000984798E80700D4F8CC304FF0060B04F5FF
:103A5000847585E80700D3F8843084F805B15146B1
:103A60004046984798E8070085E8070035AD204AAA
:103A7000359229465046ADF8D89009F023FE0698B5
:103A8000514606F0F3F90699204606F0EFF907983B
:103A90000096334697226621FFF7E7FA3A462198C7
:103AA000009633463946FFF7E0FA104B2199079804
:103AB000C4F8803106F0DAF94A460298CDF8009051
:103AC00033463946FFF7D1FAD4F8A031A4F8D471BF
:103AD0004FF07F41C4F8D01140460299D3F88430AA
:103AE00008E000BF38740208A0ADBBFFB4C1CDFF31
:103AF00098700208984798E80700D4F8A03104F5B8
:103B0000EE7A8AE80700D3F88430029984F8D9B1B4
:103B10004046984798E807000D238AE80700CF4AF7
:103B2000029835922946ADF8D83009F0CBFD0299BC
:103B3000079806F09BF90799204606F097F9089830
:103B40000096334697223521FFF78FFA3A4622989E
:103B5000009633463946FFF788FAC14B22990898F8
:103B6000C4F8543206F082F94A460398CDF8009022
:103B700033463946FFF779FAD4F87432A4F8A872BC
:103B80004FF07F41C4F8A41240460399D3F8843023
:103B9000984798E80700D4F8743204F52C7A8AE83C
:103BA0000700D3F88430039984F8ADB240469847B3
:103BB00098E807000C238AE80700A84A0398359282
:103BC0002946ADF8D83009F07DFD0399089806F034
:103BD0004DF90899204606F049F9099800963346B0
:103BE00097220421FFF741FA3A462398009633467C
:103BF0003946FFF73AFA9A4B23990998C4F82833C3
:103C000006F034F94A460498CDF800903346394618
:103C1000FFF72BFAD4F84833A4F87C734FF07F41B8
:103C2000C4F8781340460499D3F88430984798E84C
:103C30000700D4F8483304F5617A8AE80700D3F81E
:103C40008430049984F881B34046984798E8070087
:103C50000B238AE80700814A049835922946ADF87B
:103C6000D83009F02FFD0499099806F0FFF809995A
:103C7000204606F0FBF80A98009633466622972104
:103C8000FFF7F3F93A462498009633463946FFF792
:103C9000ECF9734B24990A98C4F8FC3306F0E6F863
:103CA0004A460598CDF8009033463946FFF7DDF9CE
:103CB000D4F81C34A4F850744FF07F41C4F84C146D
:103CC00040460599D3F88430984798E80700D4F81F
:103CD0001C3404F58B6A8AE80700D3F88430059910
:103CE00084F855B44046984798E807000A238AE8C4
:103CF00007005A4A059835922946ADF8D83009F0A0
:103D0000E1FC05990A9806F0B1F80A99204606F0F8
:103D1000ADF866220B98009633461146FFF7A5F9D9
:103D20003A462598009633463946FFF79EF94C4BA4
:103D300025990B98C4F8D03406F098F833464A46D3
:103D40001698CDF800903946FFF78FF94FF07F4174
:103D5000C4F82015A4F824752846FFF7BFFC95E8A1
:103D6000070004F22C5888E8070084F829B5284693
:103D7000FFF7B4FC95E80700092388E80700374AF5
:103D8000169835922946ADF8D83009F09BFC169963
:103D90000B9806F06BF80B99204606F067F80C9824
:103DA0000096334666223521FFF75FF93A4626989A
:103DB000009633463946FFF758F9294B26990C9857
:103DC000C4F8A43506F052F833464A461798CDF8A1
:103DD00000903946FFF749F94FF07F41C4F8F415D8
:103DE000A4F8F8752846FFF779FC95E8070004F574
:103DF000C06888E8070084F8FDB52846FFF76EFC28
:103E000095E80700082388E80700144A17983592B8
:103E10002946ADF8D83009F055FC17990C9806F0F2
:103E200025F80C99204606F021F80D9800963346A7
:103E300066220521FFF719F93A462798009633467E
:103E40003946FFF712F9064B27990D98C4F87836D2
:103E500006F00CF833464A4604E000BF98700208AA
:103E6000B4C1CDFF1898CDF800903946FFF7FDF8A2
:103E70004FF07F41C4F8C816A4F8CC762846FFF767
:103E80002DFC95E8070004F2D46888E8070084F860
:103E9000D1B62846FFF722FC95E80700072388E8FB
:103EA0000700D34A189835922946ADF8D83009F062
:103EB00009FC18990D9805F0D9FF0D99204605F0D9
:103EC000D5FF0E980096334635229721FFF7CDF89F
:103ED0003A462898009633463946FFF7C6F8C54B50
:103EE00028990E98C4F84C3705F0C0FF33464A466F
:103EF0001998CDF800903946FFF7B7F84FF07F4199
:103F0000C4F89C17A4F8A0772846FFF7E7FB95E8CC
:103F1000070004F5F56888E8070084F8A5B7284687
:103F2000FFF7DCFB95E8070088E80700B04A19981E
:103F300035922946ADF8D8B009F0C4FB19990E980E
:103F400005F094FF0E99204605F090FF0F9800961B
:103F5000334635226621FFF788F83A4629980096BD
:103F600033463946FFF781F8A24B29990F98C4F8D8
:103F7000203805F07BFF33464A461A98CDF800906A
:103F80003946FFF772F84FF07F41C4F87018A4F873
:103F900074782846FFF7A2FB95E8070004F67C0832
:103FA00088E8070084F879B82846FFF797FB95E87A
:103FB0000700052388E807008D4A1A98359229469C
:103FC000ADF8D83009F07EFB1A990F9805F04EFF36
:103FD0000F99204605F04AFF352210980096334687
:103FE0001146FFF742F83A462A980096334639467A
:103FF000FFF73BF87F4B2A991098C4F8F43805F086
:1040000035FF33464A461B98CDF800903946FFF7F6
:104010002CF84FF07F41C4F84419A4F84879284699
:10402000FFF75CFB95E8070004F5156888E80700D2
:1040300084F84DB92846FFF751FB95E8070088E85A
:1040400007004FF004086A4A1B9835922946ADF8DC
:10405000D88009F037FB1B99109805F007FF1099DD
:10406000204605F003FF119800963346414635225D
:10407000FEF7FBFF3A462B98009633463946FEF78B
:10408000F4FF5C4B2B991198C4F8C83905F0EEFE8B
:1040900033464A461C98CDF800903946FEF7E5FFB6
:1040A0004FF07F41C4F8181AA4F81C7A2846FFF78D
:1040B00015FB95E8070004F6242A8AE8070084F82F
:1040C00021BA2846FFF70AFB95E8070003238AE890
:1040D0000700474A1C9835922946ADF8D83009F0B8
:1040E000F1FA1C99119805F0C1FE1199204605F0CE
:1040F000BDFE12980096334642469721FEF7B5FF63
:104100003A462C98009633463946FEF7AEFF394BB7
:104110002C991298C4F89C3A05F0A8FE33464A46FA
:104120001D98CDF800903946FEF79FFF4FF07F4174
:10413000C4F8EC1AA4F8F07A2846FFF7CFFA95E80D
:10414000070004F6F82A8AE8070084F8F5BA28463A
:10415000FFF7C4FA95E8070002238AE80700244A1B
:104160001D9835922946ADF8D83009F0ABFA1D9963
:10417000129805F07BFE1299204605F077FE139801
:104180000096334642466621FEF76FFF3A462D9869
:10419000009633463946FEF768FF164B2D99139863
:1041A000C4F8703B05F062FE33464A461E98CDF8CF
:1041B00000903946FEF759FF4FF07F41C4F8C01B0D
:1041C000A4F8C47B2846FFF789FA95E8070004F6AF
:1041D000CC3A8AE8070084F8C9BB2846FFF77EFA84
:1041E00095E807008AE80700014A1E9804E000BF2E
:1041F00098700208B4C1CDFF35924FF0010A2946EC
:10420000ADF8D8A009F05EFA1E99139805F02EFEBD
:104210001399204605F02AFE14980096334642462C
:104220003521FEF722FF3A462E980096334639464E
:10423000FEF71BFF404B2E991498C4F8443C05F040
:1042400015FE33464A461F98CDF800903946FEF7D2
:104250000CFF4FF07F41C4F8941CA4F8987C2846CA
:10426000FFF73CFA95E8070004F54A6383E8070086
:1042700084F89DBC28460293FFF730FA95E80700C2
:10428000029BADF8D87083E807002C4A1F9835923E
:10429000294609F017FA1F99149805F0E7FD1499BB
:1042A000204605F0E3FD1598009633464246414608
:1042B000FEF7DBFE3A462F98009633463946FEF766
:1042C000D4FE1D4B2F991598C4F8183D05F0CEFD6E
:1042D0004A4639462098CDF800903346FEF7C5FE91
:1042E0004FF07F43C4F8683DA4F86C7D2846FFF783
:1042F000F5F995E8070004F6745686E8070084F897
:1043000071BD2846FFF7EAF995E8070086E807003F
:104310000A4A209835922946ADF8D8A009F0D2F97A
:104320002099159805F0A2FD2046159905F09EFDEF
:10433000204639B0BDE8F08FB4C1CDFF98700208B7
:104340007047000030B5164D2C6814F001048FB092
:10435000BFF35B8F20D128461FF076FFE0B13F23EB
:104360000993104B0893104B104911480A94CDE95A
:1043700006430423CDE902430A2300930122CDE939
:104380000B44CDE904440194FFF790F8094820F06C
:10439000B3FE28461FF064FF05480FB030BD00BFD4
:1043A000082B00202C9C0208449C020888980208D4
:1043B0000C2B0020414300087047000030B5164D1B
:1043C0002C6814F001048FB0BFF35B8F20D1284616
:1043D0001FF03AFFE0B13F230993104B0893104BB5
:1043E000104911480A94CDE906430423CDE902435C
:1043F0000A2300931522CDE90B44CDE9044401942E
:10440000FFF754F8094820F077FE28461FF028FFF0
:1044100005480FB030BD00BF382B0020309C02088B
:10442000489C0208989802083C2B0020B9430008D9
:104430007047000030B5164D2C6814F001048FB0A1
:10444000BFF35B8F20D128461FF0FEFEE0B13F2373
:104450000993104B0893104B104911480A94CDE969
:1044600006430423CDE902430E2300930B22CDE93A
:104470000B44CDE904440194FFF718F8094820F0F3
:104480003BFE28461FF0ECFE05480FB030BD00BFD4
:10449000682B0020349C02084C9C0208C09902083A
:1044A0006C2B0020314400087047000030B5164DD9
:1044B0002C6814F001048FB0BFF35B8F20D1284625
:1044C0001FF0C2FEE0B13F230993104B0893104B3D
:1044D000104911480A94CDE906430423CDE902436B
:1044E0000F2300930E22CDE90B44CDE9044401943F
:1044F000FEF7DCFF094820F0FFFD28461FF0B0FE64
:1045000005480FB030BD00BF982B0020389C020832
:10451000509C02085C9A02089C2B0020A9440008C9
:104520007047000030B5164D2C6814F001048FB0B0
:10453000BFF35B8F20D128461FF086FEE0B13F23FA
:104540000993104B0893104B104911480A94CDE978
:1045500006430423CDE902431B2300930A22CDE93D
:104560000B44CDE904440194FEF7A0FF094820F074
:10457000C3FD28461FF074FE05480FB030BD00BFD4
:10458000C82B00203C9C0208549C0208209B020877
:10459000CC2B0020214500087047000030B5164D97
:1045A0002C6814F001048FB0BFF35B8F21D1284633
:1045B0001FF04AFEE8B13F230993104B0893104BBC
:1045C000104911480A94CDE906430423CDE902437A
:1045D0002323009309222423CDE90B44CDE904448D
:1045E0000194FEF763FF094820F086FD28461FF07E
:1045F00037FE05480FB030BDF82B0020409C020864
:10460000589C0208AC9B0208FC2B0020994500082E
:1046100000207047002070470EB403B503AB0021A3
:1046200053F8042B01930DF033FC02B05DF804EB5A
:1046300003B070470CB407B504AB53F8042B0193D7
:104640000DF026FC03B05DF804EB02B070470000EB
:1046500010B504460EF0CEFDE38E04EB4303588400
:10466000636C5BB3238F2BB9174B184AC5211848CD
:1046700020F024FD10B320460FF0E3FE238F012B22
:1046800003D8144B144ACB21F1E7E28E531C9BB2A2
:10469000092B194688BFA3F10A0104EB410140F63A
:1046A0003F10498C814209D10A2B04EB420228BFFA
:1046B000002304EB4303508C588451842046BDE80A
:1046C00010400FF0C1BD00BF5E6A0208676A0208B1
:1046D000126B02085C6B02086A6B020810B5044694
:1046E0000FF079FD2046BDE810400EF07EBD10B5FC
:1046F00086B002AC84E806001A460AAB0593019323
:10470000099B00932146089B0BF08AFE06B010BD62
:1047100038B518BB124B13481C681349B4B1226852
:1047200022440260626822440A60A26814440F4B6B
:1047300000221A8000F038F8054600F033F80C4BE0
:104740001C600C4B1D600C4B188007E00B4B03608A
:104750000B4B0B600B4B1C68002CE8D138BD00BF25
:10476000342C00202C2C0020282C0020302C002061
:10477000143A01201C3A0120183A01205C9C0208DE
:10478000D89C0208409D0208044B1B6853F8210086
:10479000034B1B6803EB4000704700BF282C002030
:1047A0002C2C00201A20704700487047382C00201D
:1047B00010B5FFF7C7FD094C2060FFF7EFFE606002
:1047C000FFF738FEA060FFF7ADFEE060FFF76EFE7A
:1047D0002061FFF7F3FD606110BD00BF382C0020A1
:1047E00010B5002404600C6014601C6010BD70479C
:1047F000704770477047704730B4C26844685510BE
:10480000034604EB6200D20748BF62599B6830BC84
:1048100048BFD35818470346406830B19A681AB960
:10482000D86800F0010070470120704710B51021D2
:1048300004461FF007FD204610BD10B54FF4A071CF
:1048400004461FF0FFFC204610BD00F1A003994272
:1048500070B504460D4603D10368D3F88C309847F1
:1048600004F1E8039D4206D123682046D3F8903036
:10487000BDE87040184770BD2DE9F04F044689B07F
:1048800026460025FEF7E2F95D4BA56246F82C3B73
:104890004FF0260842462946304620F016FE3046A4
:1048A000FEF7D4F9574BE36204F15807FF23424661
:1048B000294684F852306565384620F006FE3846B1
:1048C000FEF7C4F9504BA3654FF6FF7304F1A00A3D
:1048D0004FF0FF39DFF844B1A4F884304FF47F0380
:1048E00004F1E808C4F88C30C4E92695C4F880B017
:1048F000C4F88850A4F89050C4F89450504609F079
:1049000061FA404609F05EFA404BC4E94C34404B32
:10491000C4E94E354FF0C8132A46A36029463046F5
:10492000FEF7A6F93046C821FDF7E6FD3046C8215E
:10493000FDF7E4FD374B63653146204605F096FAF6
:10494000182238460B21FEF793F96E46324BC4F815
:10495000883039463046A4F88C5008F00BFC96E8B5
:10496000070004F1940383E80700192306A93846D9
:10497000ADF81C30CDF818B008F0A4FE394620463A
:1049800005F074FA504650223221FEF771F906AA5A
:1049900005A95046ADF81450ADF8185008F0E5FEE2
:1049A0001723A4F8D830504604F59876FEF76EF930
:1049B00051462046C4E93799C4F8C86005F056FA54
:1049C000404682223221FEF753F906AA05A9404645
:1049D000ADF81450ADF8185008F0C7FE1023A4F835
:1049E00020314046FEF752F92046C4E94999C4F8FF
:1049F0001061414605F03AFA204609B0BDE8F08F53
:104A0000E4740208447B0208B47A0208CC740208F9
:104A10004B4800088C8CFFFFF7F7FFFF98700208E7
:104A2000704710B54FF4AE7104461FF00BFC2046E2
:104A300010BD10B50446D0F8580100F06CF92046BE
:104A4000BDE810400CF01EBA10B50446FEF782F81F
:104A5000014B2360204610BD80750208034B186887
:104A600010B10368DB6A1847704700BF502C002064
:104A700010B5034B03600446FEF7B4F8204610BDA2
:104A8000D475020810B50446FFF7F2FF2046F8215E
:104A90001FF0D8FB204610BD10B50446FEF738F9CC
:104AA000014B2360204610BDD4750208FEF79BB869
:104AB000704704387047704710B5102104461FF046
:104AC000C1FB204610BDA0F10400F5E70022826082
:104AD000024A026018324260C16070476C76020878
:104AE0007047000010B5034B03600446FEF78CFAD4
:104AF000204610BD9476020810B50446FFF7F2FF79
:104B0000204641F214311FF09DFB204610BD0000ED
:104B100010B50446FEF7E0FA014B2360204610BDB5
:104B20009476020870B50446FEF712FA04F5967002
:104B300000F094F9114B1C60FBF784FF04F58056DC
:104B400004F59655143503460D4AC6F80C030A21A0
:104B5000284610F01FFA04F59150C6F884521C3014
:104B60000DF09DFA4FF0FF33C6F81033054B0022CD
:104B7000BDE870401A70FBF79FBE00BF502C0020AC
:104B80003C6C0208E503002070B500F58056002556
:104B900000F58A5086F8695104300DF080FA3046ED
:104BA00086F8295004300DF07AFA034B1D70BDE8E9
:104BB0007040FBF781BE00BFE503002000F5805385
:104BC00010B51846012483F8294004300DF067FA27
:104BD000014B1C7010BD00BFE403002000F58053A2
:104BE00010B500F58A50012483F8694104300DF0B6
:104BF00056FA014B1C7010BDE403002000F58053F1
:104C000010B51846002483F8294004300DF047FA07
:104C1000034B01221A70034B1C60034B1C7010BD28
:104C2000E5030020A0030020E4030020F8B500F510
:104C300080550646D5F810338B420C462DD000F532
:104C4000975708370B46154AC5F8101338460A21FE
:104C500010F0A0F906F59450C5F8D07208300DF0A8
:104C60001EFAD5F80C33A34217DA06F59657143717
:104C700023460A4AC5F80C430A21384610F08AF93F
:104C800006F59150C5F884721C300DF008FAD5F87D
:104C90000C03BDE8F840FBF7CDBEF8BD3C6C020844
:104CA000184B1A782DE9F04104460AB300221A7015
:104CB000154B1968FFF7BAFF144B1B68012B19D06D
:104CC000022B1BD0FBF7C4FE0026074604F59674A2
:104CD00007EB0618002558F825302A4631462046AD
:104CE000013500F039F8042DF5D10136042EEFD14D
:104CF000BDE8F0812046FFF761FFE3E72046FFF7BC
:104D00006DFFDFE7800600209C030020A003002049
:104D1000002202607047704710B5034B03600446E1
:104D2000FEF7F6FB204610BDCC76020810B504460F
:104D3000FFF7F2FF204640F6D8611FF083FA2046C5
:104D400010BD000010B50446FEF710FD014B2360B6
:104D5000204610BDCC7602082DE9F04102EB81051A
:104D600000EB85051C46D5F8986E002E5AD0D5F874
:104D7000585E6BB986F825302B4BAB622B68284602
:104D80005B699847336830465B69BDE8F041184776
:104D90000C277A4302F69852302707FB0121471867
:104DA000224A0621384610F0F5F80123B76486F848
:104DB0002530002DE6D0402C28D013DC082C27D03D
:104DC00008DC022C26D01A4A1A4B042C08BF1A46BB
:104DD000AA62D3E7102C1FD0154A174B202C08BF0E
:104DE0001A46F5E7B4F5007F18D008DC802C17D000
:104DF0000F4A124BB4F5807F08BF1A46E8E70C4A09
:104E00000F4BB4F5806F08BF1A46E1E70D4ADFE7A4
:104E10000D4ADDE70D4ADBE70D4AD9E70D4AD7E732
:104E20000D4AD5E7BDE8F081B4C1CDFF3C6C020866
:104E3000C8C8C8FF5A14F0FFD69500FFA5D729FFB0
:104E40009B065FFF7B00CEFF1BC9FFFFFF0096FFA5
:104E50006395F5FF2400FFFF1855FFFF10B50446CA
:104E6000FEF757FB04F63853C4F8983E04F54F6339
:104E7000C4F8583E04F66443C4F89C3E04F61C4350
:104E8000C4F85C3E04F53963C4F8A03E04F6483328
:104E9000C4F8603E04F6BC23C4F8A43E04F67423B0
:104EA000C4F8643E04F6E813C4F8A83E04F51A6397
:104EB000C4F8683E04F61413C4F8AC3E04F6CC0300
:104EC000C4F86C3E04F50463C4F8B03E04F5FF6317
:104ED000C4F8703E04F26C73C4F8B43E04F2247358
:104EE000C4F8743E04F5D363C4F8B83E04F5CA634D
:104EF000C4F8783E04F2C453C4F8BC3E04F27C53B8
:104F0000C4F87C3E04F59E63C4F8C03E04F5956386
:104F1000C4F8803E04F21C43C4F8C43E04F5757323
:104F2000C4F8843E04F55273C4F8C83E04F54073D7
:104F3000C4F8883E04F51D73C4F8CC3E04F50B7329
:104F4000C4F88C3E04F5D073C4F8D03E04F5AC73BD
:104F5000C4F8903E04F1CC03C4F8D43E04F18403B9
:104F6000C4F8943E10BD0000034B186810B10368EC
:104F7000DB6A1847704700BF502C0020024B1868AE
:104F800008B1FFF73BBE7047502C002010B5034B13
:104F900003600446FFF72EFC204610BD6077020830
:104FA00010B50446FFF7F2FF20464FF4A0711FF042
:104FB00049F9204610BD000010B50446FFF75CFC1F
:104FC000014B2360204610BD60770208FFF713BC39
:104FD000F02070474FF4A07070472920FCF76CB8A0
:104FE0002820FCF769B808B5FCF73AF8CA20FCF7A6
:104FF00063F8C320FCF744F80820FCF741F8502080
:10500000FCF73EF8CF20FCF757F80020FCF738F803
:10501000C120FCF735F83020FCF732F8ED20FCF722
:105020004BF86420FCF72CF80320FCF729F8122039
:10503000FCF726F88120FCF723F8E820FCF73CF881
:105040008520FCF71DF80020FCF71AF87820FCF703
:1050500017F8CB20FCF730F83920FCF711F82C209A
:10506000FCF70EF80020FCF70BF83420FCF708F8EA
:105070000220FCF705F8F720FCF71EF82020FBF7CC
:10508000FFFFEA20FCF718F80020FBF7F9FF0020EB
:10509000FBF7F6FFB120FCF70FF80020FBF7F0FF5D
:1050A0001B20FBF7EDFFB620FCF706F80A20FBF704
:1050B000E7FFA220FBF7E4FFC020FBF7FDFF102075
:1050C000FBF7DEFFC120FBF7F7FF1020FBF7D8FF4F
:1050D000C520FBF7F1FF4520FBF7D2FF1520FBF7BA
:1050E000CFFFC720FBF7E8FF9020FBF7C9FF362072
:1050F000FBF7E2FFC820FBF7C3FFF220FBF7DCFF62
:105100000020FBF7BDFFB020FBF7D6FFC220FBF766
:10511000B7FFB620FBF7D0FF0A20FBF7B1FFA720AF
:10512000FBF7AEFF2720FBF7ABFF0420FBF7A8FF40
:105130002A20FBF7C1FF0020FBF7A2FF0020FBF7AE
:105140009FFF0020FBF79CFFEF20FBF799FF2B2030
:10515000FBF7B2FF0020FBF793FF0020FBF790FF67
:105160000120FBF78DFF3F20FBF78AFFF620FBF7BE
:10517000A3FF0120FBF784FF0020FBF781FF06203F
:10518000FBF77EFF2C20FBF797FFC820FBF7E2FF21
:105190002620FBF791FF0120FBF772FFE020FBF7D1
:1051A0008BFF0F20FBF76CFF2920FBF769FF242002
:1051B000FBF766FF0C20FBF763FF0E20FBF760FF99
:1051C0000920FBF75DFF4E20FBF75AFF7820FBF725
:1051D00057FF3C20FBF754FF0920FBF751FF13203A
:1051E000FBF74EFF0520FBF74BFF1720FBF748FFAF
:1051F0001120FBF745FF0020FBF742FFE120FBF702
:105200005BFF0020FBF73CFF1620FBF739FF1B205C
:10521000FBF736FF0420FBF733FF1120FBF730FFCD
:105220000720FBF72DFF3120FBF72AFF3320FBF788
:1052300027FF4220FBF724FF0520FBF721FF0C206E
:10524000FBF71EFF0A20FBF71BFF2820FBF718FFC8
:105250002F20FBF715FF0F20FBF712FF1120FBF7A4
:105260002BFFC820FBF776FF2920FBF725FFBDE8C1
:1052700008402C20FBF720BF08B5FBF7F1FE032107
:10528000D320FBF735FF80B208BD10B5C4B20222AF
:1052900003212046FBF79AFE0A20FBF7DFFE20469B
:1052A00000220321FBF792FEBDE810400220FBF72D
:1052B000D5BE38B50446E4B2FBF786FE0021204691
:1052C000FBF79CFE012105462046FBF797FE40EACE
:1052D000052080B238BD10B5C4B240212046FBF78E
:1052E0008DFE030607D54C212046FBF787FE0038CC
:1052F00018BF012010BD01224B212046FBF766FE9E
:10530000204600224B21FBF761FE0020F2E773B537
:105310000423C4B20E461546D7210DEB03022046E6
:10532000FBF786FE019B1BBA1A0DC3F30B233280D9
:1053300020462B8001224B21FBF748FE00224B2107
:105340002046FBF743FE02B070BD000010B50A4ACC
:105350001378984204460DD0517888420AD00BB198
:1053600041B90123D454FBF72FFE2046BDE810407D
:10537000FFF78BBF10BD00BF542C002010B5C4B286
:1053800009212046FBF73AFE40F00102D2B2204646
:105390000921BDE81040FBF719BE10B5C4B20921C0
:1053A0002046FBF72BFE092100F0FE022046BDE857
:1053B0001040FBF70BBE38B5C4B20D4620460A219B
:1053C000FBF71CFE40EA0502D2B220460A21BDE8E6
:1053D0003840FBF7FBBD10B50446FBF7F6FD204651
:1053E0001F21FFF7E8FF2046BDE81040FFF7C6BFCA
:1053F00038B5C4B20D4620460A21FBF7FFFD20EA6E
:105400000502D2B220460A21BDE83840FBF7DEBDD6
:1054100010B50446FFF7C1FF20461F21BDE810402C
:10542000FFF7E6BF10B5C0B20C460B21FBF7E6FD57
:10543000204010BD1F21FFF7F5BF0A46C0B20B2167
:10544000FBF7C4BD1F21FFF7F8BF38B5C4B20D4646
:1054500020461721FBF7D2FD20EA0502D2B22046F2
:105460001721BDE83840FBF7B1BD70B5C4B20646A0
:1054700004212046FBF7C2FD042100F0FB02054693
:105480002046FBF7A3FD3046F021FFF7DEFF05F0D5
:10549000F80220460421FBF799FD492220212046ED
:1054A000FBF794FD0220FBF7D9FD204601222121C4
:1054B000FBF78CFD20469A224121FBF787FD204611
:1054C00001224A21FBF782FD204601224B21FBF7F6
:1054D0007DFD204600224B21FBF778FD204601226E
:1054E0005621FBF773FD204601225821FBF76EFD84
:1054F000204601224021FBF769FD2046FF220B21B7
:10550000FBF764FDBDE870400220FBF7A7BD00007B
:10551000054BD3F8882042F47002C3F888204FF07E
:1055200000629A60704700BF00ED00E008B50B4BC9
:105530001A6842F400721A601A6842F480621A60B3
:105540001A6842F480721A60032000F02FF80020DD
:10555000FCF79AF8FBF70CFE002008BD003C024067
:10556000034A044B11681B780B441360704700BF5B
:10557000582C00207C000020014B1868704700BFA9
:10558000582C002038B50446FFF7F6FF631C1CBFFB
:10559000054B1B78054618BFE418FFF7EDFF431BCA
:1055A000A342FAD338BD00BF7C0000200749CA6877
:1055B00022F4E0620302120403F4E063120C1343CA
:1055C00043F0BF6343F40033CB60704700ED00E06D
:1055D000164B30B5DC68C4F30224C4F10703251D63
:1055E000042B28BF0423062D4FF0FF358CBF033C4E
:1055F000002405FA03F321EA0303A54022EA050289
:10560000A340002843EA0203ACBF00F16040084A0F
:105610004FEA0313B8BF00F00F00DBB2AABF00F5DA
:105620006140135480F8003330BD00BF00ED00E04E
:1056300014ED00E0002807DB044A4109012300F0D3
:105640001F00834042F82130704700BF00E100E0B6
:1056500010B5044650B1437903F0FF0213B902714B
:10566000FBF7A6FD01236371002010BD0120FCE7BC
:1056700010B5044620B390F8393003F0FF021BB98F
:1056800080F83820FBF7ACFD022384F8393023681A
:1056900061681A6822F440320A431A605A6BA168A2
:1056A00022F007020A435A631A6CE1686FF30D0295
:1056B0000A431A6400200123E06384F8393010BDE6
:1056C0000120FCE770477047036870B55E681D688D
:1056D000F207044614D5E90512D51A6822F480723F
:1056E0001A60C26B42F00102C26301229A60042375
:1056F00080F83930002380F83830436903B1984787
:10570000B20616D5AB0414D523681A6822F40052E9
:105710001A6020229A60E36B43F00203E3630423E0
:1057200084F83930002384F8383063690BB120469F
:105730009847300716D5290514D523681A6822F42E
:1057400000621A6008229A60E36B43F00403E3638B
:10575000042384F83930002384F8383063690BB1AE
:105760002046984772070BD56B0509D523681A6840
:1057700022F480621A6004229A602046FFF7A2FF9A
:10578000B00714D5A90512D523681A6822F400724F
:105790001A6002229A60E36BE363012384F83930D4
:1057A000002384F8383023690BB120469847F2066D
:1057B00013D5EB0411D523681A6822F480521A60BD
:1057C00010229A60E36BE363012384F839300023ED
:1057D00084F838302046FFF776FF70BDF0B590F8BA
:1057E0003820012A03464FF002002BD0012283F813
:1057F000382083F8390003EB0112D2E90740556ADB
:10580000174F44EA0040093C012C9CBF05F07F4241
:1058100010434FEA01161A6888BF40EA056091B943
:10582000516A394001435162012C9969916103D851
:10583000596A21F07F4191620122002083F83920CA
:1058400083F83800F0BDD16939400143D16199191D
:10585000012C896911619CBF25F07F451562EBE73A
:10586000F0FFFC002DE9F74FDFF8BC916C4A0023F4
:105870000D6801249C4004EA0506AC4340F0B78063
:105880004D68032705F003044FEA430807FA08FCB4
:10589000671E012F6FEA0C0C34D8876807EA0C0EDC
:1058A000CF6807FA08F747EA0E078760476827EAD4
:1058B000060EC5F300179F4047EA0E074760C7680A
:1058C00007EA0C0E8F6807FA08F747EA0E07022C62
:1058D000C76019D14FEAD30A00EB8A0A03F0070B1D
:1058E000DAF820704FEA8B0B4FF00F0E0EFA0BFE1A
:1058F00027EA0E0E0F6907FA0BF747EA0E07CAF8F8
:10590000207001E0032CDAD1076804FA08F407EAF2
:105910000C073C4315F4403F046068D00024019418
:10592000D9F8444044F48044C9F84440D9F844408C
:1059300023F0030707F1804704F4804407F59C3700
:10594000019403F0030C019CD7F808E04FEA8C0C9B
:105950000F2404FA0CF42EEA040E324CA0424DD06F
:1059600004F58064A0424BD004F58064A04249D085
:1059700004F58064A04247D004F58064A04245D07D
:1059800004F58064A04243D004F58064A04241D075
:1059900004F58064A0423FD004F58064A0423DD06D
:1059A00004F58064A04214BF0A24092404FA0CF40C
:1059B00044EA0E04BC609468F74315F4801F0CBFE2
:1059C0003C4034439460D46815F4001F0CBF3C4045
:1059D0003443D460546815F4003F0CBF3C4034435A
:1059E00054601468ED0354BF3C40344314600133E9
:1059F000102B7FF43DAF03B0BDE8F08F0024D5E756
:105A00000124D3E70224D1E70324CFE70424CDE720
:105A10000524CBE70624C9E70724C7E70824C5E720
:105A2000003C014000000240003802400369194276
:105A300014BF0120002070470AB18161704709043A
:105A4000FBE7436901EA030221EA030141EA02415B
:105A500081617047044A5169014208B502D0506122
:105A6000FBF78CFE08BD00BF003C014001684B699C
:105A700013F480634FF0000210D06FF480634B6129
:105A80002023026380F83D3080F83E20036C80F8CC
:105A90003C2043F00403036401207047184670471C
:105AA0002DE9F84606460F4691461D464FEA114A33
:105AB0003368BAF1010F0CBF5C699C6927EA0404E2
:105AC000A4B2B4FA84F46409A14501D0002025E011
:105AD0006A1CEED0FFF750FD089BC01AA84201D8FF
:105AE000002DE5D13368BAF1010F0CBF5B699B69EA
:105AF00027EA03039BB2B3FA83F35B099945D7D135
:105B000000232022336386F83D2086F83E30326C35
:105B100086F83C3042F0200232640120BDE8F8866D
:105B20002DE9F04104460F461646984625686869F7
:105B300027EA000080B2C0B16B695A0517D52B68FF
:105B400043F400732B606FF480636B6120220023A9
:105B5000236384F83D2084F83E30236C43F0040333
:105B60002364002384F83C300120BDE8F081731CDD
:105B7000DDD0FFF701FDA0EB0800B04201D8002EF8
:105B8000D4D123685A6927EA020292B2002ACDD002
:105B900000232022236384F83D2084F83E30236CC8
:105BA0001343DDE770B504460D46164623685B696E
:105BB0001B0601D500201EE02046FFF757FFC8B99D
:105BC0006A1CF3D0FFF7D8FC801BA84201D8002D37
:105BD000ECD123685B6913F08003E7D120222363B3
:105BE00084F83D2084F83E30226C84F83C3042F04A
:105BF00020022264012070BD2DE9F04315460268A1
:105C000085B0DDE90C789946136843F4807313601E
:105C10000E463B46CDF8008000224FF001110446AD
:105C2000FFF73EFF236838B11B68DB0502D54FF450
:105C300000732364032620E006F0FE061E611A4965
:105C400043463A462046FFF76BFFA8B92368039006
:105C50005A6903929B690393424639462046039B47
:105C6000FFF7A0FF064660B1236C042B01BF22683A
:105C7000136843F4007313600126304605B0BDE895
:105C8000F083B9F1010F236802D1EDB21D61F4E791
:105C90002A0A1A61394642462046FFF783FF002848
:105CA000E2D12368F1E700BF020001002DE9FF47C0
:105CB0009A46036815461A6842F480621A601A68A8
:105CC000DDE90C7842F480721A600E463B46CDF84E
:105CD000008000224FF001110446FFF7E1FE236827
:105CE00038B11B68DB0544BF4FF400732364032005
:105CF00021E05FFA86F906F0FE061E612B49434655
:105D00003A462046FFF70CFFA0B9236803905A6972
:105D100003929B690393424639462046039BFFF753
:105D200041FF58B1236C042B01BF2268136843F470
:105D300000731360012004B0BDE8F087BAF1010FD1
:105D400023681AD1EDB242461D6139462046FFF75D
:105D500029FF02460028E5D121680B6843F48073CF
:105D60000B602046CDF800803B464FF00111FFF755
:105D700097FE226860B11368B4E72A0A1A613946AF
:105D800042462046FFF70EFF0028CBD12368D9E713
:105D900049F001031361054943463A462046FFF79F
:105DA000BFFE003818BF0120C5E700BF0200010098
:105DB00070B504460D46164623685B695B0701D53E
:105DC00000201EE02046FFF751FEC8B96A1CF3D040
:105DD000FFF7D2FB801BA84201D8002DECD123682D
:105DE0005B6913F00403E7D12022236384F83D208C
:105DF00084F83E30226C84F83C3042F02002226469
:105E0000012070BD70B504460D46164621684B69E9
:105E100013F0400301D0002011E04A69D2060FD5EB
:105E20006FF010024A612022236384F83D2084F839
:105E30003E30236C2364002384F83C30012070BD85
:105E4000FFF79AFB801BA84201D8002DDED1236802
:105E50005B6913F04003D9D12022236384F83D20ED
:105E600084F83E30236C1343E4E7000070B5044629
:105E700008B9012070BD90F83D3003F0FF021BB956
:105E800080F83C20FBF7CEF9242384F83D302368CA
:105E90001A6822F001021A601A6842F400421A607D
:105EA0001A6822F400421A6000F098FE3F4B6568C1
:105EB0009D4294BF3E4B3F4B98428CBF0023012331
:105EC000002BD6D12268394E51683B4BB0FBF3F31F
:105ED00021F03F011943B542516088BF4FF49676D7
:105EE000116A88BF734321F03F0184BF4FF47A7673
:105EF000B3FBF6F301330B431362D169431E2B4806
:105F000021F44F41854221F0FF0132D86D0040F667
:105F1000FC70B3FBF5F30133034242D0C3F30B0330
:105F20001943D161D4E907301168034321F0C0015E
:105F30000B4313609168D4E9030321F40341034345
:105F400021F0FF010B439360D4E90530D16803438E
:105F500021F0FF010B43D360136843F0010313608A
:105F600000202023206484F83D30206384F83E0024
:105F700080E7A06850B905EB4505B3FBF5F30133A5
:105F8000C3F30B037BB143F40043C9E71920684313
:105F9000B3FBF0F30133C3F30B0323B143F44043EA
:105FA000BEE70423BCE70123BAE700BFA0860100D7
:105FB0007F841E00FF083D0040420F002DE9F7439B
:105FC000044699460C9E0F469046FFF7D5FA94F882
:105FD0003D30202B054603D0022003B0BDE8F083FE
:105FE00000903C49192301222046FFF759FD002863
:105FF000F2D194F83C30012BEED02068012384F8D4
:106000003C300368D9075EBF036843F001030360B7
:10601000036823F400630360212384F83D304023A8
:1060200084F83E30002323640A9B6362BDF82C3061
:106030006385638D2385284BE3624246CDE9006585
:106040004B4639462046FFF7D7FD00282AD00120CD
:10605000C3E7FFF7A7FD40B1236C042B01BF226803
:10606000136843F400731360F1E7636A27681A4604
:1060700012F8011B39616262628D218D013A92B280
:1060800062857A69481E80B2520720850AD548B1D8
:106090005A783A6102336362638D013B02399BB2E5
:1060A00021856385238D2A4631462046002BD0D199
:1060B000FFF77EFE0028CFD12268136843F40073F7
:1060C0001360202384F83D3084F83C0084F83E00BF
:1060D00083E700BF020010000000FFFF2DE9F0433E
:1060E000044687B09946109F0D469046FFF744FA44
:1060F00094F83D30202B064604D00225284607B0F0
:10610000BDE8F08300907A49192301222046FFF769
:10611000C7FC0028F1D194F83C30012BEDD0206869
:10612000012384F83C300368DB075EBF036843F05B
:1061300001030360036823F400630360222384F8EF
:106140003D30402384F83E30002323640E9B63627D
:10615000BDF83C306385638D2385664BE362294639
:10616000CDE900764B4642462046FFF79FFD0546A7
:1061700008B10125C2E7228D2368B2B902905A699D
:1061800002929A690292029A1A6842F400721A60A4
:10619000DFF86481238D002B2CD1202284F83D2050
:1061A00084F83C3084F83E30A8E7012A0AD11A6806
:1061B00022F480621A6003905A6903929A690392EA
:1061C000039AE1E7022A0ED11A6822F480621A606B
:1061D0001A6842F400621A6004905A6904929B693A
:1061E0000493049BD4E705905A6905929B69059333
:1061F000059BCDE7032B56D8012B15D132463946E6
:106200002046FFF7FFFD0028B3D123681A69636AAF
:106210001A70636A01336362238D013B2385638DAA
:10622000013B9BB26385B5E7022B00963B464FF0DE
:1062300000024146204619D1FFF732FC002898D1D0
:1062400023681A6842F400721A601A69636A1A7045
:10625000626A531C6362238D013B2385638D013B7E
:106260009BB2638523681B695370D2E7FFF718FC64
:10627000024600287FF47DAF2368196821F480610D
:1062800019601969636A1970636A01336362238D47
:10629000013B2385638D013B9BB26385414600969C
:1062A0003B462046C8E7324639462046FFF7AAFD5E
:1062B00000287FF45EAF23681A69636A1A70628DE2
:1062C000616A013A92B24B1C628522686362238D37
:1062D0005069013B9BB2400723857FF55BAF032BE1
:1062E00002BF136823F48063136013694B7090E757
:1062F000020010000000FFFF0400010010B590F83C
:106300003D30202BDCB216D1242380F83D300368C9
:106310001A6822F001021A605A6A22F010025A62C8
:106320005A6A114359621A6842F001021A6080F8F1
:106330003D40002010BD0220FCE730B590F83D3014
:10634000202BDCB216D10268242380F83D3013687C
:1063500023F001031360556A4FF6F0732B400B4393
:106360009BB25362136843F00103136080F83D4011
:10637000002030BD0220FCE70068D201843283187F
:10638000F0B5C7685D684C680E6805F470455D60DF
:10639000C56806F1010CC5F30B45C7F30B4727444D
:1063A000654445EA07455D60C768CD68C7F30A07DD
:1063B0002F449D6805F470459D60D0F80CC08D6831
:1063C000CCF30A0C0135654445EA07459D601D691B
:1063D000D1F810C08F6925F007051D61C3F810C002
:1063E00091F8305045EA076591F8317045EA072584
:1063F00091F8327045EA07459D615D6925F0FF051A
:106400005D614D695D61DD6925F4E06525F0070595
:10641000DD61D1E907573D43DD61BCF1070F4D6AEE
:106420009D629CBF0D4D15F80C70DD6A05F0E025EE
:10643000DD6288BF01278D6AC96AA41B7C437D4346
:10644000033444EA0544DC621C6B6FF30A041C63EA
:106450001963835843F001038350F0BD0C780208A0
:1064600038B5044600284ED090F8A13003F0FF0262
:106470001BB980F8A020FAF731FF022384F8A1307D
:1064800023689A6922F070429A61D4E9012002439C
:10649000E06899690243206902430A439A61D4E99A
:1064A000051242EA01429A60D4E9071242EA014227
:1064B000DA60D4E9091242EA01421A61D4E90B1206
:1064C00042EA01425A61DA6A94F8350094F83610CB
:1064D00002F07F42DA62DD6A94F834202A4342EA0D
:1064E000002242EA0142DA625A6B42F006025A6323
:1064F0009A6942F001029A6100200123C4F8A400C5
:1065000084F8A13038BD0120FCE77047704703686C
:1065100070B59E6B5D6B7207044614D5690712D582
:106520005A6B22F004025A630422DA63D0F8A430D2
:1065300043F00103C0F8A430002380F8A12080F8C4
:10654000A030FFF7E2FFB20716D5AB0714D52368DA
:106550005A6B22F002025A630222DA63D4F8A430A2
:106560001343C4F8A430042384F8A130002384F832
:10657000A0302046FFF7C9FFF00710D5E9070ED578
:1065800023685A6B22F001025A630122DA63002366
:1065900084F8A12084F8A0302046FCF71FF93207C8
:1065A00011D52B070FD523685A6B22F008025A63C6
:1065B0000822DA63012384F8A130002384F8A03094
:1065C0002046FFF7A3FF70BD2DE9F04190F8A03001
:1065D000012B06460F4694464FF002001FD04FF0A5
:1065E000010886F8A08086F8A10034240D4604FB3B
:1065F00002640FCD38340FC40FCD0FC40FCD0FC4BC
:106600002B682360304662463946FFF7B5FE336893
:106610000020C3F8248086F8A18086F8A000BDE899
:10662000F081000090F8A020012A03464FF00200FC
:1066300012D01A6883F8A100506B20F0010050635B
:1066400006480164516B41F00101516300200122B1
:1066500083F8A12083F8A000704700BF00680140C4
:10666000044B012282B01A62034B1B680193019B09
:1066700002B0704700000E420070004037B50023A2
:106680000193184B184D1A6C42F080521A641B6C1F
:1066900003F080530193019B144B01221A64FEF70F
:1066A0006BFF04466B68DA030BD5104B0E4D0122CD
:1066B0005A64FEF761FF04466B689B030AD500200D
:1066C00006E0FEF759FF001BB0F57A7FEAD90320F8
:1066D00003B030BDFEF750FF001BB0F57A7FEBD959
:1066E000F5E700BF003802400070004000000E4295
:1066F0002DE9F341044640B30368DE0710D4236854
:106700009D075BD42368190700F19D8023685A0711
:1067100000F1BD80A369002B40F0248100202CE013
:106720008D4B9A6802F00C02042A07D09A6802F096
:106730000C02082A0BD15B68590208D5864B1B68EE
:106740009A03DCD56368002BD9D1012015E063687A
:10675000814DB3F5803F13D12B6843F480332B6018
:10676000FEF70AFF7C4E054633689B03C7D4FEF74D
:1067700003FF401B6428F7D9032002B0BDE8F08175
:10678000B3F5A02F04D12B6843F480232B60E3E7FB
:106790002A6822F480322A602A6822F480222A6041
:1067A000002BDDD1FEF7E8FE06462B689F03A6D539
:1067B000FEF7E2FE801B6428F7D9DDE7664B9A6896
:1067C00012F00C0F07D09A6802F00C02082A11D1BF
:1067D0005B685D020ED4604A1368990702D5E368CE
:1067E000012BB2D11368216923F0F80343EAC103F6
:1067F000136087E7E268594BB2B101221A60FEF7D5
:10680000BBFE554D06462B689B0707D52B682269B2
:1068100023F0F80343EAC2032B6073E7FEF7ACFEF4
:10682000801B0228EFD9A7E71A60FEF7A5FE4A4EA3
:10683000054633689F077FF565AFFEF79DFE401B59
:106840000228F6D998E76269444B82B10122C3F865
:10685000802EFEF791FE404E0546736F9B073FF575
:1068600055AFFEF789FE401B0228F6D984E7C3F82E
:10687000802EFEF781FE384E0546736F9F077FF529
:1068800045AFFEF779FE401B0228F6D974E7324B7C
:106890001A6C12F0805228D101921A6C42F0805288
:1068A0001A641B6C03F080530193019B01272C4D4C
:1068B0002B68D8051BD5A368274D012B27D12B6F3B
:1068C00043F001032B67FEF757FE234E054641F2C6
:1068D0008838336F9A0739D5002F3FF41BAF1E4A13
:1068E000136C23F08053136414E70027DFE72B6851
:1068F00043F480732B60FEF73FFE06462B68D905F4
:10690000D9D4FEF739FE801B0228F7D934E7052BCE
:1069100004D12B6F43F004032B67D0E72A6F22F0DA
:1069200001022A672A6F22F004022A67002BCAD1CB
:10693000FEF722FE41F2883806462B6F9B07CBD527
:10694000FEF71AFE801B4045F7D915E7FEF714FE47
:10695000401B4045BDD90FE70038024000004742C8
:1069600000700040374DAA6802F00C02082A3ED0A1
:10697000022B354B4FF000021A662BD1FEF7FCFDBF
:1069800006462B6899011FD4D4E907321343626A83
:1069900043EA8213E26A43EA0263A26A5208013AB6
:1069A00043EA02436B60284B264D01221A66FEF72C
:1069B000E3FD04462B689A013FF5B0AEFEF7DCFD1F
:1069C000001B0228F6D9D7E6FEF7D6FD801B022869
:1069D000D7D9D1E6FEF7D0FD04462B689B017FF5A1
:1069E0009DAEFEF7C9FD001B0228F6D9C4E6012BB7
:1069F0003FF4ABAE6B68E26903F4800191427FF42F
:106A0000A4AE216A03F03F028A427FF49EAE616A1F
:106A100047F6C0721A40B2EB811F7FF496AEA26AAD
:106A2000520803F44031013AB1EB024F7FF48DAECE
:106A3000E26A03F07063B3EB026F14BF0120002021
:106A40009BE600BF0038024000004742134908B5EA
:106A50008B6803F00C03042B1CD0082B1CD14A6854
:106A60004B68496813F4800314BF0D480D48C1F307
:106A7000881118BF002302F03F02A1FB0001F9F7C3
:106A800057FC064B5B68C3F3014301335B00B0FB6B
:106A9000F3F008BD0248FCE70248FAE7003802407C
:106AA00000127A000024F4002DE9F0410D4604465E
:106AB00010B90120BDE8F081434B1A6802F00F02C3
:106AC0008A4228D321688F072DD4C80740D43E4B73
:106AD0001A6802F00F02AA4265D8226851076BD4E7
:106AE000130707D5394A2169936823F4604343EAC1
:106AF000C1039360FFF7AAFF344B354A9B68C3F389
:106B00000313D35CD840334B1860334B1868FAF743
:106B1000BBFD0020CEE7CAB21A701B6803F00F035A
:106B20008B42C6D1CEE7294B11F0040F1EBF9A68E5
:106B300042F4E0529A600E0742BF9A6842F4604203
:106B40009A609A68A06822F0F00202439A60BCE75B
:106B500062681E4B012A1CD11B6813F4003FA8D0A9
:106B60001A4EB36823F003031343B360FEF704FD2A
:106B700041F288380746B368626803F00C03B3EB50
:106B8000820FA4D0FEF7F8FCC01B4045F3D90320C8
:106B900090E7911E01291B6802D813F0007FDEE701
:106BA00013F0020FDBE7EAB21A701B6803F00F0361
:106BB000AB427FF47EAF90E70449E0688B6823F432
:106BC000E05303438B608BE7003C024000380240F7
:106BD000FC7702087800002080000020044B054A62
:106BE0009B68C3F38223D35C034A1068D840704784
:106BF00000380240F477020878000020044B054A70
:106C00009B68C3F34233D35C034A1068D840704793
:106C100000380240F4770208780000200F23036058
:106C20000B4B9A6802F0030242609A6802F0F0028D
:106C300082609A6802F4E052C2609B68DB0803F449
:106C4000E0530361034B1B6803F00F030B607047B5
:106C500000380240003C0240036813F0430FF7B5D0
:106C6000044640F08880236813F00C0F45D08C4B0D
:106C70008C4D00221A67FEF77FFC06462B689900B0
:106C800000F1CB8021684A0715D5D4E90403D5F873
:106C900088201B0602F0E04243EA80131343C5F844
:106CA0008830D5F88C30226A23F4F853013A43EA4D
:106CB0000223C5F88C300B0714D57A4AA369D2F8A1
:106CC000881020691B0701F0706143EA80130B43B1
:106CD000C2F88830D2F88C30616A23F440330B4319
:106CE000C2F88C306E4B6F4E01221A67FEF744FCDF
:106CF000054633689F0040F197802368980634D595
:106D000000230193674B684D1A6C42F080521A645D
:106D10001B6C03F080530193019B2B6843F4807339
:106D20002B60FEF729FC06462B68D80540F18380CE
:106D30005C4DA26A2B6F13F4407340F08380A36A0A
:106D400003F44072B2F5407F564A40F09E8091684D
:106D500023F0704021F4F81120F440700143916059
:106D6000116FC3F30B030B4313672368DB0600F1BA
:106D7000908000204FE04A4B4A4E00229A66FEF770
:106D8000FBFB054633681F013FD42168C80741BF9C
:106D9000D4E901231B0743EA8213C6F884308A072B
:106DA00015D5404AE368D2F8840065681B0600F0F8
:106DB000E04043EA85130343C2F88430D2F88C00E4
:106DC000E36920F01F00013B0343C2F88C304B06FF
:106DD0000AD5E36862681B0643EA8213A26843EAA5
:106DE0000273304AC2F884302D4B2E4E01229A662F
:106DF000FEF7C2FB054633681F013FF534AFFEF7CF
:106E0000BBFB401B0228F6D904E0FEF7B5FB401B94
:106E10000228B7D9032003B0F0BDFEF7ADFB801BFD
:106E200002287FF62BAFF5E7FEF7A6FB401B0228F2
:106E30007FF65FAFEEE7FEF79FFB801B02287FF631
:106E400073AFE7E702F4407293423FF478AF2B6FE1
:106E5000134A0121C2F8401E23F440730021C2F8F6
:106E6000401E2B672B6FD9077FF569AFFEF784FBB8
:106E700041F2883706462B6F9A073FF560AFFEF761
:106E80007BFB801BB842F6D9C4E7916821F4F81166
:106E900065E7064B94F82C20C3F8E02169E700BFB2
:106EA0000000474200380240007000400010474296
:106EB00038B50368094ADA600446FEF75DFB05460B
:106EC0002368DB689B0601D5002038BDFEF754FB24
:106ED000401BB0F57A7FF3D90320F6E75F7F01000E
:106EE000036870B5DC6814F04004054617D1DA6811
:106EF00042F08002DA60FEF73FFB06462B68DB6853
:106F00005B0600D40CB1204670BDFEF735FB801B3C
:106F1000B0F57A7F82BF04236B770124EEE700246B
:106F2000F1E70368DA6822F0800210B5DA609B6846
:106F30009B06044601D5002010BDFFF7B9FF0028CD
:106F4000F9D0042363770120F6E710B50446002842
:106F500041D0437F03F0FF0213B90277FAF79AFAA0
:106F6000022363772368DA68D20603D501236377A7
:106F7000002010BDCA225A6253225A622046FFF7EF
:106F8000AFFF10BB236820699A6822F4E00222F068
:106F900040029A60626899680243606902430A434A
:106FA0009A60E2681A611A69A16842EA01421A61AC
:106FB0002046FFF7B6FF40B92368A1691A6C22F496
:106FC00080221A641A6C0A431A642368FF225A62E8
:106FD0000028CBD0CDE70120CBE70368503343F83E
:106FE000212070470368503353F82100704738B5AB
:106FF0000D460446C8B190F82C3003F0FF021BB9CF
:1070000080F82D20FAF7D4FA022384F82C30211DC1
:10701000206800F096FD62682068294600F0C7FDF0
:10702000012384F82C30002038BD0120FCE770B526
:1070300090F82C30022B05460E46D8B212D000F044
:10704000FB04012C0FD1022385F82C30286800F0B6
:10705000E4FD3368022B06BF052385F82C3085F844
:107060002C40002070BD0120FCE738B590F82C3092
:10707000022B0446D8B20DD094F82C30012BDDB28F
:1070800009D10223206884F82C3000F0EAFD84F84E
:107090002C50002038BD0120FCE700002DE9F3470B
:1070A0001F46894690460446FEF766FA0A9D3D440F
:1070B0002D1AFEF761FA264B1E68C6F3CB366E43D7
:1070C000824601962268936839EA03030CBF0123C4
:1070D0000023434501D100202EE07B1CF3D0FEF7B6
:1070E0004BFAA0EB0A00A84229D323685A6822F081
:1070F000E0025A606268B2F5827F0AD1A268B2F5F6
:10710000004F02D0B2F5806F03D11A6822F040021E
:107110001A60A26AB2F5005F07D11A6822F4005221
:107120001A601A6842F400521A60012384F8513040
:10713000002384F85030032002B0BDE8F087019BA3
:107140001BB1019B013B0193BCE71D46BAE700BFA1
:1071500078000020F0B585B00B4600920E46174629
:10716000022101220446FFF799FF054628B1636D0D
:1071700043F020036365032515E0124B1868124B9A
:10718000B0FBF3F04FF47A73584363680390B3F5A0
:10719000827F0BD1009733462A4680212046FFF795
:1071A0007DFF0028E3D1284605B0F0BD039B002BEE
:1071B000F9D0039B013B039323689B681B06F5D41E
:1071C000F1E700BF7800002000366E0137B50B46AE
:1071D0004168B1F5827F044608D000920121002267
:1071E000FFF75CFFD0B9002003B030BD8168B1F576
:1071F000004F02D0B1F5806F07D125682868B1F53E
:10720000806F20F04000286004D00092802100228E
:107210002046E5E7009201210022F9E7636D43F083
:10722000200363650320DFE710B50446002855D02E
:10723000436A002B4ED14268B2F5827F00D0C36111
:107240000023A36294F8513003F0FF0223B984F8BD
:1072500050202046FAF740F92168A068A26902236D
:1072600084F851300B6823F040030B60636800F42E
:10727000044003F482730343E06800F400600343B6
:10728000206900F002000343606900F0010003433D
:1072900002F400700343E06900F038000343206A01
:1072A00000F080000343A06A00F4005003430B6029
:1072B000636A120C03F0100302F004021A434A60DE
:1072C000CB6923F40063CB6100200123606584F85F
:1072D000513010BD0023C0E90433B1E70120F8E7C5
:1072E0002DE9F74304461F460D469046FEF744F944
:1072F00094F85130012B8146D8B240F09F80002D88
:1073000074D0B8F1000F71D094F85030012B00F018
:107310009580032384F8513000236365C4E910335A
:10732000A4F83680A363A387E387A368266884F85C
:107330005000B3F5004F2563A4F8348007D13368BB
:1073400023F040033360336843F480433360336891
:10735000E2685B065EBF336843F040033360B2F51A
:10736000006F636845D113B1B8F1010F07D135F84B
:10737000023BF3602563E38E013B9BB2E386E38E21
:107380009BB2D3B94A4639462046FFF7E3FE0028B0
:1073900051D1A36833B901932368DA6801929B68DD
:1073A0000193019B012384F85130606D0023C01AC2
:1073B00084F8503018BF012018E0226893689807BD
:1073C00005D5236B33F8021BD1602363D3E7FEF7A7
:1073D000D3F8A0EB0900B842D1D3791CCFD0012358
:1073E00084F85130002384F85030032003B0BDE806
:1073F000F08313B1B8F1010F08D12B783373236BED
:1074000001332363E38E013B9BB2E386E38E9BB2A1
:10741000002BB7D023689A68920703D5226B1278A5
:107420001A73ECE7FEF7A8F8A0EB0900B842EDD319
:107430007B1CEBD0D3E720236365AAE70220D5E7C6
:107440002DE9F74304460D4691461E46DDF8288097
:10745000FEF792F894F851306268012B0746D9B2D2
:107460000AD0B2F5827F40F0E580A368002B40F09F
:10747000E180042940F0DE80002D4BD0B9F1000FEF
:1074800048D0002E46D094F85030012B00F0D28026
:10749000012384F8503094F85130C4F83890042B0C
:1074A0001CBF052384F8513000236365C4E9103301
:1074B0002368E687E6861968A687490658BF1968D3
:1074C000256358BF41F04001A68658BF1960E168A6
:1074D000B1F5006F55D10AB1012E07D135F8022B55
:1074E000DA60E38E2563013B9BB2E3860125E38EE0
:1074F0009BB28BB9E38F9BB273B93A4641462046A3
:10750000FFF728FE002800F0818020236365002318
:1075100084F85030012031E021688B689A070DD53E
:10752000E38E9BB253B145B1236B33F8022BCA6093
:107530002363E38E013B9BB2E38600258A6812F049
:1075400001020CD0E38F9BB24BB1A36BC96823F847
:10755000021BA363E38F013B9BB2E3871546FEF753
:107560000BF8C01B4045C2D3B8F1FF3FBFD0012389
:1075700084F85130002384F85030032003B0BDE874
:10758000F0830AB1012E08D12A781A73236B0133D4
:107590002363E38E013B9BB2E38601252DE0226845
:1075A00093689B070ED5E38E9BB25BB14DB1236B05
:1075B0001B781373236B01332363E38E013B9BB270
:1075C000E38600252268916811F001010DD0E38F58
:1075D0009BB253B1A36BD2681A70A36B0133A36340
:1075E000E38F013B9BB2E3870D46FDF7C5FFC01B50
:1075F000404502D3B8F1FF3FB9D1E38E9BB2002BD7
:10760000CDD1E38F9BB2002BC9D176E7A36833B904
:1076100001932368DA6801929B680193019B01231F
:1076200084F85130606D0023C01A84F8503018BFC0
:107630000120A3E70220A1E72DE9F7431E4690F8B9
:107640005130012B044689461746DDB204D002258D
:10765000284603B0BDE8F0830029F9D0002AF7D00E
:107660004368B3F5827F0BD183684BB9042380F85C
:107670005130134600960A46FFF7E2FE0546E7E75B
:10768000FDF77AFF94F85030012B8046DFD0A268D6
:10769000C4F838900123002584F85030B2F5004F2B
:1076A0004FF0040384F85130C4E910556565236830
:1076B000E787A7872563A586E58607D11A6822F0A4
:1076C00040021A601A6822F480421A601A6855064D
:1076D0005EBF1A6842F040021A60E368F3B1E38FBC
:1076E0009BB2FBB123689A68D2073CD5DA68A36BDA
:1076F00023F8022BA363E38F013B9BB2E387EEE702
:1077000023689A68D0071ED5A26B1B7B1370A36BEE
:107710000133A363E38F013B9BB2E387E38F9BB20B
:10772000002BEDD1424631462046FFF74FFD18BBF6
:10773000012384F85130656D0023ED1A84F8503030
:1077400018BF012584E7FDF717FFA0EB0800B04242
:10775000E4D3711CE2D0012384F85130002384F873
:107760005030032574E7FDF707FFA0EB0800B04297
:10777000B5D3731CB3D0EEE720236365D8E7704719
:1077800090F83D30012B30D1022380F83D30036862
:10779000DA6842F00102DA60154A93421AD0B3F176
:1077A000804F17D0A2F57C42934213D002F580623D
:1077B00093420FD002F5806293420BD002F57842DB
:1077C000934207D002F57052934203D0A2F594324F
:1077D000934204D19A6802F00702062A03D01A687D
:1077E00042F001021A60002070470120704700BF7C
:1077F000000001407047704770477047036870B5DC
:10780000DD681E69B10704460DD5AA070BD56FF0D8
:1078100002021A61012202779B699B0769D0FFF778
:10782000EAFF00232377710710D56A070ED5236876
:107830006FF004021A61022222779B6913F4407FE1
:1078400020465CD0FFF7D7FF0023237733070FD5FF
:1078500028070DD523686FF008021A6104222277E9
:10786000DB699907204650D0FFF7C5FF0023237737
:10787000F20610D5EB060ED523686FF010021A61E0
:1078800008222277DB6913F4407F204643D0FFF7BC
:10789000B2FF00232377F00708D5E90706D5236850
:1078A0006FF001021A612046F9F756FC320608D53E
:1078B0002B0606D523686FF080021A61204600F07F
:1078C000B2F8700608D5690606D523686FF0400245
:1078D0001A612046FFF791FFB20622D5AB0620D5EC
:1078E00023686FF0200220461A61BDE8704000F066
:1078F00099B8FFF77FFF2046FFF77EFF91E7FFF77C
:1079000079FF2046FFF778FF9EE7FFF773FF2046D9
:10791000FFF772FFAAE7FFF76DFF2046FFF76CFF46
:10792000B7E770BD274A0368904212D0B0F1804F8C
:107930000FD0A2F57C4290420BD002F580629042BB
:1079400007D002F58062904203D002F5784290425F
:1079500008D14A6823F070031343CA6823F44073C4
:10796000134316E0184A9042F7D002F58062904225
:10797000F3D002F580629042EFD0A2F598329042A7
:10798000EBD002F580629042E7D002F5806290422F
:10799000E3D04A6923F0800313438A68C2620A680D
:1079A0008262084A904203D002F58062904201D17F
:1079B0000A690263026842F0040202600122426125
:1079C00003607047000001400040014010B50446CC
:1079D00030B390F83D3003F0FF021BB980F83C2033
:1079E000FFF7CDFE0223206884F83D30211DFFF70C
:1079F00099FF012384F84630002084F83E3084F853
:107A00003F3084F8403084F8413084F8423084F8C4
:107A1000433084F8443084F8453084F83D3010BD5C
:107A20000120FCE7704770470268C16838B51369E8
:107A300023F440530B431361054683680069D16802
:107A4000034368690343E86921F4164121F00C01FE
:107A500003430B43D3605369A96923F440730B4379
:107A600053611F4B9A4203D003F580639A4224D19D
:107A7000FFF7C4F8EA691921B2F5004FD5E90043D0
:107A8000A0FB01011CD1DA184FF0000545EB0503FE
:107A9000F8F74EFC6422B0FBF2F102FB1103DB00AD
:107AA0003233B3FBF2F303F007025B0002EB011287
:107AB00003F4F8731344A36038BDFFF78FF8D9E7D8
:107AC0009A009B0FF8F734FC6422B0FBF2F102FB42
:107AD00011031B013233B3FBF2F303EB0113EAE7AB
:107AE0000010014010B5044648B390F8413003F04F
:107AF000FF021BB980F84020F9F724FD22682423F7
:107B000084F84130D36823F40053D3602046FFF754
:107B10008BFF23681A6922F490421A615A6922F095
:107B20002A025A61DA6842F40052DA600020202307
:107B3000606484F8413084F84230606310BD0120F5
:107B4000FCE72DE9F041D1E90738D1E9012CD1E971
:107B50000376D1E90554D1F824E0096843EA080323
:107B600081B943EA0E03134343EA0C033B43016824
:107B700033432B4323436FF30E010B430360002079
:107B8000BDE8F081016843EA0E0321F4F8410B439C
:107B9000036042EA0C0341683B4333432B4321F427
:107BA000FF42234322F07F0213434360E7E7CB68A1
:107BB00003F1FF3C4B69F0B54C688F680E698D6925
:107BC0000968013B1B05013C013F013E013D2401C9
:107BD0003F0236042D06013943EA0C335AB90B43F0
:107BE000234382683B4333432B4302F070421343E9
:107BF00083600020F0BD826822F4700222F470429B
:107C00001343836044EA0703C2680B4333432B43A7
:107C100002F070421343C360EBE770B504461546AB
:107C20000269D1E900300343C8686FF3150243EAE3
:107C3000402313438A68013A43EA42132361FDF764
:107C40009BFC0646A06910F0200003D06B1CF9D005
:107C50000DB9032070BDFDF78FFC801BA842F1D940
:107C6000F7E743696FF34D0343EA410343610020A3
:107C7000704708B54FF0E0231B6901F0EFFD0128C4
:107C800003D0BDE8084000F0DDBB08BDEFF305837D
:107C90002BB9064B186828B901221A6070476FF09B
:107CA000050070474FF0FF30704700BF1C330020C5
:107CB00010B5EFF305845CB9084B1A68012A0AD1A4
:107CC000074AD47702221A6001F046FB204610BD15
:107CD0006FF00500FBE74FF0FF30F8E71C330020A2
:107CE00000ED00E0F0B587B0144600220B46059287
:107CF000EFF30582FAB9F0B154B3A56925B1691E55
:107D0000372902D9002017E018256268D207F9D474
:107D100066699EB1B208D4E9027C216887B1BCF1E2
:107D20005F0F08D9246934B12EB1CDE90147009520
:107D300001F0ABFA0590059807B0F0BD8022EAE7A4
:107D4000BCF1000FF7D12469002CF4D10C4601E0FE
:107D50001825802205A9CDE9005192B2214601F0F3
:107D6000CCFA01281CBF00230593E4E708B5EFF324
:107D7000058222B908B101F04DFC002008BD6FF06A
:107D80000500FBE7F7B504460E461546EFF30582FE
:107D900042B938B1884205D355B1D5E902372BB184
:107DA0004F2F22D80024204603B0F0BD002FF9D178
:107DB000012C0CD02046314600F07CFD0446002802
:107DC000F0D085B92946204601F09AF8EBE7032266
:107DD0000021012000F025FD0EE01A4600F048FDCC
:107DE00004460028DED02D68ECE70128F5D10321F8
:107DF0000091114600F0C7FC04460028D2D0002EA6
:107E0000DFD000231A46194600F072FD0128D8D0B1
:107E1000204601F09FF8C5E713B50C4628B3EFF3F1
:107E20000583CBB109BB01AA019101F01CF801281F
:107E300003D06FF0020002B010BD019B0BB900200F
:107E4000F9E74FF0E0234FF08052C3F8042DBFF361
:107E50004F8FBFF36F8FF2E700F048FF0128EED09D
:107E6000002CE6D06FF00100E5E76FF00300E2E7D9
:107E700007B518B3EFF30583CBB1002301A9019334
:107E800000F045FE012804D06FF0020003B05DF859
:107E900004FB019B4BB14FF0E0234FF08052C3F83D
:107EA000042DBFF34F8FBFF36F8F0020EEE71A460C
:107EB000194600F01DFD0128F7D0E5E76FF003003B
:107EC000E4E7F7B505460E461446EFF305871FB104
:107ED0000025284603B0F0BD0028F9D00029F7D0CE
:107EE000DAB1D2E9023283B14F2AF1D92269002AEC
:107EF000EED066694D43AE42EAD3009700F043FCF2
:107F000005460028E4D0246811E0002AE0D1236966
:107F1000002BDDD16369002BDAD1284600223146DF
:107F200000F07FFC05460028D2D0002CEBD1214682
:107F3000284600F0E5FFCCE773B51C46EFF3058655
:107F4000DEB138B331B32BBB01AA019300F082FD3F
:107F5000012803D06FF0020002B070BD019B0BB985
:107F60000020F9E74FF0E0234FF08052C3F8042DD2
:107F7000BFF34F8FBFF36F8FF2E758B151B1334664
:107F8000224600F0B5FC0128EAD0002CE2D06FF0C8
:107F90000100E1E76FF00300DEE737B51C46EFF3C1
:107FA0000583DBB130B329B324BB01AA019400F0EF
:107FB0005AFF012803D06FF0020003B030BD019BCF
:107FC0000BB90020F9E74FF0E0234FF08052C3F8DF
:107FD000042DBFF34F8FBFF36F8FF2E750B149B15C
:107FE000224600F0E5FD0128EBD0002CE3D06FF035
:107FF0000100E2E76FF00300DFE70000034B0360DE
:10800000034B0B6080231360704700BFBC3200201D
:10801000BC300020034B0360034B0B604FF48073B4
:10802000136070475C3000205C2C002010B5104BB2
:108030001A461B688342FBD354681119884201BF5A
:108040004168104609195160446801198B420CD1EE
:10805000084909688B4203D0596821444160196876
:108060000160904218BF106010BD1946F8E700BFCC
:1080700038330020343300202DE9F041044601F06C
:10808000B1F94249424D0B680BBB424A56071FBF2C
:10809000D01D20F0070002F58032131A0CBF4FF4F8
:1080A0008033024613443C4E083B23F00703002074
:1080B00070603260C3E90000981AC2E900300B60BA
:1080C000364B1860364B18604FF000432B602E681B
:1080D000264255D1002C46D004F1080360071CBF8E
:1080E00023F007030833002B4AD02D4F3C689C42F5
:1080F00046D3294A15686868984204D2D5F800C06A
:10810000BCF1000F15D10968A94239D02968D2F80D
:1081100000801160C21A102A12D9E81841070BD04A
:108120004FF0500383F31188BFF36F8FBFF34F8F6E
:10813000FEE72A466546DEE742606B60FFF776FFA2
:108140006A681649A41A1643164A08683C60002358
:108150002B6013686E60844203F1010338BF0C602A
:10816000136008F1080401F0E1F963070AD04FF049
:10817000500383F31188BFF36F8FBFF34F8FFEE778
:108180000024F0E72046BDE8F08100BF3433002032
:108190002033002040330020383300202C330020CF
:1081A000303300202833002010B5044690B31A4A1B
:1081B00050F8043C1268134208D14FF0500383F387
:1081C0001188BFF36F8FBFF34F8FFEE750F8081C85
:1081D00041B14FF0500383F31188BFF36F8FBFF3AA
:1081E0004F8FFEE723EA020340F8043C01F0FAF85F
:1081F0000A4A54F8043C1168A4F108000B441360C7
:10820000FFF714FF064A1368BDE8104001331360FE
:1082100001F08CB910BD00BF2033002030330020A6
:108220002433002000F108034FF0FF32C0E902239D
:1082300043600361002303607047002303617047BC
:1082400043684B609A688A6051609960036808616E
:1082500001330360704730B50C68631C0AD10369B1
:108260005A684A6091608B60596003680861013305
:10827000036030BD00F10802134652681568A5423C
:10828000FAD9EDE7D0E9011203698A6051605968B3
:10829000814208BF5A60002202611A68013A1A60DE
:1082A0001868704708480068006880F308884FF035
:1082B000000080F3148862B661B6BFF34F8FBFF33E
:1082C0006F8F00DF00BF000008ED00E0DFF80C005A
:1082D000016841F4700101607047000088ED00E022
:1082E00082B0002301930D4B1B68013308D04FF07F
:1082F000500383F31188BFF36F8FBFF34F8FFEE7F7
:108300004FF0500383F31188BFF36F8FBFF34F8F8C
:10831000019B002BFCD002B0704700BF84000020FE
:108320004FF0807340F8043C074B40F80C3C21F0C0
:1083300001016FF0020340F8081C40F8202C40F8BF
:10834000243C4438704700BFE18200080000000070
:10835000074B19680868B0E8F04F80F30988BFF34D
:108360006F8F4FF0000080F311887047AFF30080EB
:10837000803801204FF0500383F31188BFF36F8FD3
:10838000BFF34F8F0A4A13680133012B13600ED1DC
:108390004FF0E023D3F8043DDBB243B14FF050037C
:1083A00083F31188BFF36F8FBFF34F8FFEE77047E2
:1083B00084000020084A136843B94FF0500383F348
:1083C0001188BFF36F8FBFF34F8FFEE7013B136040
:1083D0000BB983F31188704784000020000000006F
:1083E000EFF30980BFF36F8F154B1A681EF0100F63
:1083F00008BF20ED108A20E9F04F10602DE9090038
:108400004FF0500080F31188BFF34F8FBFF36F8F91
:1084100001F024F94FF0000080F3118809BC1968BD
:108420000868B0E8F04F1EF0100F08BFB0EC108ADB
:1084300080F30988BFF36F8F704700BFAFF30080F0
:108440008038012008B54FF0500383F31188BFF343
:108450006F8FBFF34F8F00F0D3FF28B14FF0E023B1
:108460004FF08052C3F8042D002383F3118808BD18
:108470004FF0E022002313619361054B4FF47A71B2
:108480001B68B3FBF1F3013B536107231361704792
:10849000780000204FF0E02337B5D3F8001D384AAC
:1084A000914208D14FF0500383F31188BFF36F8FCF
:1084B000BFF34F8FFEE7D3F8002D324B9A4208D11D
:1084C0004FF0500383F31188BFF36F8FBFF34F8FCB
:1084D000FEE72D4B1A78D2B20192FF221A701B7858
:1084E0002A4ADBB28DF803309DF8033003F05003C5
:1084F0001370274A072313609DF8031013680906B9
:108500000AD4032B11D04FF0500383F31188BFF32B
:108510006F8FBFF34F8FFEE7013B13609DF8033071
:108520005B00DBB28DF80330E6E74FF44073136075
:10853000019B154A4FF0E024DBB21370D4F8203DC4
:1085400043F47003C4F8203DD4F8203D43F0704359
:10855000C4F8203DFFF78CFF0E4B00251D60FFF790
:10856000B5FED4F8343F43F04043C4F8343FFFF73E
:1085700099FE01F073F8FFF7B3FE284603B030BD53
:1085800071C20F4170C20F4100E400E0443301208A
:108590004033012084000020EFF305830F2B0ED918
:1085A000114A9B5C114A12789A4208D94FF0500345
:1085B00083F31188BFF36F8FBFF34F8FFEE74FF048
:1085C000E0230B4AD3F80C3D126803F4E0639342B6
:1085D00008D94FF0500383F31188BFF36F8FBFF3B7
:1085E0004F8FFEE7704700BFF0E300E04433012007
:1085F0004033012010B50446FFF7BCFEA46BFFF723
:10860000D9FEB4FA84F0400910BD70B51646026C6C
:10861000856B044642B906689EB9806801F06CF922
:10862000A6600135A56370BD6EB940681DF01DF8E8
:108630006368226C1344A2686360934224BF23687A
:1086400063600020EDE7C0681DF00FF8226CE3685E
:1086500051429B1A2268E36093423EBFA3685B18B5
:10866000E360022EEDD10DB1013DEAE72846D8E7DF
:10867000034610B41A6C08466AB1DC689968144461
:108680008C4228BF1968DC6028BFD960D9685DF8C2
:10869000044B1CF0EABF5DF8044B704770B504460C
:1086A000FFF768FE94F8455004F124066DB2002DE2
:1086B00001DD636AB3B9FF2384F84530FFF77AFE22
:1086C000FFF758FE94F8445004F110066DB2002DE7
:1086D00001DD23697BB9FF2384F84430BDE8704095
:1086E000FFF768BE304601F02BF808B101F0B0F892
:1086F000013D6DB2DBE7304601F022F808B101F030
:10870000A7F8013D6DB2E2E738B50D46044640B921
:108710004FF0500383F31188BFF36F8FBFF34F8F78
:10872000FEE7FFF727FED4E90F31226862604B4372
:10873000D0185B1A1A44A060FF230020A063E260F7
:1087400084F8443084F84530A5B9236973B104F145
:10875000100000F0F5FF48B14FF0E0234FF08052D9
:10876000C3F8042DBFF34F8FBFF36F8FFFF722FEC7
:10877000012038BD04F11000FFF754FD04F124007E
:10878000FFF750FDF2E737B50D461C4640B94FF0F4
:10879000500383F31188BFF36F8FBFF34F8FFEE752
:1087A00043B94FF0500383F31188BFF36F8FBFF3CA
:1087B0004F8FFEE74AB191B94FF0500383F3118810
:1087C000BFF36F8FBFF34F8FFEE741B14FF0500300
:1087D00083F31188BFF36F8FBFF34F8FFEE75023F2
:1087E0000193019B502B08D04FF0500383F3118865
:1087F000BFF36F8FBFF34F8FFEE70121002D08BF3E
:108800002246C4E90F0584F8461022602046019BE9
:10881000FFF77AFF9DF8183084F84C30204603B0FB
:1088200030BDF8B50D461746064640B94FF0500327
:1088300083F31188BFF36F8FBFF34F8FFEE7484379
:108840005030FFF719FC044670B1002380F8463021
:1088500065B100F15003C4E90F6523600121204692
:10886000FFF752FF84F84C702046F8BD0346F2E74C
:1088700013B513460C4640B94FF0500383F31188EB
:10888000BFF36F8FBFF34F8FFEE7884208D24FF0E0
:10889000500383F31188BFF36F8FBFF34F8FFEE751
:1088A0000222009200221146FFF76DFF00B184639F
:1088B00002B010BD10B50C4640B94FF0500383F321
:1088C0001188BFF36F8FBFF34F8FFEE7884208D246
:1088D0004FF0500383F31188BFF36F8FBFF34F8FB7
:1088E000FEE702220021FFF79CFF00B1846310BD68
:1088F0002DE9FF410F4601921E46044640B94FF054
:10890000500383F31188BFF36F8FBFF34F8FFEE7E0
:1089100051B9036C43B14FF0500383F31188BFF397
:108920006F8FBFF34F8FFEE7022E0BD1E36B012B4E
:1089300008D04FF0500383F31188BFF36F8FBFF35C
:108940004F8FFEE700F08AFF054620B300254FF069
:108950000008FFF70FFDA26BE36B9A4227D2324665
:1089600039462046FFF751FE636A1BB104F124002B
:1089700000F0E6FE48B14FF0E0234FF08052C3F81C
:10898000042DBFF34F8FBFF36F8FFFF713FD01204F
:1089900004B0BDE8F081019B002BD8D04FF050030C
:1089A00083F31188BFF36F8FBFF34F8FFEE7022E63
:1089B000D5D0019B1BB9FFF7FDFC0020E8E715B9F6
:1089C00002A800F0FDFEFFF7F5FC00F00BFDFFF73D
:1089D000D1FC94F84430FF2B08BF84F8448094F80D
:1089E0004530FF2B08BF84F84580FFF7E3FC01A961
:1089F00002A800F0F1FE38BBFFF7BCFCA26BE36BF2
:108A00009A420ED1FFF7D6FC019904F1100000F054
:108A10005FFE2046FFF742FE00F088FD48B10125C9
:108A200097E7FFF7C7FC2046FFF738FE00F07EFD12
:108A3000F5E74FF0E0234FF08052C3F8042DBFF369
:108A40004F8FBFF36F8FEAE72046FFF727FE00F056
:108A50006DFDB2E72DE9F843894617461E460446E8
:108A600040B94FF0500383F31188BFF36F8FBFF30A
:108A70004F8FFEE751B9036C43B14FF0500383F3BE
:108A80001188BFF36F8FBFF34F8FFEE7022E0BD11C
:108A9000E36B012B08D04FF0500383F31188BFF331
:108AA0006F8FBFF34F8FFEE7FFF776FDEFF311886F
:108AB0004FF0500383F31188BFF36F8FBFF34F8FD5
:108AC000A26BE36B9A4201D3022E1ED194F845505B
:108AD000A36B6DB2324649462046FFF796FD6B1CEC
:108AE0000ED1636A3BB104F1240000F029FE10B1FD
:108AF0000FB101233B60012088F31188BDE8F883A2
:108B000001356DB284F84550F5E70020F4E770B503
:108B10000D46044640B94FF0500383F31188BFF36C
:108B20006F8FBFF34F8FFEE7036C43B14FF05003DD
:108B300083F31188BFF36F8FBFF34F8FFEE7036896
:108B400053B9836843B14FF0500383F31188BFF3E7
:108B50006F8FBFF34F8FFEE7FFF71EFDEFF3118618
:108B60004FF0500383F31188BFF36F8FBFF34F8F24
:108B7000A26BE36B934219D994F845100132FF2997
:108B80004BB2A2630DD1636A3BB104F1240000F043
:108B9000D7FD10B10DB101232B60012086F31188A0
:108BA00070BD01335BB284F84530F6E70020F5E78D
:108BB0002DE9FF410E460192044640B94FF05003A3
:108BC00083F31188BFF36F8FBFF34F8FFEE751B967
:108BD000036C43B14FF0500383F31188BFF36F8FE1
:108BE000BFF34F8FFEE700F039FE054618B30025AE
:108BF0004FF00008FFF7BEFBA76B47B33146204696
:108C0000013FFFF735FDA763236973B104F110003D
:108C100000F096FD48B14FF0E0234FF08052C3F8CA
:108C2000042DBFF34F8FBFF36F8FFFF7C3FB0120FE
:108C300004B0BDE8F081019B002BD9D04FF0500368
:108C400083F31188BFF36F8FBFF34F8FFEE7019B54
:108C50001BB9FFF7AFFB0020EAE715B902A800F047
:108C6000AFFDFFF7A7FB00F0BDFBFFF783FB94F818
:108C70004430FF2B08BF84F8448094F84530FF2B24
:108C800008BF84F84580FFF795FB01A902A800F012
:108C9000A3FD00BB2046FFF7ADFCB0B1019904F184
:108CA000240000F015FD2046FFF7F8FC00F03EFC24
:108CB00048B94FF0E0234FF08052C3F8042DBFF3C2
:108CC0004F8FBFF36F8F012594E72046FFF7E6FC37
:108CD00000F02CFCF7E72046FFF7E0FC00F026FC54
:108CE0002046FFF787FC0028EDD0B4E7F0B585B04B
:108CF0000446019140B94FF0500383F31188BFF34C
:108D00006F8FBFF34F8FFEE7056C45B14FF05003F7
:108D100083F31188BFF36F8FBFF34F8FFEE700F02F
:108D20009DFD064620B32E460027FFF723FBA36BCD
:108D300053B3013BA363236813B900F06DFEA06039
:108D4000236973B104F1100000F0FAFC48B14FF050
:108D5000E0234FF08052C3F8042DBFF34F8FBFF3D1
:108D60006F8FFFF727FB012005B0F0BD3546DBE72D
:108D7000019B002BFAD04FF0500383F31188BFF30F
:108D80006F8FBFF34F8FFEE7019B53B9002D66D065
:108D90004FF0500383F31188BFF36F8FBFF34F8FF2
:108DA000FEE716B902A800F00BFDFFF703FB00F089
:108DB00019FBFFF7DFFA94F84430FF2B08BF84F863
:108DC000447094F84530FF2B08BF84F84570FFF7D6
:108DD000F1FA01A902A800F0FFFC50BB2046FFF702
:108DE00009FC00B323683BB9FFF7C4FAA06800F0A0
:108DF00045FD0546FFF7DEFA019904F1240000F075
:108E000067FC2046FFF74AFC00F090FB48B94FF0A2
:108E1000E0234FF08052C3F8042DBFF34F8FBFF310
:108E20006F8F012681E72046FFF738FC00F07EFBBC
:108E3000F7E72046FFF732FC00F078FB2046FFF70B
:108E4000D9FB0028EDD065B1FFF794FA616A19B13A
:108E5000236B1968C1F13801A06800F08FFDFFF79E
:108E6000A9FA002080E72DE9F84389469046044698
:108E700040B94FF0500383F31188BFF36F8FBFF3F6
:108E80004F8FFEE751B9036C43B14FF0500383F3AA
:108E90001188BFF36F8FBFF34F8FFEE7FFF77CFBA7
:108EA000EFF311874FF0500383F31188BFF36F8FF7
:108EB000BFF34F8FA56B0DB394F84460494676B26B
:108EC0002046FFF7D5FB013D731CA56311D1236933
:108ED00053B104F1100000F033FC28B1B8F1000FD9
:108EE00002D00123C8F80030012087F31188BDE8C3
:108EF000F883013676B284F84460F5E72846F4E753
:108F000030B5074A002352F8335002EBC3041DB9B1
:108F100042F83310606030BD0133082BF3D1FAE71B
:108F20004833012010B5094A002352F8331081421A
:108F30004FEAC30406D1064A002142F83310224406
:108F4000516010BD0133082BEFD1FAE74C330120FB
:108F50004833012010B540B94FF0500383F3118816
:108F6000BFF36F8FBFF34F8FFEE7FFF7DBFF90F884
:108F700046301BB9BDE81040FFF716B910BD70B5FB
:108F800004460D461646FFF7F5F994F84430FF2BDA
:108F900004BF002384F8443094F84530FF2B04BF0D
:108FA000002384F84530FFF705FAA36B2BB932464E
:108FB000294604F1240000F0A5FB2046BDE87040DE
:108FC000FFF76CBB2DE9F0410446FFF7D3F9304BB6
:108FD000304E1A68304F01321A603568002D4BD17F
:108FE00034601B68012B1FD1B84640460135FFF79E
:108FF00019F9382D08F11408F7D1DFF8C480274D8E
:109000004046FFF70FF92846FFF70CF92448FFF711
:1090100009F92448FFF706F92348FFF703F9234B22
:10902000C3F80080224B1D60224A1368013313608D
:10903000214A63641168E36A14208B4200FB0370C9
:1090400004F1040188BF1360FFF7FAF8FFF7B2F9E3
:109050001A4B1B6873B13368DA6AE36A9A4209D221
:109060004FF0E0234FF08052C3F8042DBFF34F8F31
:10907000BFF36F8FBDE8F081104B1A68E36A002AD6
:10908000D2D13268D26A9A4298BF3460CCE700BF2E
:10909000AC3301208038012020340120F833012036
:1090A000DC330120C8330120B0330120F433012028
:1090B000F033012090330120A4330120A03301209C
:1090C0000C340120F8B5154B154D1C680646286870
:1090D00004300F46FFF7D6F8731C07D137B1296863
:1090E0001048BDE8F8400431FFF7AAB82B68A4196E
:1090F0005C6007D30C4B18682968BDE8F840043160
:10910000FFF7A9B8094B186829680431FFF7A3F8DD
:10911000074B1A68A24288BF1C60F8BDA833012023
:1091200080380120B0330120F0330120F4330120D6
:109130008C330120064A13681968064B19B94FF0A1
:10914000FF321A6070471268D268D2685268F8E736
:10915000F43301208C33012010B590F85D300446C3
:109160003BB9006BFFF720F82046BDE81040FFF741
:109170001BB8012BF9D0022B08D04FF0500383F31A
:109180001188BFF36F8FBFF34F8FFEE710BD000054
:1091900080B5134C134F144D236873B9134B1B68E0
:1091A000012BF8D94FF0E0234FF08052C3F8042D83
:1091B000BFF34F8FBFF36F8FEDE7FFF7DBF8FB686F
:1091C000DE68301DFFF75EF82B68013B2B602368DB
:1091D000013B2360FFF7EEF83046FFF7BDFFDBE70A
:1091E000C4330120C8330120AC33012020340120D6
:1091F0002DE9F047DDE909949600324607460D4611
:10920000206BA52198461CF060F9236B043E1E4498
:1092100026F00706B5B36B1E04F133020F3513F8C1
:10922000011F02F8011F09B1AB42F8D1002384F8F5
:109230004330089D372D28BF37254FF0000AE562DF
:10924000E564201DC4F850A0FEF7F7FFC5F138050E
:1092500004F11800FEF7F1FFC4F858A02461A561DD
:109260006462C4F854A084F85CA042463946304693
:10927000FFF756F82060B9F1000F01D0C9F800409F
:10928000BDE8F08784F83450D3E770B586B0DDE9E7
:109290000B5445B94FF0500383F31188BFF36F8F20
:1092A000BFF34F8FFEE744B94FF0500383F31188AB
:1092B000BFF36F8FBFF34F8FFEE760260596059EC5
:1092C000602E08D04FF0500383F31188BFF36F8FE7
:1092D000BFF34F8FFEE72563022584F85D5004AD90
:1092E00001950A9D02940095059EFFF781FF204697
:1092F000FFF768FE049806B070BD2DE9F0430746FD
:1093000085B09000884616469946FEF7B5FE05469C
:1093100020B94FF0FF3005B0BDE8F0836020FEF7C4
:10932000ABFE044698B1002380F85D300D9B0563C9
:1093300001930C9B0290009332464B4641463846BF
:10934000FFF756FF2046FFF73DFE0120E3E72846E2
:10935000FEF72AFFDDE7000010B588B0002407AA59
:1093600006A905A8CDE90544FEF748FE059B029332
:10937000069B079A16491748CDE900432346FFF795
:1093800084FF18B300F0A6FB012814D14FF050035E
:1093900083F31188BFF36F8FBFF34F8F0E4B4FF0E6
:1093A000FF321A600D4B18600D4B1C6008B0BDE811
:1093B0001040FFF76FB8013008D14FF0500383F32E
:1093C0001188BFF36F8FBFF34F8FFEE708B010BD5A
:1093D0003F6C0208919100088C330120A0330120DA
:1093E000A8330120024A136801331360704700BF9D
:1093F00088330120014B1868704700BFA833012053
:109400003F4B1B682DE9F74F002B72D13D4B1C6879
:1094100001341C60BCB93C4B1A68126842B14FF071
:10942000500383F31188BFF36F8FBFF34F8FFEE7B5
:10943000364A1968106818601160354A136801339C
:109440001360FFF777FE334D334E2B68334F9C424A
:109450004FF0000B12D23A68D26A14214A43B25834
:10946000022A2F4A126828BF4FF0010B002A18BFAA
:109470004FF0010B584603B0BDE8F08FDFF888903D
:10948000DFF8A4A0D9F8002012681AB94FF0FF3213
:109490002A60E0E7D9F80020D268D2F80C80D8F82A
:1094A00004108C4201D22960D5E708F10403184664
:1094B0000193FEF7E7FED8F8281019B108F118005B
:1094C000FEF7E0FED8F82C00DAF8001014238842EA
:1094D00088BFCAF80000019903FB0060FEF7B0FEE8
:1094E0003868D8F82C10C26A914228BF4FF0010B9F
:1094F000C8E70C4A1368013313604FF0000BB9E75B
:1095000088330120A8330120F4330120F0330120F7
:10951000943301208C330120203401208038012035
:10952000983301209C330120A43301202DE9F04120
:10953000304C236843B94FF0500383F31188BFF3D5
:109540006F8FBFF34F8FFEE7FEF714FF2368013BD9
:10955000236024682CB10024FEF72CFF2046BDE8D0
:10956000F081254B1B68002BF5D0244D244EDFF8ED
:10957000A0801DE0EB68DC68271D04F11800FEF7F1
:1095800081FE3846FEF77EFEE36A3268142093427D
:1095900000FB0380394688BF3360FEF751FE194B4C
:1095A000E26A1B68DB6A9A4202D3174B01221A60F7
:1095B0002B68002BDED10CB1FFF7BCFD134D2C68DE
:1095C00044B1114E0127FFF71BFF00B13760013C8A
:1095D000F9D12C600C4B1B68002BBCD04FF0E02362
:1095E0004FF08052C3F8042DBFF34F8FBFF36F8F3E
:1095F0000124B1E788330120AC330120DC330120A2
:10960000A433012080380120983301209C330120AD
:109610002034012008B550B94FF0E0234FF08052BC
:10962000C3F8042DBFF34F8FBFF36F8F08BD0A4BF4
:10963000196841B14FF0500383F31188BFF36F8F66
:10964000BFF34F8FFEE7FFF7CDFEFFF73BFDFFF7C0
:109650006DFF0028E0D0E9E788330120174B1A6836
:10966000174B70B512B101221A6070BD154D1A600A
:109670002A681549142606FB02F3C818CC588CB189
:1096800044680833646844600B449C4204BF6368C8
:109690004360142303FB02114B68D9680B4B19601C
:1096A0002A60E2E742B94FF0500383F31188BFF319
:1096B0006F8FBFF34F8FFEE7013ADCE7883301205D
:1096C00098330120A4330120203401208038012068
:1096D00010B50C4640B94FF0500383F31188BFF327
:1096E0006F8FBFF34F8FFEE7054B19681831FEF7F8
:1096F000B2FD20460121BDE81040FFF7E3BC00BFEA
:109700008038012038B50D46144640B94FF050035B
:1097100083F31188BFF36F8FBFF34F8FFEE7074BC3
:1097200019681831FEF78CFD002C21460CBF284625
:109730004FF0FF30BDE83840FFF7C4BC803801204F
:1097400038B5C368DC6844B94FF0500383F311881F
:10975000BFF36F8FBFF34F8FFEE704F11805284664
:10976000FEF790FD104B1B68DBB9251D2846FEF760
:1097700089FD0E4AE36A11688B4288BF13600C4A68
:109780001420294600FB0320FEF75AFD094BE26A2C
:109790001B68DB6A9A4283BF074B012018600020D8
:1097A00038BD06482946EFE788330120A43301205D
:1097B000203401208038012098330120DC3301203F
:1097C000034B1B680360034B1B684360704700BF7B
:1097D00094330120A833012070B50C46054640B9EA
:1097E0004FF0500383F31188BFF36F8FBFF34F8F98
:1097F000FEE741B94FF0500383F31188BFF36F8F39
:10980000BFF34F8FFEE7FEF7B5FD0F4B19682368D6
:109810005A1C10D00D482E6800686A68864201D034
:109820008A420FD9881A83420AD95B1A13442360EB
:109830002846FFF7C5FF0024FEF7BCFD204670BD9B
:10984000002323600124F7E7A8330120943301208B
:10985000014B01221A60704798330120054B1B68A9
:1098600033B1054B1868B0FA80F0400940007047EA
:1098700001207047A033012088330120F8B5044649
:1098800038B31A4DC36A2A68D26A934226D28269D3
:10989000174E002AA1BF2A68D26AC2F1380282613B
:1098A000142202FB036342699A4213D1071D384612
:1098B000FEF7E8FC2B680F4ADB6A1168E3621420AC
:1098C0008B4200FB0360394688BF1360FEF7B8FC8B
:1098D0000120F8BD2B68DB6AC362F9E72B68C06C16
:1098E000DB6A98422CBF00200120F2E7803801207B
:1098F00020340120A433012038B508B9002038BD38
:109900001B4B1C68844208D04FF0500383F311882E
:10991000BFF36F8FBFF34F8FFEE7236D43B94FF057
:10992000500383F31188BFF36F8FBFF34F8FFEE7B0
:10993000E16AE26C013B91422365DFD0002BDDD16F
:10994000251D2846FEF79EFCE36CE362C3F1380256
:10995000A261084A11688B4288BF1360064A14202E
:1099600000FB03202946FEF76BFC0120C7E700BF80
:1099700080380120A43301202034012070B5044632
:10998000002841D0026D42B94FF0500383F3118893
:10999000BFF36F8FBFF34F8FFEE7C36C994238BFA1
:1099A0001946C36A8B422FD0012A2DD1174A12685B
:1099B000824208D14FF0500383F31188BFF36F8FB9
:1099C000BFF34F8FFEE78269114DC162002A4FF04D
:1099D000140202FB03534269A4BFC1F13801816143
:1099E0009A4211D1061D3046FEF74CFC094AE36A43
:1099F000116814208B4200FB03503146BDE87040D3
:109A000088BF1360FEF71CBC70BD00BF803801200A
:109A100020340120A4330120044B1A681AB11968BC
:109A20000A6D01320A651868704700BF803801204E
:109A3000914208B5416000610AD8D21A83699A42FE
:109A40000DD2084B011D1868FEF705FC002008BD6B
:109A50009A4201D2994202D2034B011DF3E7012041
:109A6000F5E700BF8039012084390120F7B5114C9A
:109A7000FEF780FC2568BDB90F4F104E3846FEF743
:109A8000D1FB3046FEF7CEFB0D4B0E4A1F600E4B4E
:109A900010211E600A200D4B0095FEF774FE206019
:109AA00010B10B49FFF72CFA03B0BDE8F040FEF708
:109AB00081BC00BF7C3901209C39012088390120FC
:109AC00084390120D43801208039012084380120D4
:109AD000446C020810B588B0FFF7C8FF124B1B6832
:109AE000B3B1002407AA06A905A8CDE90544FEF7ED
:109AF00091FA059B0293069B019302230093079A18
:109B00000A490B482346FFF7C0FB0A4B186040B9CF
:109B10004FF0500383F31188BFF36F8FBFF34F8F64
:109B2000FEE7012008B010BD7C390120496C020815
:109B3000359C0008783901207FB5164604461A4640
:109B400040B94FF0500383F31188BFF36F8FBFF319
:109B50004F8FFEE70D4D286880B10529CDE900162D
:109B600002940DDCFFF77AFE0023022808BF089A52
:109B7000286818BF1A466946FEF7BAFE04B070BDE1
:109B800000236946FEF766FFF8E700BF7C39012035
:109B90002DE9F347DFF898800646FFF72BFCD8F84D
:109BA00000308342054609D91F4F3B681A686AB9DD
:109BB0001E4A116839601360012300E00023284623
:109BC0003360C8F8005002B0BDE8F087DB68DC689D
:109BD000D3F8009004F1040A5046FEF753FB236AC1
:109BE0002046984794F828305B07DED5A3694B449C
:109BF000994506D23868636024615146FEF72BFB15
:109C0000D3E7002300934A4619462046FFF794FF06
:109C10000028CAD14FF0500383F31188BFF36F8F30
:109C2000BFF34F8FFEE700BF843901208039012048
:109C3000743901202DE9F0436E4D6F4E89B02B68C9
:109C4000D3F80080B8F1000F35D0DB68D3F800807E
:109C50000024FFF7C7FB04A8FFF79AFF049B814687
:109C6000002B69D1002C4CD1404550D3FFF75EFC4E
:109C70002B68DB68DF68381DFEF704FB97F8283097
:109C800058071AD5B96943464A4641443846FFF752
:109C9000CFFEB0B100942346424621463846FFF736
:109CA0004BFF70B94FF0500383F31188BFF36F8FF0
:109CB000BFF34F8FFEE70124CBE723F0010387F8C2
:109CC00028303B6A384698473068002204A9FEF7DE
:109CD0006FFF0028B3D0049B0698002B2FDB069C57
:109CE0006369002B32D103A8FFF752FF049B0246A1
:109CF000092BE9D8DFE803F02E2E2E575E762E2EA4
:109D0000575E3E4B1B681C68B4FA84F464093068E3
:109D10002246A8EB0901FFF732F9FFF707FC0028FC
:109D2000D2D14FF0E0234FF08052C3F8042DBFF39F
:109D30004F8FBFF36F8FC7E7FFF7F8FBC4E7059BB3
:109D400007999847049B002BBEDBC8E7201DFEF750
:109D500099FAC8E794F82830A16943F0010384F820
:109D60002830059B20461944FFF762FE0028ABD03F
:109D7000236A2046984794F828305907A4D5A26949
:109D8000059900230A44009319462046FFF7D4FEA4
:109D9000002899D14FF0500383F31188BFF36F8FE0
:109DA000BFF34F8FFEE794F8283023F0010384F8C7
:109DB000283089E794F8283043F0010384F82830EC
:109DC0000599A16141B94FF0500383F31188BFF3A6
:109DD0006F8FBFF34F8FFEE7034601442046FFF726
:109DE00027FE71E794F828309A07DED42046FEF764
:109DF000DBF969E7843901207C39012080390120B1
:109E00008088704770B5036805460C465B6A002180
:109E100098472B6806461B6A28469847A41BA4B29D
:109E2000B4FBF0F070BD00238380704710B5036869
:109E300081885B6A04469847A3880133A38010BDDC
:109E400003685B6A18477047024A026000228280FA
:109E5000704700BF1C780208836A00202BB120B92C
:109E60005A1A504250419B69F8E7704700234861F5
:109E70008B61836A13B98162704713469A69002A1D
:109E8000FBD1996170470022836A23B1996981628D
:109E9000C3E90522F8E77047002383627047002278
:109EA000028042808280C280704770B5846A0D460D
:109EB00016463CB1236820465B6D324629469847DA
:109EC000A469F6E770BD38B5846A0D4634B12B68D5
:109ED00021469B6828469847A469F7E738BD704734
:109EE00010B52C2104461AF0ADF9204610BD836A46
:109EF0009BB18B4209D19A6900215961826202B9F2
:109F000070479961704713463AB19A698A42FAD10B
:109F10008A699A610023C1E90533704710B4836AE6
:109F200004462BB903685DF8044B1B6E11461847B5
:109F300041B99361826254615DF8044B70470346F6
:109F40000028F9D099429869F9D190618A61F2E7C5
:109F50002DE9F0411F4690F824300D46164603B116
:109F60003860846A14B394F82530EBB1B4F9041066
:109F70008D4219DB238989B20B441BB29D4213DA4F
:109F8000B4F9062096420FDB638992B213441BB2E8
:109F90009E4209DA2368B21A691AD3F8248012B2F1
:109FA0003B4609B22046C047A469DBE7BDE8F08123
:109FB0002DE9F04F6E4CA1B024682A9D94F8499089
:109FC000039300242C802B9D2C801C600646CDE939
:109FD0000112FFF7BDFFB9F1030F40F3C280314614
:109FE0000CA808F0F7F8BDF930300693BDF932300F
:109FF0000793039BD3F800A0BAF1000F00F0B480E0
:10A00000514610A808F0E6F8019B069ABDF94410E5
:10A010009D18BDF94030079A022091FBF0F11944D8
:10A020006D1A029BBDF942101344BDF9462092FB04
:10A03000F0F20A449B1A5B4305FB05354D4F0FCFE9
:10A0400010AC0FC40FCF0FC40FCF0FC497E80F0091
:10A05000B9F10C0F84E80F004FF00303C8BF984616
:10A06000CDF800904FF00004DCBF09F1FF3292FB05
:10A07000F3F8631C10AA04F00104089302EB4414E3
:10A08000009B93FBF8F39BB204344FF0000B049356
:10A09000049A54F8043C13FB02F3019A9BB29918FA
:10A0A0000593B6F9043009B299424DDB3289134465
:10A0B0001BB2994248DA049B276817FB03F7029BFF
:10A0C000BFB2FA18B6F9063012B29A423CDB708978
:10A0D00003441BB29A4237DA00230B9330460BAB92
:10A0E000FFF736FF0B9A7AB352452DD011460EA8D2
:10A0F000099208F06FF8069ABDF93800019BBDF986
:10A100003C10BDF93EC013444FF0020E91FBFEF12E
:10A110000144581A079A029BBDF93A109CFBFEFCB9
:10A1200013448C44A3EB0C035B4300FB0033AB42B2
:10A13000099A08D203980B9901602A99059808801A
:10A140002B991D460F8092460BF1010BBBF1040FBA
:10A1500004F108049CD1009B089C4B4444450093A7
:10A1600087D121B0BDE8F08F4FF0FF3566E700BF23
:10A17000BC390120106102082DE9F043B1F90070EB
:10A180008C88B0F900903C44A4B20FFA84F8C14521
:10A190002FDA82884A4492B20FFA82FE774528DA93
:10A1A000B1F90250CB88B0F902602B441BB29E4239
:10A1B0001FDAC38833449BB20FFA83FC654518DA73
:10A1C0004F45B8BF4F46B542B8BF3546F045D8BF3A
:10A1D0002246D21B82804A88C98807800A4492B2EC
:10A1E00011B28C45A8BF13465B1BC3804580BDE8F8
:10A1F000F0830023038043808380C380F7E7B0F9B6
:10A200000430002B06DDB0F906000028CCBF00208A
:10A2100001207047012070472DE9F04100238D6A2D
:10A220000380044643808380C380002D40D0281DD6
:10A23000FFF7E5FF88B92046FFF7E1FFB5F90420F5
:10A24000B5F90630B5F908E0B5F90AC038B1228091
:10A250006380A4F804E0A4F806C0AD69E5E7B4F9AA
:10A260000000B4F90210B4F8048090420746A8BF79
:10A2700017467244B4F806E0278099420E464044DF
:10A28000A8BF1E467144634400B212B209B21BB2A9
:10A290009042ACBFC7EB0002C7EB02029942ACBFD1
:10A2A000C6EB0103C6EB03036680A280E380D4E71C
:10A2B0002046BDE8F0812DE9F34190F8253083B3C5
:10A2C000846A74B3B1F90050B1F90260B1F9047055
:10A2D000B1F9068094F8253003B36846211DADF826
:10A2E0000050ADF80260ADF80470ADF80680FFF7DD
:10A2F00043FF6846FFF783FF80B9BDF80030A288AE
:10A300009B1AADF80030E288BDF802309B1AADF818
:10A310000230236869469B6820469847A469002C50
:10A32000D8D102B0BDE8F08173B590F825300D4664
:10A33000164623B3846A14B394F82530EBB1286829
:10A3400069686B4603C36846211DFFF715FF684621
:10A35000FFF755FF88B9BDF80030A2889B1AADF809
:10A360000030E288BDF802309B1AADF80230236855
:10A370003246DB6D694620469847A469DBE702B0A8
:10A3800070BD13B50368D3F8B4400023CDE90033A2
:10A390006B46A04702B010BD012380F84B3080F817
:10A3A0006D307047012380F84B3080F86D30704776
:10A3B000436801225A72406803681B691847406865
:10A3C00003689B68184730B58BB004689DF85850F7
:10A3D00009959DF8545008959DF850500795BDF883
:10A3E0004C5006959DF8485005959DF844500495AD
:10A3F000BDF840500395BDF83C500295BDF838506B
:10A40000CDE900351346246C0022A0470BB030BDC7
:10A41000044B1B7823B190F86E0080F00100704768
:10A4200001207047BA39012010B50446406803681E
:10A430009B68984794F86D3013B1012384F86E300F
:10A4400010BD10B50446F7F755FCF7F75DFB6068E3
:10A450000368DB689847E06803689B68984723684F
:10A4600020469B6FBDE81040184700007FB5036889
:10A47000624DD3F8C03004469847002800F09E8013
:10A4800094F84830022B02D00120F7F7BBFA94F879
:10A490006A3084F86B3094F87930002684F86A606A
:10A4A00084F84B6033B123682046D3F8D430984702
:10A4B00084F8796094F84A30626883F0010353723B
:10A4C00001262E7006F042FC03685B6B984794F8F7
:10A4D0006B300BB984F86B6006F038FC03685B697D
:10A4E0009847E06D03681B69984794F86B3094F8BF
:10A4F0006C20013BDBB284F86B300AB1002BEBD14E
:10A500003F4A94F96810137801335BB29942137093
:10A5100010DCE06800231370036803AADB6802A95B
:10A5200098472368002859D0D3F8CC30DDE90212CF
:10A5300020469847606900238DF8073058B10368BA
:10A540000DF10701DB68984728B1E06D9DF8071011
:10A550000368DB68984704F11C0019F053F894F87D
:10A5600070300BB3206903681B699847636F064618
:10A5700003B96067636F234AF31A934214D92069C1
:10A5800003689B699847636F6422F31AB3FBF2F385
:10A59000B0FBF3F0002826DC84F86920206903680A
:10A5A0000021DB699847666723682046D3F8E030CE
:10A5B000984706F0CBFB03689B6B984723682046BF
:10A5C000D3F8C430984794F84830022B02D00120C9
:10A5D000F7F742FA00232B7004B070BDD3F8D030E7
:10A5E00020469847A6E76328CBBF0023C0F164004C
:10A5F00084F8693084F86900D0E700BFC0390120D1
:10A60000C139012000E1F50510B50446F7F7A2FBBA
:10A61000636800229A7210BDC1651C3018F0F0BF4B
:10A6200030B587B0044604A8CDE9041206F05AF903
:10A63000049BADF80C3006A9059B21F80A3D03A840
:10A6400006F0A2F994F86F10BDF80C20BDF80E309A
:10A6500004F11C0089B1B4F864500093B4F86010A0
:10A6600013462A4618F0DCFF28B1BDF90C302366EA
:10A67000BDF90E30636607B030BD19F011F8012343
:10A6800084F86F30F1E710B5002B46D081EA020064
:10A69000C40708D50B44013A8B423ED912F8010F8A
:10A6A00001F8010BF8E7D00742BF12F8010B01F8DF
:10A6B000010B03F1FF33012B11D981EA0204A40736
:10A6C000104622D023F001040C448C42024604D9E7
:10A6D000128821F8022B0230F7E703F0010323F080
:10A6E000030008448842144604D9246841F8044B06
:10A6F0000432F7E703F003030B44013A8B420CD911
:10A7000012F8010F01F8010BF8E79007E7D032F8D3
:10A71000020B21F8020B023BE1E7012010BD10B54E
:10A7200090F86F30044653B1B0F86430B0F8602050
:10A7300001211C3018F0B4FF002384F86F3010BDE5
:10A740002DE9F04385B004AD0446002045F8040D22
:10A75000A06906680195BDF83050009535689946A6
:10A760000F469046A847104D0646A5F80090F8F70A
:10A77000E5F90368DB6A984728B101280BD0304619
:10A7800005B0BDE8F0832B8808FB0372039BA3EBA5
:10A790004203E363F3E72A88039B08FB027202EBA0
:10A7A00042029A1AE263EAE7B6390120F8B5154B7E
:10A7B00090F87D401B88C56B93FBF4F40F4606466A
:10A7C000F8F7BCF90368DB6A984701280BD003D37C
:10A7D000022810D0F563F8BD0B4B19887C434C431D
:10A7E000A5EB4405F6E7084B19887C434C4304EB82
:10A7F00044042D1BEEE7044B19887C434C43A5EB26
:10A800008405E7E7B8390120B6390120F0B58BB0EF
:10A81000174604460E461D46F8F790F90368DB6AB2
:10A8200098479DF854300790CDE908030D4B2268F6
:10A830001B8806939DF8503005939DF84C30049387
:10A84000BDF848300393BDF844300293BDF8403062
:10A85000CDE900533146156C3B4600222046A847FF
:10A860000BB0F0BDB63901202DE9F04398460368DE
:10A870001D6C154B8BB01746B3F800900E4604467E
:10A88000F8F75CF90368DB6A98479DF85830CDE922
:10A8900008030223CDE90693012305939DF8543064
:10A8A0000493BDF850300393BDF84C300293BDF8CB
:10A8B00048300022CDE9008331463B462046A84778
:10A8C0000BB0BDE8F08300BFB63901202DE9F0439D
:10A8D00098460368DD6D114B87B0B3F800900E46C3
:10A8E00017460446F8F72AF90368DB6A98479DF88B
:10A8F0004430CDF80C90CDE904039DF8403002932C
:10A90000BDF83C300193BDF8383000933A464346D9
:10A9100031462046A84707B0BDE8F083B63901208C
:10A920002DE9F04F04468FB010460D4691461E4665
:10A930000AF056FB002800F09D802368DFF898B1EC
:10A94000DB6ADFF898A1614F2046984723682046CC
:10A950001B6B9847BBF8003001930DF13808BAF82B
:10A96000003002933B8828F81C9D0393584B0593B5
:10A970001A88049240460AF0C7FB388040460AF025
:10A98000F7FB059B80B21880524B1B78002B74D1CB
:10A990003B88ABF80030AAF800004846D4E90F879E
:10A9A0000AF01EFBC4E90F00002211462846B5F943
:10A9B0000490B5F906A0F8F75BF9012395F825B0E6
:10A9C00085F82530B6F90430002B5CDDB6F9063089
:10A9D000002B58DD2A460AAB52F8040F516803C316
:10A9E00031460AA8FFF7C8FB384BB3F90020ADF891
:10A9F000342000210AAA364B0C9192E80300B3F9E7
:10AA00000030ADF8363008AB83E8030018460CA9D7
:10AA1000FFF7B2FBE36C002B3CD1002084F8580018
:10AA200000262A686B696E610593926808A928461A
:10AA30009047059B6B61524684F85860494628460A
:10AA400085F825B0F8F714F9234B019A1A80234BA7
:10AA5000029A1A801D4B039A1A801D4B049A1A8081
:10AA6000C4E90F8723682046DB6A9847236820469D
:10AA70001B6B98470FB0BDE8F08F3B88ABF8000028
:10AA8000AAF8003089E72A460AAB52F8040F516849
:10AA900003C3A9E707A80AF0ADFC0646E06C03680B
:10AAA000DB6A98478642B8D1F8F748F8036806464B
:10AAB0005B6B059307A80AF09DFC059B0146304699
:10AAC000984780F00100C0B2A8E700BFB03901206C
:10AAD000B2390120B4390120B6390120B83901203A
:10AAE00010B5074B1B7804463BB103685B6B984776
:10AAF000E36B834201D1206C10BDE06BFCE700BF2B
:10AB0000BA3901202DE9F0418AB01D464FF4806327
:10AB1000CDE90131BDF84030ADF81830BDF8443012
:10AB2000ADF81A300024BDF84830BDF84C60ADF8DF
:10AB30001C309046074604948DF82040FFF7D0FF64
:10AB400006FB058500EB450578680595ADF81E60A8
:10AB50008DF822408DF821408DF823408DF8244057
:10AB6000036801A95B6898470AB0BDE8F0812DE948
:10AB7000F0438BB000241D464FF400638846914695
:10AB8000BDF8506004940746CDE90134FFF7A8FFF3
:10AB900006FB0595BDF84830ADF8183000EB4505CB
:10ABA000BDF84C3078680595ADF81A30ADF81C400A
:10ABB000ADF81E60CDF81080ADF820408DF8224031
:10ABC0008DF823408DF82440036801A95B689847FD
:10ABD0000BB0BDE8F08300002DE9F0418AB0984643
:10ABE0009DF85C509DF854C0BDF858709DF86040C9
:10ABF00000230B2D064604939DF8500038D1802386
:10AC0000CDE90131BDF84430ADF81830BDF8483019
:10AC1000ADF81A308DF82000BDF84C30ADF81C307E
:10AC200030460392FFF75CFF0B2C98BF1B4BBDF81F
:10AC3000402098BF195DADF81E7088BF002102FB4F
:10AC40000783C91001FB03009DF8643005908DF85F
:10AC5000233070688DF8215000238DF822408DF844
:10AC60002430036801A95B6898470AB0BDE8F08109
:10AC7000022D09D1FF2805D1BCF1000F14BF4023DC
:10AC80002023BDE74023BBE7FF2805D1BCF1000F1F
:10AC900014BF04230123B3E70423B1E7D8780208E3
:10ACA0002DE9F04F8BB01D469DF858909DF86060DF
:10ACB000BDF85CA0B9F1FF0F14BF082302230024E4
:10ACC000CDE901348846934604940746FFF708FF10
:10ACD0000B2E98BF154B9DF8642098BF9C5DBDF866
:10ACE0005030ADF8183005FB0AB5BDF85430ADF85A
:10ACF0001A30E41004FB0504002378680594ADF8CD
:10AD00001C30ADF81EA0CDF810808DF820908DF885
:10AD100023208DF824308DF821608DF8226003689F
:10AD200001A95B6898470BB0BDE8F08FD87802089E
:10AD30002DE9F0411E460A4B0F461D889046F7F755
:10AD4000FDFE0368DB6A98470B289ABF054B1C5C25
:10AD5000002408FB0570E41004FB0060BDE8F081EE
:10AD6000B6390120D8780208F0B58BB01F46BDF87F
:10AD70005430CDE90131BDF84030ADF81830BDF8A0
:10AD80004430ADF81A30BDF84830ADF81C3000251D
:10AD90009DF850308DF82030044616460495FFF794
:10ADA0009FFE3A46314603462046FFF7C1FF0E4B51
:10ADB00005901B88ADF81E30F7F7C0FE0368DB6A0C
:10ADC0009847139B8DF822008DF82100049360684A
:10ADD0009DF858308DF823308DF82450036801A970
:10ADE0005B6898470BB0F0BDB6390120F0B58DB067
:10ADF0006B4683E80600002306930368BDF80060F5
:10AE00005B6BBDF8027001250395044698473A46EE
:10AE1000314603462046FFF78BFF636C0793BDF86E
:10AE20000430ADF82030BDF80630ADF822300F4BBD
:10AE300004901B88ADF82430ADF82630F7F77EFE7D
:10AE40000368DB6A9847FF238DF829008DF82A00F4
:10AE500060688DF828308DF82B508DF82C500368E1
:10AE600003A95B689847606C0DB0F0BDB63901204E
:10AE70002DE9F0418CB01E466D46002385E80600A2
:10AE800006930368BDF800705B6BBDF80280012576
:10AE90000395044698474246394603462046FFF745
:10AEA00047FFBDF80430ADF82030BDF80630ADF8EE
:10AEB0002230114B04901B88ADF82430129BADF862
:10AEC00026300796F7F73AFE0368DB6A9847FF23B8
:10AED0008DF829008DF82A0060688DF828308DF8EB
:10AEE0002B508DF82C50036803A95B6898473046B7
:10AEF0000CB0BDE8F08100BFB6390120F0B585B0D7
:10AF000002AC84E806000546BDF80860BDF80A708A
:10AF1000FFF7E6FD3A46034631462846FFF708FFAD
:10AF2000054A2B68128800921E6F94E806000346BB
:10AF30002846B04705B0F0BDB639012070B590F88D
:10AF40006E3004469BB10220F6F7B0FD002384F872
:10AF50006E3084F86D3023682046D3F8C850FFF770
:10AF6000BFFD2B4601462046BDE87040184770BD26
:10AF700038B590F87B308B4204460D4606D0036806
:10AF800029B9D3F8D830984784F87B5038BDD3F826
:10AF9000DC30F8E710B50C4B1B78044653B990F839
:10AFA00048303BB9406800F02BF918B16268537A19
:10AFB000002BFCD0F6F7C6FE20460021FFF7D8FF95
:10AFC0002046FFF78DFD10BDBA39012070B504464B
:10AFD000036819B9DB6ABDE870401847002290F891
:10AFE0007B6080F87B20DB6A984763680121054617
:10AFF0009972204684F87B60FFF7BAFF284670BD3F
:10B00000D0E90320131A584258417047D0E903236E
:10B010009B1A002BDCBF82689B18012BCCBF002041
:10B020000120704702694368242000FB023070470A
:10B0300003681B69184770B5012303720446406812
:10B0400003689B6998470368402B05460CD010D8CD
:10B05000042B1DD004D8012B06D0022B2CD070BDA0
:10B06000082B1DD0202BFAD123682046DB6B984794
:10B0700013E0B3F5007FF7D004D8802BF4D0B3F5FC
:10B08000807FF0E7B3F5806FEED0B3F5006FE5E7B2
:10B090002368017F9B6B2046984723681B6B06E063
:10B0A0002368017F9B6B2046984723685B6B29468A
:10B0B0002046BDE87040184723682046DB6B984760
:10B0C000F3E7704770477047D0E90332D21A002A7D
:10B0D00010B5DCBF84681219012A16DD42682424E9
:10B0E00004FB032301F1200251F8044B43F8044B05
:10B0F0009142F9D10A781A70C3688268BFF35B8FF6
:10B1000001339A42D8BF9B1AC36010BD036982689D
:10B11000BFF35B8F01339A42D8BF9B1A036170471C
:10B1200070B504460E46606803685B68984700285F
:10B13000F9D10D4D28680368D3F880309847F6F7A9
:10B140000FFE28680121FFF713FF6068036831468E
:10B150009B68984723682046DB6A984728680368FD
:10B16000BDE87040DB6F1847BC39012008B5F6F721
:10B17000E9FDBDE80840F6F7EDBD10B51421044621
:10B1800019F060F8204610BD10B504464068036809
:10B190001B68984748B9637A3BB1237A2BB9236877
:10B1A00020465B6ABDE81040184710BD70B50446E4
:10B1B000406803681B689847054630B9237A23B175
:10B1C000606803685B6998472572606803681B685C
:10B1D000984728B9236820465B6ABDE87040184745
:10B1E000BDE87040F6F7C4BD10B5044C8260002283
:10B1F000C0E90041C0E9032210BD00BFEC7802089D
:10B20000406803681B6818472DE9F048204F9DF8F7
:10B21000185080FB0101A0FB07BC07FB01CC0BFB16
:10B220000CF7ABFB0B011C4601EB470100FB0CF3D9
:10B230000BFB0133A0FB0B011646194412A3D3E903
:10B240000023F5F725F8F72E90B29EBF02F0070213
:10B25000B618F6B2FB2C9EBFC0F3C103E418E4B2EB
:10B26000F72D9CBFC0F342102D180A484FEAC404C2
:10B2700000EA062004F4FC6498BFEDB2044344EAFB
:10B28000D50080B2BDE8F088778D7A7900000000A3
:10B29000A74BEC0000F8FFFF2DE9F04F2DED028BDE
:10B2A00001EB420487B0417CBDF94890BDF94C6088
:10B2B0009DF850A00546002900F09A80B0F90820BA
:10B2C00090ED087AC0684A4525DBB5EEC07AF1EE0C
:10B2D00010FA40F6FC72C8BF0022825800212D7C73
:10B2E0004FEA1228500908F4784E00F4FC60C2F3CB
:10B2F000C40C04EB4607002D44D0BAF1FF0F41D136
:10B3000061BB4EEA00004CEA0005BC4280F01782A7
:10B3100024F8025BF9E7B5F90A704F4508DCB5EE91
:10B32000C07AF1EE10FA40F6FC72D8BF0022D4E7E2
:10B33000A9EB020207EE902AF8EEE77AB5EEC07AA2
:10B3400067EE877AF1EE10FAFDEEE77A17EE902AB3
:10B35000D8BF02F2FF3292008258C0E7D5B25FFA3E
:10B3600088F8C2F3074A1E46BC4280F0E8813046A6
:10B370000095434652464946FFF746FF013624F8FA
:10B38000020BF1E7120E02FB0AF2531C03EB22221E
:10B39000121202FB0CF502FB0EF15043DFF8B0C3B2
:10B3A000D24302F0FF02FF26BC4280F0C881B4F80D
:10B3B00000E00EEA0C030EF4FC6802FB031302FB30
:10B3C000080893FBF6F398FBF6F803EA0C0308F47D
:10B3D000FC680EF01F0E43EA080302FB0E5E9EFBA4
:10B3E000F6FE0EF01F0E43EA0E0324F8023BDBE7E5
:10B3F000827C002A4FD0B0F9082007EE902AF8EEA0
:10B40000E77A07EE103AF8EEC76A1F46F4EEE76AED
:10B41000F1EE10FA00F29580B7EE007A37EE877AF7
:10B4200040F6FC7137EE667A06EE906AF8EEE66A50
:10B43000EA6895F810C0B4EEE67AF1EE10FA4ABF69
:10B44000BDEEC77A02968DED027A95ED087AB5EEDB
:10B45000C07AF1EE10FAC8BF0021525802994FEAA3
:10B46000122B04EB4101500903910BF4784B00F4CB
:10B47000FC60C2F3C401BCF1000F24D0BAF1FF0F8D
:10B4800021D14BEA000B41EA0B01039A944255D2B9
:10B4900024F8021BF9E707EE109AD0ED067AD0EDFA
:10B4A000056AB8EEC77A37EE677AC7EE267A90ED6E
:10B4B000087AB5EEC07AF1EE10FA44BF90ED077A43
:10B4C00077EEC77A9DE7120E02FB0AF202F1010C39
:10B4D0000CEB222212125043514302FB0BFBDFF80C
:10B4E00070820490D243059102F0FF024FF0FF0EEC
:10B4F00003998C4222D2208800F4FC610F46049903
:10B5000000EA080C02FB0CBC02FB07119CFBFEFCD2
:10B5100091FBFEF10CEA080C01F4FC614CEA01011C
:10B5200000F01F0C059802FB0C0C9CFBFEFC0CF0C1
:10B530001F0C41EA0C0124F8021BD9E7029A1A44B5
:10B5400017461E4436B2BE4240F3F98095ED077AA5
:10B5500006EE907A37EE877AF8EEE66AB4EEE67A8F
:10B56000F1EE10FA40F3B58006EE106AB8EEC66A46
:10B570009FED758A2B7CB4EEC67AF1EE10FAD8BF37
:10B58000BDEEC77A9FED716AD8BF17EE108A95EDB0
:10B59000087AB5EEC07AC8BFB04676EEE77AF1EE2B
:10B5A00010FAA8EB0707D8BFB0EE468A04EB4707AE
:10B5B000A7EE278ADBB1BAF1FF0F18D1BC4262D2E5
:10B5C000FDEEC87AEB6817EE900A53F82020D3B24C
:10B5D00000934946C2F30723C2F30742FFF714FE64
:10B5E00024F8020BD5ED087A38EE278AE6E7DFF873
:10B5F00060B14FF0FF09BC4245D2FDEEC87AEB685E
:10B60000B4F800E017EE902A53F82220130E03FB43
:10B610000AF3581C00EB232000126FEA000C5FFABB
:10B620008CFC0BEA12210EEA0B030CFB03F389B22C
:10B6300000FB013191FBF9F101EA0B03029353097D
:10B6400003F4FC6319460EF4FC630CFB03F300FBEC
:10B6500001330EF01F0E029993FBF9F3C2F3C402FB
:10B6600003F4FC630CFB0EFC194300FB02C090FBCF
:10B67000F9F000F01F00014324F8021BD5ED087A11
:10B6800038EE278AB7E7464559DDD5ED087AEA68EE
:10B69000297CF5EEC07AF1EE10FA40F6FC73D8BFC3
:10B6A0000023A6EB0806D258100A530904EB4606FD
:10B6B00000F4784003F4FC63C2F3C40759B1BAF153
:10B6C000FF0F08D118433843B44238D224F8020B94
:10B6D000FAE7B846D9E7120E02FB0AF14A1C02EB60
:10B6E0002122121202FB07F550435343DFF860C0DA
:10B6F000D24302F0FF02FF27B44220D2B4F800E0A8
:10B700000EEA0C010EF4FC6802FB010102FB083892
:10B7100091FBF7F198FBF7F801EA0C0108F4FC68DB
:10B720000EF01F0E41EA080102FB0E5E9EFBF7FEC3
:10B730000EF01F0E41EA0E0124F8021BDCE707B0F1
:10B74000BDEC028BBDE8F08F00000000FEFF7F44DF
:10B7500000F8FFFF7047704710B52421044618F029
:10B7600071FD204610BD0000064BC1604A0903EA86
:10B77000112302F4FC621343C1F3C4011943018293
:10B78000704700BF00F8FFFFA0F10800ECE700BF22
:10B7900008B5054B18680368D3F8AC309847431ECA
:10B7A0005842584108BD00BFBC39012070470838D5
:10B7B000704730B401EB4204BDF90C50028A02928A
:10B7C0009DF81030C2682946204630BCF6F798BC78
:10B7D000F6F78ABC10B51421044618F033FD204654
:10B7E00010BDA0F10800F5E70023C384038543855D
:10B7F0008385806910B103681B691847704780ED25
:10B800000C0A704738B50B0E83770368DB6B044670
:10B810000D469847036829469B6898472368204649
:10B820001B6C9847A06138BD4177704730B50D4615
:10B8300000F134040FCD0FC40FCD0FC42B6823606B
:10B8400030BD38B50446031D0868496803C3136852
:10B85000C4F826305368C4F82A300025A56104F1E5
:10B86000340006F0A9FFFF236377A3774FF07E53E0
:10B870002363012384F8243084F8255038BD000068
:10B880002DE9F0432DED0A8B70EE417A87B0F5EE8D
:10B89000407AF1EE10FA0546F0EE409AB0EE60AA5A
:10B8A000B0EE419AF0EE618AB0EE42CAF0EE62CAA2
:10B8B0009DF86060199F026812D170EEE17AF5EE92
:10B8C000407AF1EE10FA0BD101F180410139926A10
:10B8D00053F8211007B0BDEC0A8BBDE8F0431047C8
:10B8E000FF23AB77936BDFF8C4922846984705F1A6
:10B8F0003408B5F90830C380F0EE4A0AB0EE690AA0
:10B900000446404607F007F84046B0EE40BAF0EE75
:10B9100060BA8DED000ACDED010AB0EE490AF0EEF5
:10B92000680A06F0F8FFB4EE40BAF1EE10FAF4EE51
:10B9300060BA0CBF01230023F1EE10FAB4EE40BA56
:10B9400063740CBF01230023F1EE10FAB0EE408ABD
:10B95000F0EE60AA8DED020ACDED030AA37430D09B
:10B96000F4EE60BAF1EE10FA2BD039EE699A78EE67
:10B97000CA8A89EE0C7A4046C8EEAC7AF0EE4A0AE2
:10B98000B0EE690AA7EECC0AECEE870A06F0C3FF18
:10B9900099F80030CDED050A70EEEB0A012B8DED24
:10B9A000040A30EE4B0A02BFF1EE607AF0EE400A74
:10B9B000B0EE670AB5EE400AF1EE10FA34D1012379
:10B9C000A37499F80020637C012A40F0A380002B27
:10B9D00072D03AEEEB7ADFED736AC6EE877AF4EE58
:10B9E000EABAC4ED087AFDEEEA7AF1EE10FA17EE43
:10B9F000903AFDEEEB7A1AB217EE903A1BB247BFBF
:10BA00002381628122816381B4F90A30B4F908206C
:10BA10009B1A07EE903AF8EEE77A00236374C4EDC0
:10BA2000077A0123A3743FE080EE807AB5EE407A76
:10BA3000F1EE10FA84ED057A02D101236374C0E7B8
:10BA4000012B03BFB4F9062007EE902AF8EEE77A3F
:10BA5000F0EE6B7A0ABF77EECB7AEBEE477AEBEE3D
:10BA6000C77A012B38EE4B8A7AEEEBAAC4ED067A40
:10BA700002BFF1EE487AB0EE6A8AF0EE67AACAEE2B
:10BA8000877A9FED497A38EE678AC7EE087AB5EE75
:10BA9000C08AF1EE10FA84ED078AC4ED087A03D566
:10BAA000B1EE488A84ED078AE7602674AC6107B07E
:10BAB000BDEC0A8BBDE8F083A37C002BF4D0B4F975
:10BAC0000630DFED386A00EE103AB8EEC00A30EE0C
:10BAD000488A30EE4B0A38EE407AB4EEC08AC6EEA1
:10BAE000877AF1EE10FAC4ED087AFDEEC87A17EE07
:10BAF000903AFDEEC07A1AB217EE903A1BB2CCBF64
:10BB0000238163814FF001036374CCBF6281228182
:10BB1000002387E7DBB13AEEEB7ADFED226AC6EE6F
:10BB2000877AF4EEEABAC4ED087AFDEEEA7AF1EE2D
:10BB300010FA17EE903AFDEEEB7A1AB217EE903A41
:10BB40001BB247BF2381628122816381ACE7A37C62
:10BB5000002BA9D038EE4B7ADFED126AC6EE877A59
:10BB6000B4EEC8BAC4ED087AFDEEC87AF1EE10FA68
:10BB700017EE903AFDEECB7A1AB217EE903A1BB25E
:10BB800047BF2381628122816381B4F90A30B4F90D
:10BB900008209B1A07EE903AF8EEE77AC4ED077A90
:10BBA00082E700BFFEFF7F4400008044B4390120DB
:10BBB00010B500212DED028BF0EE628A0446B0EE46
:10BBC000428A18F0AFF8F0EE687AFEEEED7A23685C
:10BBD00017EE902AF0EE487ABDEC028BFEEEED7A7D
:10BBE00020469B6817EE901ABDE81040184710B524
:10BBF00000212DED028BF0EE638A0446B0EE438AFD
:10BC000018F052F9F0EE687AFEEEED7A236817EE3E
:10BC1000902AF0EE487ABDEC028BFEEEED7A2046DB
:10BC20009B6817EE901ABDE81040184713B50446FC
:10BC3000406F06F070FEF0EE607AFEEEED7A204680
:10BC400017EE902AF0EE407AFEEEED7A17EE901A9B
:10BC500002B0BDE8104017F0BFBF13B50446406FF7
:10BC600006F059FEF0EE607AFEEEED7A204617EE11
:10BC7000902AF0EE407AFEEEED7A17EE901A02B0BE
:10BC8000BDE8104017F0F5BFF0B5DDE9050C002464
:10BC9000079F634426464FF0010E63452DD013F8ED
:10BCA000015D062DF9D80EFA05F515F0660F0DD1D8
:10BCB00015F0100F17D12D07EFD501381EB907EB7E
:10BCC00080052D680D606CB90126E6E726B907EB03
:10BCD000800353F8083C0B6024B907EB800050F850
:10BCE000043C1360F0BD01381CB907EB80042468E4
:10BCF0001460002EF6D10124CFE70EB900230B60AB
:10BD0000002CEFD10023ECE738B504462DED0A8B6B
:10BD10000D46F0EE40BAB0EE60CAF0EE41AAB0EEC9
:10BD200061BAB0EE429AF0EE629AB6EE00AA7BEEED
:10BD3000298A3AEE898A68EE8A8A28EE0A8A3CEED7
:10BD4000680A7BEEC87A20EE000AA7EEA70A18F070
:10BD5000A3FAB5EE400AF1EE10FA2ED179EE6A7A26
:10BD600039EECB7AB0EE6A8AF0EE4B8AA7EE8A8A79
:10BD7000E7EE0A8AA7EE0A8AE7EECA8A022D2FDCCE
:10BD80000135F0EE4B1AB0EE6A1A2946F0EE682A39
:10BD9000B0EE482AF0EE4C0AB0EE6B0A2046FFF7F0
:10BDA000B3FFF0EE680AB0EE480A2046FFF755FFF1
:10BDB000B0EE68BAF0EE48AAB9E7D4ED1F7A38EED3
:10BDC0006B8A78EECC8A28EE277A68EEA77A87EE1F
:10BDD000008AC7EE808A3BEE888A7CEE288ACDE70F
:10BDE000F0EE680AB0EE480A2046FFF736FFBDECD9
:10BDF0000A8B38BD10B52DED0A8B90F88430022BDC
:10BE00000446B0EE40CAB0EE609AF0EE419AF0EE11
:10BE1000618AB0EE42BAF0EE62BAB0EE43AAF0EE3A
:10BE200063AAB0EE448AF0EE64CA2CD1F0EE620A46
:10BE3000B0EE420AFFF711FF79EECB9A7AEEECCA28
:10BE400078EEEB8A3AEE488A69EEAC9A28EE888A58
:10BE5000F4EEC89AF1EE10FA0FDB0121F0EE6A2A37
:10BE6000B0EE4A2AF0EE6B1AB0EE4B1AF0EE490A29
:10BE7000B0EE4C0A2046FFF747FFF0EE6A0AB0EE3C
:10BE80004A0A204635E0012B38D131EEE24A33EE42
:10BE9000486A71EE427A73EEE46A26EE447AA7EEBF
:10BEA000A67AB5EE407AF1EE10FA27D028EE638A32
:10BEB00061EEC28AA4EE838AE1EE228A68EE677A96
:10BEC00028EE448AE6EE287AA6EEA88A87EE870A4C
:10BED000C8EE070A3CEE40CA39EE609AD0ED207AEF
:10BEE00029EE099AACEE0C9AF4EEC97AF1EE10FA4A
:10BEF00004DBFFF7B2FEBDEC0A8B10BDF0EE6B0A5F
:10BF0000B0EE4B0A2046FFF7A8FEB6E710B52DEDC0
:10BF10000C8B90F885300446B0EE409AF0EE609AB3
:10BF2000F0EE41AAB0EE61BA33B9FFF796FEF0EE3B
:10BF30004B0AB0EE6A0A15E071EE408A31EEE08AF3
:10BF4000F6EE007A022B68EEA78A28EE278A0FD138
:10BF500070EEE80A30EE080AFFF77FFE7BEE680A13
:10BF60003AEE880A2046FFF778FEBDEC0C8B10BD38
:10BF7000FFF773FEDFED4D7ADFED4DBA9FED4DCA51
:10BF8000DFED4DCA9FED4DDAF0EE690AB0EE490AD9
:10BF9000E8EE270A2046A8EEA70AB1EE68AAEAEE64
:10BFA0002B0AA8EE2B0AFFF758FEDFED457AF0EEDC
:10BFB000690AB0EE490AE8EE270A2046A8EEA70A69
:10BFC000EAEE0C0AA8EE0C0AFFF747FEDFED3D7A19
:10BFD000F0EE690AB0EE490AE8EE270A2046A8EE1C
:10BFE000A70AEAEE2C0AA8EE2C0AFFF736FEDFEDD0
:10BFF000367AF0EE690AB0EE490AE8EE270A2046E2
:10C00000A8EEA70AEAEE0D0AA8EE0D0AFFF725FE34
:10C0100079EE880A39EE280A70EEE80A30EE080A4E
:10C020002046FFF71AFEDFED297AF0EE690AB0EE3E
:10C03000490AE8EE270A2046A8EEA70AEAEE0D0A0A
:10C04000A8EE0D0AFFF709FEDFED217AF0EE690A8E
:10C05000B0EE490AE8EE270A2046A8EEA70AEAEE63
:10C060002C0AA8EE2C0AFFF7F8FDDFED1A7AF0EEA5
:10C07000690AB0EE490AE8EE270A2046A8EEA70AA8
:10C08000EAEE0C0AA8EE0C0AFFF7E7FDDFED127AE4
:10C09000F0EE690AB0EE490AE8EE270A2046A8EE5B
:10C0A000A70AEAEE2B0AA8EE2B0A3EE70AD7233DA1
:10C0B000295C8F3E9A99193FCDCC4C3F8FC2753F7A
:10C0C000CDCC4C3ECDCCCC3EEC51383F0AD7A33F33
:10C0D000CDCCCC3F6666E63F48E1FA3F70B52DED2A
:10C0E000068B90ED238A90ED229A30EEC88A30EECE
:10C0F000499AF0EE40AA28EE080A0446A9EE090A79
:10C10000B0EE60AA18F0C8F8B5EEC00AF1EE10FA69
:10C1100036DDD4ED1F7AD4ED230A94F87850C0EEC2
:10C12000276A002684F8796094ED220AC8EE268AF0
:10C1300089EE268A70EE289A30EEC89A78EEAA8A9E
:10C140003AEE488AFDB1C4ED249A84ED259AC4EDF7
:10C15000268A84ED278AF0EE490AB0EE690A204665
:10C16000FFF764FD84F87860C4ED289A84ED299A7D
:10C17000C4ED2A8A84ED2B8AC4ED22AA84ED23AA79
:10C18000BDEC068B70BD94F87A3094ED2A2AD4ED7C
:10C190002B2A6BB1F0EE491AB0EE691AF0EE620A82
:10C1A000B0EE420A2046FFF7B1FE84F87A50DBE792
:10C1B000F0EE484AB0EE684AF0EE493AB0EE693A1D
:10C1C000D4ED291A94ED281A2046FFF713FECBE789
:10C1D00007EE902A07EE101AF8EEE70AB8EEC70A43
:10C1E000DFED037A60EEA70A20EE270AFFF776BF9D
:10C1F0000000003D38B52DED028B90F879500446D3
:10C200001DB3D0ED1F7A90ED238A90ED220A78EECF
:10C21000678A38EE278AF0EE680AFFF707FD94ED8B
:10C22000221AF0EE481AB0EE410AF0EE680A2046F3
:10C23000FFF76CFE94ED221AF0EE681AF0EE480A51
:10C24000B0EE410A2046FFF761FEBDEC028B2846A6
:10C2500038BD10B52DED028B0446B0EE408AF0EEED
:10C26000608AFFF7C7FFD0B92046D4ED274A94ED86
:10C27000264AD4ED253A94ED243AD4ED2B2A94EDB8
:10C280002A2AD4ED291A94ED281AF0EE680AB0EEA5
:10C29000480AFFF7AFFD0120BDEC028B10BD002066
:10C2A000FAE7D0ED251A90ED241AD0ED2B0A90ED87
:10C2B0002A0AFFF72BBE00002DE9F04F89B01C467B
:10C2C0000DF120089DF850300493159E0591002330
:10C2D000DDE91297069348F8043D049B86F87A300E
:10C2E00082461546059B9D426DD9013D19F80530E2
:10C2F000062BF7D801A252F823F000BF1BC3000899
:10C30000E5C2000819C300083DC300083DC300088A
:10C3100041C3000881C30008023C5046CDE90197A3
:10C3200000942B46424606A9FFF7AEFCDDED070A56
:10C330009DED060A3046FFF7D1FED3E7013CECE75E
:10C34000A4F1040B023C07EB84045046CDE90197AD
:10C35000CDF800B02B46424606A9FFF795FCDDED6F
:10C36000072A9DED062A54ED011A14ED021AD4EDA8
:10C37000010A94ED000A3046FFF71AFC5C46B1E76B
:10C38000A4F1060B023C07EB84045046CDE901976B
:10C39000CDF800B02B46424606A9FFF775FCDDED4F
:10C3A000073A9DED063A54ED032A14ED042A54EDA4
:10C3B000011A14ED021AD4ED010A94ED000A304678
:10C3C000FFF715FCDAE7049B13B13046FFF769FF6E
:10C3D00009B0BDE8F08F00BFF0EE607AFEEEED7AB6
:10C3E000036817EE902AF0EE407AFEEEED7A9B6835
:10C3F00017EE901A1847000010B5044B044640F899
:10C40000143B01F00DFD204610BD00BFB0810208B5
:10C410002DE9F04F2DED048BD0ED0C7AB5B0F5EE93
:10C42000C07AF1EE10FA05468B4606921E464FF092
:10C43000000440F24E81FF230093021D8169439B5B
:10C440009FEDA59A08A817F07BFAD5ED0C7AA34BBF
:10C45000D5ED086A0893F5EEC07AF1EE10FAB6EE63
:10C46000007A48BFF1EE677A67EE877A05F1340308
:10C4700001222593002326EEA77A8DF898308DF8B7
:10C4800099208DF89A308DF864306A7FAB7FCDEDBE
:10C49000277A5A4327EE267A531C03EB122367EEC2
:10C4A000277A4FF0000895F8240095F825102A9473
:10C4B000C3F307232B942C942D942E942F94309413
:10C4C000319432943394CDED287A8DF8A4008DF810
:10C4D000A5108DF8A630F0EE499AB0EE498AF0EE3C
:10C4E000498A4446C14608AF4FF0010A069B4B45B6
:10C4F00000F0CC8009F1010305931BF80930062BED
:10C5000039D8DFE803F0043B606F7C81A000C145AF
:10C510002BD9F0EE490AB0EE690A3846FFF7DEFD86
:10C520003846FFF767FE8146F8B9F0EE490AB0EEEB
:10C53000690A3846FFF78DFE2846CDE90297CDE916
:10C5400000B62346059ACDED2A9A41468DED2B9AE9
:10C550008DF898A08DF899A0FFF7AEFEF0EE490A8D
:10C56000B0EE690A3846FFF774FEDDF81480B0EECD
:10C57000498AF0EE698ADDF81490B7E7C1450DD914
:10C580003846FFF737FE48B9CDE902A7CDE900B636
:10C5900023464A4641462846FFF78EFE06EB8403B3
:10C5A000D3ED008A93ED018ACDED2A8A8DED2B8A99
:10C5B0008DF898A08DF899A00234C846B0EE489A3C
:10C5C000F0EE689AD7E706EB8403D3ED008A93ED8B
:10C5D000018AB0EE680AF0EE480A3846FFF77EFDA1
:10C5E0000234C8E706EB8403D3ED008AF0EE480A74
:10C5F000B0EE680A3846FFF771FD0134BBE706EB81
:10C60000840393ED008AF1E7A30003F1080203F12C
:10C610000C0932443344B14492ED002AD9ED002A8A
:10C62000D3ED011A93ED001A0792F0EE480AB0EE2E
:10C63000680A3846FFF7BCFA079A99ED008AD2EDEE
:10C64000008A043497E7A30003F1100203F11409F0
:10C6500032443344B14492ED003AD9ED003AD3ED7F
:10C66000032A93ED022AD3ED011A93ED001A0792E3
:10C67000F0EE480AB0EE680A3846FFF7B8FA079AB3
:10C6800099ED008AD2ED008A063474E7069B434593
:10C6900008AF0FD93846FFF7ADFD58B90123CDE9F2
:10C6A00001630397CDF800B02346069A4146284619
:10C6B000FFF702FE9DF8A610384617F0D5F904469C
:10C6C0003846FFF799FE204635B0BDEC048BBDE837
:10C6D000F08F0124F7E700BF00000000687902082E
:10C6E00010B50446FFF788FE2046B02117F0AAFDDA
:10C6F000204610BD2DE9F0472DED068BAAB09846D7
:10C70000FF2307460093894692468169399B9FED36
:10C71000828A021D0DA817F013F93B7FDFED7E0A18
:10C720005A1E534207F134055341B0EE600A2846C1
:10C730008DF8783006F0EFF8CA44B0EE409AF0EE8B
:10C74000609AF0EE488A0024CA4500F0CD8019F8BE
:10C75000013B062BF8D8DFE803F004082A3F5358C2
:10C760008A000DA817F05EF9EEE708EB8403D3ED1D
:10C77000008A93ED018AB0EE680AF0EE480A284676
:10C7800006F0C9F8F0EE607AFEEEED7A0DA817EE2D
:10C79000902AF0EE407AFEEEED7AB0EE409A17EE77
:10C7A000901AF0EE609A17F017FA0234CCE708EB13
:10C7B0008403D3ED008A93ED018AB0EE680AF0EEAF
:10C7C000480A284606F0A7F80DA8B0EE409AF0EE09
:10C7D000609AFFF701FEE8E708EB8403D3ED008AD7
:10C7E000F0EE480AB0EE680A284606F094F80DA864
:10C7F000B0EE409AF0EE609A0134FFF7EDFDA3E74A
:10C8000008EB840393ED008AEAE7A31C08EB83039B
:10C8100053ED010A13ED020AD3ED008A93ED018A6C
:10C82000284606F078F828468DED090ACDED0A0A6B
:10C83000B0EE680AF0EE480A06F06DF8DDED0A1A6F
:10C840009DED091AF0EE602AB0EE402AB0EE40AA43
:10C85000F0EE60AAB0EE490AF0EE690A0DA8FFF703
:10C86000A7F90434F0EE6A9AB0EE4A9A6CE7261DF6
:10C8700008EB860656ED030A16ED040AD6ED008A8B
:10C8800096ED018A284606F046F828468DED070AFF
:10C89000CDED080A16ED020A56ED010A06F03BF846
:10C8A00028468DED090ACDED0A0AB0EE680AF0EED1
:10C8B000480A06F030F8DDED0A2A9DED092ADDED83
:10C8C000081A9DED071AF0EE603AB0EE403AB0EE6D
:10C8D00040AAF0EE60AAB0EE490AF0EE690A0DA88F
:10C8E000FFF785F90634BDE77B7FB97F59434B1CC1
:10C8F00003EB1121C1F307210DA817F0B5F8074B81
:10C900000D93044612A801F08BFA20462AB0BDEC24
:10C91000068BBDE8F08700BF00000000B081020870
:10C9200010B4047F1CB15DF8044BFFF7E3BE5DF863
:10C93000044BFFF76DBD00002DE9F04F9146024614
:10C94000054652F8260F85B088465168DDF838B0A4
:10C950009A4602AB03C3BDF90C30002B02AF08DDD1
:10C96000BDF90E40002C04DD2E4A127822B1012AB6
:10C970002DD005B0BDE8F08FBDF80A301C44A4B23C
:10C9800026B2BDF90A30B342F3DACDE900B7534617
:10C990004A4641462846FFF7C3FF40B9BDF90E306D
:10C9A000012B04D001335B10ADF80E30EDE7BDF87C
:10C9B0000E20BDF80A3013449BB21A4412B29642BC
:10C9C000ADF80A30DDDAE31AADF80E30D9E7BDF87C
:10C9D00008401C44A4B226B2BDF90830B342C8DAFC
:10C9E000CDE900B753464A4641462846FFF798FF2F
:10C9F00040B9BDF90C30012B04D001335B10ADF808
:10CA00000C30EDE7BDF80C20BDF8083013449BB2A4
:10CA10001A4412B29642ADF80830DDDAE31AADF8E6
:10CA20000C30D9E7B43901207FB503680D460446C0
:10CA300001469B6E02A89847286869686B4603C345
:10CA400068461946FDF798FBA06A88B10368211D66
:10CA5000DB68984760B1BDF90430002B08DDBDF9F3
:10CA60000650002D04DD2B4A12781AB1012A29D074
:10CA700004B070BDBDF802301D44ADB22EB2BDF998
:10CA80000230B342F4DA23686946DB6E20469847E9
:10CA900040B9BDF90630012B04D001335B10ADF86D
:10CAA0000630F0E7BDF80620BDF8023013449BB213
:10CAB0001A4412B29642ADF80230E0DAEB1AADF841
:10CAC0000630DCE7BDF800501D44ADB22EB2BDF912
:10CAD0000030B342CCDA23686946DB6E20469847C3
:10CAE00040B9BDF90430012B04D001335B10ADF81F
:10CAF0000430F0E7BDF80420BDF8003013449BB2C9
:10CB00001A4412B29642ADF80030E0DAEB1AADF8F2
:10CB10000430DCE7B43901201FB503680446014640
:10CB20009B6E684698470021B4F90820B4F90A3092
:10CB30000291684602A9ADF80C20ADF80E30FDF761
:10CB40001BFB236869461B692046984704B010BD4B
:10CB5000012180F825100B4901600022FF2182800D
:10CB6000C280028142818281C28102824282C0E906
:10CB70000522C2610284428480F8242080F82610B5
:10CB800082627047C879020808B590F828300BB166
:10CB9000F5F768FD08BD80F82910704790F8290066
:10CBA0007047704710B52C21044617F04BFB204608
:10CBB00010BDF0B591F82830FF2B85B004460D4626
:10CBC00028D101F126063146684608F005FB3046BB
:10CBD000BDF9047008F098FA87421BD13046BDF9C0
:10CBE000067008F0C5FA874214D1B5F90A30ADF8DD
:10CBF0000E3000216B46029103CBB5F9082020606E
:10CC0000616020461946ADF80C20FDF7B5FA2046C4
:10CC100005B0F0BD002323806380A380E380F6E7A6
:10CC200038B50023C0E905338380C3800381438185
:10CC30008381C38103824382C3610384438480F878
:10CC400024300125084B80F8255003600B88C384ED
:10CC5000FF23044680F8283000F07DFF034B23605B
:10CC600084F82950204638BD247C0208407A020806
:10CC70000346263093F829300BB905F0F9BE05F0CC
:10CC800007BF00002DE9F04F0446B3B09B46B4F94E
:10CC90000A30B0F90800ADF84A3011AB0025ADF804
:10CCA00048001846069211950793DDE93CA9DDE995
:10CCB0003E87FDF761FA079B93E8030013AD85E813
:10CCC000030021682046CE6A2946B047214615A8B0
:10CCD00005F080FA15A803F085FE079B261D18466F
:10CCE000314603F0C3FE284604F1260503F07AFE20
:10CCF000284608F0FBFA0790002800F0CE80DBF809
:10CD00000C200C92DAF80020DBF800100D92DAF813
:10CD1000042009910E92DBF80410DAF808200A9139
:10CD20000F92DBF80810DAF80C200B9110920DA985
:10CD3000324609A803F07EFE32460EA90AA803F087
:10CD400079FE32460FA90BA803F074FE324610A9F3
:10CD50000CA803F06FFEDDED0D7A97ED003AD7EDEC
:10CD6000014A99ED002AD8ED002AD9ED013A98ED53
:10CD7000014A99ED025AD8ED025AD9F80CE0D8F8D8
:10CD80000CC08DED202AF0EE676ADDED0A7ACDED5C
:10CD9000212AB0EE677ADDED0E7A8DED223AB0EE03
:10CDA000676ABEEECE6ADDED0B7ACDED253A16EE62
:10CDB000106AB0EE676ABEEECE6ADDED0F7A8DEDD9
:10CDC000264A16EE100AB0EE676ABEEECE6ADDEDB8
:10CDD0000C7ACDED274A16EE101AB0EE676ABEEE59
:10CDE000CE6AFEEECE6A16EE102A9DED096ADDEDE2
:10CDF000107ACDED1F6ABEEECE7ABEEECE6ACDE9D8
:10CE000028018DED1E6A8DED237AD7F808A02496AF
:10CE1000FF688DED2A5A2D92214A069B128817939E
:10CE2000FEEECE7A079B189228461993CDED2B5A29
:10CE3000CDED2E7ACDF8BCE0CDF8C0C0CDF8B0A0D5
:10CE4000319708F083FA1A90284608F05DF91B9094
:10CE5000284608F08DF91C90284608F055F9114B2A
:10CE60001D901B6893F858200AB1DD6C05B99D68C8
:10CE70002B6820461E6CFFF7FBFE4FF6FF730493F2
:10CE800094F82830CDE9020313AB019315AB00935E
:10CE90001EAA19AB17A92846B04733B0BDE8F08FDA
:10CEA000B6390120BC39012070B52DED048B90F806
:10CEB000283098B004460E46002B65D0B0F90830F3
:10CEC0009FED388A09EE103AB0F90A3000F12605D4
:10CED00008EE903A2846344B0C930D930E930F9323
:10CEE00008F012F907EE900A2846F8EEE79A08F0E3
:10CEF0003FF92E4B1B7807EE900AB8EEC99AF8EE70
:10CF0000E88A012BB8EEE77A39EE089A78EE888A3B
:10CF1000F0EE487A3CD1F0EE696AB0EE476AF0EE86
:10CF2000475A19EE903AB0EE487AF0EE489A1493C8
:10CF300014AB039310AB02930CAB019308AB0093BB
:10CF4000002204AB31462046CDED047A8DED059AE2
:10CF50008DED069ACDED077ACDED087ACDED097A03
:10CF6000CDED0A8ACDED0B8ACDED107ACDED119A7B
:10CF7000CDED125A8DED136ACDED157A8DED167A41
:10CF8000CDED176AFFF77EFE18B0BDEC048B70BDC7
:10CF9000F0EE476AF0EE695AB0EE486A18EE103AC1
:10CFA000C5E700BF000000000000C842B4390120FE
:10CFB00000207047074B828D1B88934281BF064B30
:10CFC0001B6803EB420358788CBF00F0030000207D
:10CFD000704700BF183A0120143A01207047000042
:10CFE0002DE9F041104B818D1B888B42044618D9E6
:10CFF00003689D6F0D4B1868F7F7C6FB236806465C
:10D00000DB6F2046984723680746D3F880302046D8
:10D0100098473A46034631462046AC46BDE8F041C3
:10D0200060470020BDE8F081183A0120203A012035
:10D030002DE9F743174B818D1B888B42044626D977
:10D04000154B1B6803EB410213F81100134B557885
:10D050001B6853F820603368DF69114B1868F7F7D5
:10D0600093FB23688046DB6F204698472368814600
:10D07000D3F8803020469847C5F3810500904B4691
:10D08000424629463046B84703B0BDE8F083002049
:10D09000FAE700BF183A0120143A01201C3A012097
:10D0A000203A01200EB42DE9F0472F4B1A88838DCA
:10D0B0009A429DB0044654D9DFF8B090DFF8B080B2
:10D0C00026AA0292D9F8002012F81320D8F80030CE
:10D0D00053F822502B6828469B6B984707B20646A8
:10D0E00003A806F001F82B682846DB6C98472B68EC
:10D0F00082461B6D2846984753460090029A259910
:10D1000003A806F04CF8A28DD9F8003094F837C087
:10D11000258913F8120003EB4201A5EB0C054A78B0
:10D12000D8F8003094F839102DB2009553F820301B
:10D13000C2F3810203A803F043F9B4F93420B9180B
:10D14000002903B20BDD013B13FB02F316FB003396
:10D150001FB238461DB0BDE8F04703B07047002B42
:10D16000F7DC0027F5E700BF183A0120143A012048
:10D170001C3A01202DE9F04FBC4B0C461B88898DD1
:10D180008B42A9B0804609D800234FF0FF32C0E996
:10D1900000328360404629B0BDE8F08FB44E33685A
:10D1A00013F81120B34B1B6853F82250B24B186888
:10D1B000F7F7EAFA2B6881469B6B28469847A78EBB
:10D1C00003B207440493BBB2039394F83930824608
:10D1D0000FA8002B40F0A68005F086FF2B6828469C
:10D1E000DB6C98472B6806461B6D284698472368DA
:10D1F0000746DB6F2046984723688346D3F8803084
:10D20000204698473B46CDE900B0494632460FA834
:10D2100005F0DAFF94F83830DFF854B213F0FD0F60
:10D220004FF000060CBFB4F90A90B4F908903746E5
:10D23000A28DDBF8003003EB420329465B7847F60A
:10D24000FF72C3F381030FA802F0DDF9039B86424E
:10D25000B8BF06460137A9EB03090FA836B2BFB223
:10D260000FFA89F905F067FF18B92B7A4B44002BA8
:10D27000DEDC039B049A95F8099013FB07F7A38E55
:10D28000FF1ABFB23BB29A42A8BF574694F8383053
:10D2900013F0FD0F236808BFB4F908A0DB6E18BFB8
:10D2A000B4F90AA0204698474F441FFA87F901288D
:10D2B0000FFA89F7B3B200F0E180022894F83760E2
:10D2C00000F0E280EA7A2D7B36B2B61A2A44134483
:10D2D00094F838201FFA86FA9BB2022A0FFA8AFBCA
:10D2E0001EB200F0D580032A00F0DD80012A40F054
:10D2F000E58025893346A5EB09093E465D461F4674
:10D300000FFA89FB5C4BA18D1868F7F73DFAA8F876
:10D3100000B0A8F80250A8F80460A8F80670C8F891
:10D32000080037E705F0E0FE2B682846DB6C9847DD
:10D330002B6807461B6D2846984723688346DB6F9A
:10D340002046984722680590D2F8802020469047D2
:10D35000059B01903A46494600930FA85B4605F0AD
:10D3600033FF94F83830B4F90890A18D94F839005F
:10D3700013F0FD0FB4F90A300ABF4A461A4699461F
:10D3800094F83730D21A3368B4F9346003EB4103B0
:10D390000FAF597807970023C1F38101ADF818301A
:10D3A0008DF820108DF821000995ADF82820ADF8F2
:10D3B0002A90ADF82C60ADF82E30ADF83030ADF8D5
:10D3C0003230ADF83430ADF83630ADF838308DF855
:10D3D0003A3050B32B6828465B699847074620B31C
:10D3E000099803683946DB6898470646E8B1437BED
:10D3F000827A5B0003F480731343ADF838309DF8F4
:10D400002130062B11D10998036832465B6C3946EE
:10D410009847737B5B0003F48072B37A134318441C
:10D42000BDF838301844ADF838000026374606A855
:10D4300002F0C2FEBDF83600039B8642A9EB030949
:10D44000BDF81830B8BF0646013736B2BFB20FFA82
:10D4500089F9002B3FF40DAF9DF83A30002B7FF493
:10D4600008AF2B7A4B44002BE1DC02E7183A01208D
:10D47000143A01201C3A0120203A0120AAEB0606AA
:10D48000022096FBF0F61DE71E44AAEB060619E7FC
:10D490002589ED1AA5EB0A050FFA85FB6589A5EB31
:10D4A00009052DB22EE76589ED1AA5EB0A0533466D
:10D4B0002DB23E464FF0000B1F4623E7002521E723
:10D4C00010B54821044616F0BDFE204610BD0000F0
:10D4D00013B590F836300446FBB1164B818D1B888E
:10D4E0008B421AD9B0F90830002B16DDB0F90A309A
:10D4F000002B12DD104B1868F7F746F9B4F94230EB
:10D500002268002B06DBB4F94030002B02DB636C91
:10D51000984204D053692046984702B010BD04F1E8
:10D520003C0103C96B4683E8030012691946204693
:10D530009047F2E7183A0120203A01202DE9F04106
:10D54000444B828D1B8893428EB004467ED9086876
:10D55000414D496805AB03C311462868F7F714F934
:10D56000B4F94230002B11DBB4F94030002B0DDB55
:10D57000636C98420AD104F13C0292E8030009ABC3
:10D5800083E80300194605A8FCF7F6FDBDF918303D
:10D59000002B5BDDBDF91A30002B57DD2F4FA28D1C
:10D5A0003B6813F812202E4B1B6853F82260002EA4
:10D5B0004CD0236894F83680DB6E20469847A28DC5
:10D5C0003B68B4F934C094F838E094F83770216BB4
:10D5D00003EB420394F839205B780996C3F3810387
:10D5E0008DF829301F4B8DF828001B688DF82AE034
:10D5F0000B91ADF830C08DF832808DF833708DF816
:10D60000342093F858200AB1DE6C06B99E6807AF43
:10D610002146384604F0DEFDA18D2868F7F7B4F8FE
:10D6200023680546DB6F2046984723688046D3F879
:10D63000803020469847CDE9028009AB00930195E0
:10D6400005AB97E806003046F7F751F80EB0BDE895
:10D65000F08100BF183A0120203A0120143A01203D
:10D660001C3A0120BC39012070B5036804469B6B4D
:10D6700015469847236829462046DB6BBDE8704075
:10D680001847000038B50E4B828D1B889A4204461D
:10D6900014D203685B6F9847236805461B6F2046CA
:10D6A000984794F838302DB213F0FD0F014606BFAD
:10D6B000024629462A462046FFF7D6FF38BD00BF5E
:10D6C000183A012030B58B888385B0F9083085B0D1
:10D6D000044623B9B0F90A300BB9FFF7D3FF23682A
:10D6E0006D4621462846D3F88430984795E80700D0
:10D6F0003C3484E8070005B030BD00238380C3803C
:10D700000380438091F82630FF2B01BF0B89838073
:10D710004B89C3807047000037B5044608684968E4
:10D720006B4603C323686946DB6A20469847084B6B
:10D730001B6893F858200AB1D86C00B99868036840
:10D74000A26A1D6A94F826306946A84703B030BD26
:10D75000BC390120704710B52C21044616F072FD2B
:10D76000204610BD90F82C00704770B50B88C3851B
:10D770000546138825F8303F0446284607F0C4FCC8
:10D780000646284607F0F4FC236805463146204645
:10D790009B6B9847236829462046DB6BBDE87040A9
:10D7A000184710B50446806A50B10368DB68984793
:10D7B00030B1A06A036821469B68BDE81040184755
:10D7C00010BD10B591F83230FF2B044606D000236F
:10D7D000038043808380C380204610BD91F82C30A5
:10D7E0001BB1303107F0F8FCF6E72E31FAE7000004
:10D7F0002DE9F04190F82C308AB004468846002B81
:10D8000066D0038EADF8143005A807F07DFC0746FE
:10D8100005A807F0ADFCB8F90060B8F80420324460
:10D8200092B200230FFA82FC9C45069352DDB74268
:10D8300050DDB8F90250B8F806302B449BB219B24B
:10D84000002947DDA84245DD6745B8BFBAB2884226
:10D8500026EAE67625EAE575B8BF83B2921B5B1B24
:10D86000ADF81C20ADF81E30ADF81860ADF81A50B8
:10D87000BDF814204FF6FF739A4226D0BDF91C3034
:10D88000002B22DDBDF91E30002B1EDD0023CDE96B
:10D890000833236808A9DB6A204698470F4B1B68AA
:10D8A00093F858200AB1D86C00B998680168BDF99E
:10D8B0002230BDF920200125029594F832400194D0
:10D8C00006AC00948C6805A9A0470AB0BDE8F081B9
:10D8D000C38D97E700230793CAE700BFBC39012037
:10D8E00090F832202AB190F8252012B103685B69C4
:10D8F000184770472DE9F0432F4B828D1B889342C8
:10D900008DB004460F4654D92C4B196801EB4203E5
:10D9100011F812102A4A126852F82110002948D032
:10D920005A7894F839308DF82C30264B90F83650D0
:10D93000B0F934C090F838E0266B90F837000791C2
:10D94000C2F30108C2F381028DF821201A688DF814
:10D95000208092F858308DF822E00996ADF828C062
:10D960008DF82A508DF82B000BB1D56C05B9956850
:10D9700005AE2146304604F02DFC134BA18D1868EE
:10D98000F6F702FF23688046DB6F2046984723683E
:10D990008146D3F8803020469847CDE9029007AB06
:10D9A0000093CDF804803B4696E806002846F6F73B
:10D9B0009EFE0DB0BDE8F083183A0120143A012014
:10D9C0001C3A0120BC390120203A012070477047E1
:10D9D00010B53C21044616F035FC204610BD2DE95B
:10D9E000F0411C460646069FFFF7BFFE2388B3861C
:10D9F0003B88F3863846B6F9085007F085FB4FF0B0
:10DA0000020895FBF8F5ADB290FBF8F02D1A3587BA
:10DA10003846B6F90A4094FBF8F407F0A9FBA4B223
:10DA200090FBF8F0241A7487BDE8F0812DE9F041ED
:10DA300004468CB00D46FFF7DBFE94F82C30002B2B
:10DA40005DD0E38EADF8143005A8B4F93880B4F990
:10DA50003A7007F059FB064605A807F089FB69688C
:10DA6000ADF81E002868ADF8188008AB08AD03C3F8
:10DA700006A92846ADF81A70ADF81C60FCF77CFBCF
:10DA8000BDF814204FF6FF739A4235D0BDF924300B
:10DA9000002B31DDBDF92630002B2DDD0023CDE933
:10DAA0000A3323680AA9DB6A20469847BDF820306C
:10DAB000228FBDF822109B1AADF82030638FC91A4F
:10DAC000ADF822100F49096891F8580008B1C86CE8
:10DAD00000B98868BDF82A100B44BDF8281001264B
:10DAE0000A440168029694F83240CDE900541BB212
:10DAF0008C6812B205A9A0470CB0BDE8F081A38ED6
:10DB0000A0E700BFBC39012010B50121002280F838
:10DB1000251080F824100E4C82804FF6FF71C280D1
:10DB2000028142818281C28102824282C0E9052251
:10DB3000C26102844284826280F82C20C185018601
:10DB400080F8321004608186C1860287428710BD4A
:10DB5000AC7B0208704770B50B88C3840446084646
:10DB60000D4607F0D1FA0646284607F001FB236868
:10DB70000546314620469B6B984723682946204638
:10DB8000DB6BBDE87040184710B52C21044616F039
:10DB900059FB204610BD10B591F82830FF2B0446E4
:10DBA00006D00023038043808380C380204610BDBD
:10DBB000263107F011FBF9E72DE9F041044688B062
:10DBC00054F8263B0025DB6A0F46CDE9045504A92D
:10DBD00006469847204607F097FA8046204607F009
:10DBE000C7FA069506ADADF81E0039462846ADF8D1
:10DBF0001C80FCF7C1FABDF91C30002B19DDBDF902
:10DC00001E30002B15DD0C4B1B6893F858200AB111
:10DC1000D86C00B998680168BDF91230BDF91020C0
:10DC20000127029796F82860CDE900568D682146B5
:10DC3000A84708B0BDE8F081BC390120704710B595
:10DC40004821044616F0FEFA204610BD2DE9F043A7
:10DC50008DB004460F46FFF7CBFD554A238F12883F
:10DC60009A4240F28280534D2A6812F81320524B98
:10DC70001B6853F82260B4F946300022CDE9032234
:10DC800094F84420032A11D8DFE802F0027972895F
:10DC9000B4F90A20B4F90810D21A0220ADF8101015
:10DCA00092FBF0F2ADF81230ADF80E200DF10C0839
:10DCB00098E803000DF1140989E803003946484645
:10DCC000FCF75AFABDF91830002B4EDDBDF91A30B9
:10DCD000002B4ADDBDF81430BDF80C209B1AADF8BE
:10DCE0001430BDF80E20BDF816309B1AADF8163072
:10DCF00023684146DB6A2046984794F82C30002B75
:10DD000053D0226C218F2B6894F8320094F8444051
:10DD100003EB41035B780992C3F30105C3F381036D
:10DD20008DF821300023ADF828308DF82B308DF898
:10DD30002C30224B07961B688DF8205093F8582002
:10DD40008DF822408DF82A000AB1DC6C04B99C6879
:10DD50001B4B1868F6F718FD07AB0190009398E885
:10DD600006004B462046F6F7C2FC0DB0BDE8F08336
:10DD7000B4F90A20B4F90810D21A01328DE7B4F9C7
:10DD80000820B4F90A10D21A01320220ADF810307E
:10DD900092FBF0F2ADF81210ADF80C2086E7B4F962
:10DDA0000820B4F90A10D21AEFE7E26BAAE700BF25
:10DDB000183A0120143A01201C3A0120BC390120F4
:10DDC000203A012010B50121134C80F825100022C3
:10DDD00080F8241004604FF6FF71104C8280C280DE
:10DDE000028142818281C28102824282C0E905228F
:10DDF000C26102844284826280F82C20C18501863F
:10DE000080F8321044630187C0E90F2280F8442073
:10DE1000A0F8462010BD00BF907C02089870020850
:10DE2000704710B53021044616F00CFA204610BD9C
:10DE300010B5044600F082FEE06000F085FEE36865
:10DE40002361C008002247F6FF7101386060A260BC
:10DE5000198059809A80DA80636A23F0010343F0C5
:10DE60000203636210BD000010B50A4B036000237B
:10DE7000C0E90133C0E90333C0E90533C0E9073322
:10DE800043626FF000430446C0E90A33FFF7D0FF56
:10DE9000204610BD047D02082DE9F04F93B05611C5
:10DEA0001C9C059304F01F05531104956511039301
:10DEB000AE424FEA6413069302F01F0340F0F8806D
:10DEC000049C059AA3424FEA621E026925D1B2F969
:10DED00000309E4503D1B2F902309E4235D0D18840
:10DEE00093880B4310D0B2F90230002B0CDBC16ACF
:10DEF0008B4209DAD0E901138B4238BF083203F1B3
:10DF0000010338BF026183600369039AA3F800E04C
:10DF10005A8000229A80DA8017E0059CB2F80480CB
:10DF2000B2F806A004F01F044E110294049C76453A
:10DF300001F01F0CA4EB03040AD1029B9C44A044F3
:10DF400004FB0CA4A2F80480D48013B0BDE8F08FC9
:10DF5000059D691A5BBFCCF120056C430025202587
:10DF600044BF04FB0CF449420195019F94FBF1F579
:10DF700001FB154454BF4FF001094FF0FF39002C4D
:10DF8000B8BF05F1FF35BC44A84405FB0CACA2F8B2
:10DF90000480A2F806C0D0F810C0BCF80680BCF817
:10DFA0000420B8BF641858EA02024E4411D0BCF9EC
:10DFB0000280B8F1000F0CDBC26A904509DAD0E9A3
:10DFC000012890453CBF0CF10802026108F10102F2
:10DFD0008260D0F810C0BDF90C20ACF800600027BA
:10DFE000B645ACF80220ACF80470ACF806702B44CF
:10DFF0004DD0049FFF1A3D446D0195FBF1F801FBE4
:10E000001855002DB8BF08F1FF3808F10107B8BF57
:10E010006D18641A03974FF0000AD0F810C0641905
:10E0200058BF039FBCF804B048BF4746BB44ACF898
:10E0300004B0BCF806B00BEB471BACF806B0D0F848
:10E0400010C03B44BCF806B0BCF8047058BF641A5A
:10E050005BEA07074E4411D0BCF902B0BBF1000FD8
:10E060000CDBC76ABB4509DAD0E9017BBB453CBF85
:10E070000CF1080707610BF1010787600769B645D6
:10E080003E807A80A7F804A0A7F806A0C5D1049A1C
:10E09000D31A02699188D68819449180029901F1B6
:10E0A000200C0199ACEB010C03FB0C63D3804CE713
:10E0B000059DA21AA5EB01050895029240F1288161
:10E0C000039A002AFFF641AF029A52420292069A40
:10E0D00042EAE2724FF0FF3406922A460B945A430A
:10E0E0000024029D0194029C92FBF4F405FB14228F
:10E0F000002A0792BCBF52190792019A0569B8BF5E
:10E1000004F1FF3404EB01099A424FEA691640F02A
:10E110001281B5F900309E4204D1B5F90230039A5C
:10E120009A421BD0EA88AB88134310D0B5F902207D
:10E13000002A0CDBC36A9A4209DAD0E901329A421A
:10E1400038BF083502F1010238BF056182600369FA
:10E15000039A5A8000221E809A80DA800B9B039AD1
:10E1600001691A44B1F90030B34203D1B1F9023068
:10E170009A421AD0CC888B88234310D0B1F9024040
:10E18000002C0CDBC36A9C4209DAD0E901349C42C2
:10E1900038BF083104F1010438BF016184600369AC
:10E1A00000211E805A809980D980069B934200F0FE
:10E1B0008280089B029C02995B0193FBF1F104FBB6
:10E1C0001133002B0391089304DA4B1E0393089B31
:10E1D00023440893079B02995B1A0793019BC3F1A1
:10E1E00020030E930E99019B5B1A4F460A9300265B
:10E1F000DDE907315B1858BF029907935DBF5B1AD1
:10E200000793039B039958BF591C8944002A4FEA7E
:10E21000691A2EDBC36A93422BDD019C0569A04677
:10E220000E9CB5F904C0B5F906E0A04540F04F8159
:10E23000B5F90010514503D1B5F90210914218D03B
:10E240005CEA0E010FD0B5F9021000290BDB8B42FE
:10E2500009DDD0E90131994238BF083501F10101EA
:10E2600038BF056181600369A3F800A05A809E80D1
:10E27000DE800B9B01691A44CC888B88234310D025
:10E28000B1F90240002C0CDBC36A9C4209DAD0E9E8
:10E2900001349C4238BF083104F1010438BF0161E8
:10E2A00084600369A3F800A05A809E80DE80069BEC
:10E2B00093424F469CD1019B0769C3F12006059B01
:10E2C0004FEA631E049B9E4240F0CC81B7F90030B8
:10E2D0009E4504D1B7F902309A423FF436AEF98830
:10E2E000BB880B4310D0B7F90230002B0CDBC16A9E
:10E2F0008B4209DAD0E901138B4238BF083703F1AA
:10E30000010338BF076183600369A3F800E0FFE5FC
:10E31000C26A039CA242FFF618AE069CA242B8BF96
:10E320000132089CB8BF0692C3F120026243012467
:10E330000B942024D5E609F01F024FEA61180C92D5
:10E34000019AB5F804E0B5F806A0B04501F01F0148
:10E35000A2EB030208D10C9B1944964402FB01A1D5
:10E36000A5F804E0E980F9E6002CC0F2A9800127B5
:10E37000C1F1200C0A9702FB0CF22027099792FBAF
:10E38000F4FC099F04FB1C22002AB8BF0CF1FF3CDF
:10E3900039440CFB01A1E980E6440A99A5F804E0A0
:10E3A00008EB01050169B1F80680B1F804E0B8BFD7
:10E3B000121958EA0E0710D0B1F902E0BEF1000FB1
:10E3C0000BDBC76ABE4508DAD0E9017EBE453CBF1B
:10E3D000083101610EF1010181600169BDF90C8014
:10E3E0000D804FF0000EAE42A1F80280A1F804E0CB
:10E3F000A1F806E0634454D00199C91A6144490167
:10E4000091FBF4FE04FB1E110029B8BF0EF1FF3E84
:10E410000EF10107B8BF0919121B0D97D0F810A013
:10E420000A9FBAF804B0521854BFDDF834C0F4465D
:10E43000E344AAF804B0BAF806B00BEB4C1BAAF8F8
:10E4400006B06344D0F810C0BCF806B0BCF804A015
:10E4500058BF121B3D445BEA0A0714D0BCF902A066
:10E46000BAF1000F0FDBC76ABA450CDAD0E9017ABE
:10E47000BA4538BF0CF1080C0AF1010A38BFC0F8E0
:10E4800010C0C0F808A0D0F810C04FF00007AE428E
:10E49000ACF80050ACF80280ACF80470ACF8067030
:10E4A000BCD10469019A0C99D31AA2881A44A2809B
:10E4B000099A2031891AE28803FB0123E3804DE6A3
:10E4C0004FF0FF370A974A436442002756E74FEA66
:10E4D000671809F01F03D04507F01F070F931FFAB5
:10E4E0008CFC1FFA8EFE0AD10A9B9C440F9BA5F858
:10E4F00004C01F440A9B03FB07E7EF80B9E600292D
:10E50000C0F2A8800A9CC7F12003634301240D9444
:10E5100020240C9493FBF1F401FB143B0C9BBBF106
:10E52000000FB8BF04F1FF341F4404FB07E7A44405
:10E53000A5F804C0EF80D0F810C00D9BBCF806E031
:10E54000BCF80470B8BF8B4408EB03055EEA070310
:10E5500011D0BCF902E0BEF1000F0CDBC76ABE456A
:10E5600009DAD0E9017EBE453CBF0CF1080707611E
:10E570000EF101078760076913B210937B800E9B31
:10E580003D805545BE80FE8004EB030C51D0019BBD
:10E59000A3EB0C073C44640194FBF1F801FB184425
:10E5A000002CB8BF08F1FF38ABEB010308F10107FD
:10E5B000B8BF641809931197099BD0F810E01B1994
:10E5C00058BF119FBEF804B0099348BF4746BB44EB
:10E5D000AEF804B0BEF806B00BEB471BAEF806B0C1
:10E5E000D0F810E0BC440D9FBEF806B03D44BEF824
:10E5F00004705CBF5B1A09935BEA070311D0BEF994
:10E6000002B0BBF1000F0CDBC76ABB4509DAD0E9E9
:10E61000017BBB453CBF0EF1080707610BF1010709
:10E6200087600769109B3D8055457B80BE80FE80DA
:10E63000C2D1019B0F9FA3EB0C0C03699988614425
:10E6400099800C9920377F1AD9880CFB071CA3F8F6
:10E6500006C00EE60A9B4FF0FF340D947B434942FF
:10E66000002456E70599B7F80480B7F806A001F032
:10E670001F014FEA691B02910499F34509F01F0C31
:10E68000A1EB060408D1029B9C44A04404FB0CA40B
:10E69000A7F80480FC8058E40599B1EB09015BBF41
:10E6A000CCF120056C430025202544BF04FB0CF46D
:10E6B00049420195019B94FBF1F501FB154454BFC0
:10E6C0004FF001094FF0FF39002CB8BF05F1FF35BD
:10E6D0009C44A84405FB0CACA7F80480A7F806C02E
:10E6E000D0F810C0BCF80680BCF80470B8BF64183D
:10E6F00058EA07070BEB090311D0BCF90280B8F107
:10E70000000F0CDBC76AB84509DAD0E90178B845D3
:10E710003CBF0CF10807076108F101078760076932
:10E720004FF0000C12B29E453B807A80A7F804C0DF
:10E73000A7F806C02E444DD0049FBF1B3D446D0179
:10E7400095FBF1F801FB18556545B8BF08F1FF3896
:10E7500008F10107B8BF6D18641A03974FF0000A5B
:10E76000D0F810C0641958BF039FBCF804B048BF6C
:10E770004746BB44ACF804B0BCF806B00BEB471BF3
:10E78000ACF806B0D0F810C03E44BCF806B0BCF8F7
:10E79000047058BF641A5BEA07074B4411D0BCF9F8
:10E7A00002B0BBF1000F0CDBC76ABB4509DAD0E948
:10E7B000017BBB453CBF0CF1080707610BF101076A
:10E7C000876007699E453B807A80A7F804A0A7F878
:10E7D00006A0C5D1049B9E1B03699A8832449A8087
:10E7E000029A02F1200C019AACEB020CDA8806FBCB
:10E7F0000C26DE80FFF7A9BB436A9B07F7B50E46E0
:10E80000154611D5D0E9051286EA010785EA02030B
:10E810003B4309D033460095FFF73EFB436AC0E90E
:10E82000056543F00103436203B0F0BDF8B5436AE8
:10E8300015469A0704460E4601D4FFF7F9FA636AB3
:10E84000DB0704D5D4E907122046FFF7D5FF23697B
:10E85000B3F90020701190424FEA651103D1B3F96A
:10E86000022091421AD0DF889A883A4310D0B3F937
:10E870000220002A0CDBE76ABA4209DAD4E9017205
:10E88000BA4238BF083302F1010238BF2361A260E7
:10E8900023690022188059809A80DA806661C4E971
:10E8A00006562562F8BD2DE9F047D0B06C4600EB66
:10E8B000C10127460D1A482D00F1080340F3D58009
:10E8C0002D1100EBC502B0F900901668B0F9028076
:10E8D00006605668B0F906C0B0F904E0466020F85A
:10E8E0003590A2F80280A2F804E0A2F806C031F93F
:10E8F000065CB0F90AC06545A1F1080206DB19D132
:10E90000B0F9086031F9085CAE4213DD0E46B0F98B
:10E91000089056F8085DB0F90C80B0F90EE01D6063
:10E9200075685D6021F8089C21F806CC21F8048CFC
:10E9300021F802ECB0F90260B0F90A50AE4206DBF1
:10E9400016D1B0F900C0B0F90850AC4510DA1D6816
:10E95000B0F9008005605D68B0F904E0B0F906C068
:10E96000A0F8088045604681A0F80CE0A0F80EC031
:10E9700031F9065CB0F902C0654506DB19D131F901
:10E98000086CB0F90050AE4213DA0E46B0F90090B0
:10E9900056F8085D0560B0F90480B0F906E07568C6
:10E9A000456021F8089C21F806CC21F8048C21F858
:10E9B00002EC0833B0F902C0B3F902E0E645F8DB37
:10E9C00005D1B3F90060B0F90050AE42F1DB154655
:10E9D000083AB2F90260B445F9DB05D1B0F900801C
:10E9E000B2F90060B045F2DB9342A5F1080616D8F3
:10E9F000D6F800C0B3F900A0C3F800C0B3F9049082
:10EA0000B3F90680D6F804C0C3F804C025F808ACF2
:10EA100025F806EC25F8049C25F8028CC9E7D6F801
:10EA200000E0B0F900A0C0F800E0B0F90490B0F93F
:10EA30000680D6F804E0C0F804E025F808AC25F814
:10EA400006CC25F8049C25F8028CCD1A161AED1078
:10EA5000B5EBE60FB5BFC4E90002C4E900310A46D0
:10EA6000034608341846114624E7994228D9A3F1F1
:10EA70001002B2F912C0B2F90A50AC4506DB1DD142
:10EA8000B2F91060B2F90850AE4217DA1546B2F981
:10EA9000109055F8086F16616E68B2F91480B2F9DB
:10EAA00016E0A2F80890A8425661A2F80AC0A2F89F
:10EAB0000C80A2F80EE0A2F10802DAD10833D4E704
:10EAC000BC4203D954E90201083CF3E650B0BDE86A
:10EAD000F08710B5436ADA07044607D5D0E9071274
:10EAE000FFF78AFE436A23F001034362636A9B07D0
:10EAF00021D52369D9889A880A4310D0B3F9022016
:10EB0000002A0CDBE16A8A4209DAD4E90112914257
:10EB100088BF083302F1010288BF2361A260A168A7
:10EB200029B16368994202D8E068FFF7BCFE636AC6
:10EB300023F002036362E06810BD0000014B186817
:10EB4000704700BFC4390120014B1868704700BFEF
:10EB5000C839012010B50368DB6A0C469847031BCF
:10EB60005842584110BD0000014B1960704700BF6A
:10EB7000CC3901202DE9F04F9646054614460E4645
:10EB80001F46BEE80F0097B00DF11C0CACE80F005B
:10EB9000DEF80030CCF8003004F1140EBEE80F00AF
:10EBA0000DF1300CACE80F00DEF80030CCF800308E
:10EBB00004F1280EBEE80F000DF1440CACE80F0084
:10EBC0009DF88C90BDF890A0BDF88880DEF80030EC
:10EBD000CCF80030219A2B680192CDE9039A209A53
:10EBE0000092CDF80880D3F83CB007AA3B463146E6
:10EBF0002846D847A646BEE80F000DF11C0CACE82D
:10EC00000F00DEF80030CCF8003004F1280EBEE82A
:10EC10000F000DF1300CACE80F003C34DEF8003092
:10EC2000CCF800300FCC0DF1440CACE80F00236899
:10EC3000CCF800302B68CDE9039A219A0192209AF2
:10EC40000092CDF80880DC6B07AA3B463146284687
:10EC5000A04717B0BDE8F08F2DE9F04F8DB0884682
:10EC60001699D3F800C00F68BDF8704092ED094ABC
:10EC7000D2ED0B4AD3ED076A1899DDF864A0B1F91B
:10EC80000090BAF90010D3ED0A1A93ED0D2AA7EB04
:10EC90000C07BC42A8BF3C4607EE904AB8EEE75AC4
:10ECA000D2ED0D7A25EE044A65EE244A25EE275A68
:10ECB000F7EE007A87EEA67A09EB0C0E714571EE3D
:10ECC000A40A32EE051A36EE840A61EE871A22EEA5
:10ECD000072A40F38D80A1EB0E0696FBF4F507EEB4
:10ECE000105AB8EEC77A002D04FB1566A7EE040A89
:10ECF000E7EE240AA7EE051A13DD70EE446A70EE03
:10ED0000E41AF5EE406AF1EE10FA18BF87EEA67A23
:10ED100031EE452A08BFB0EE677A61EE871A22EE1F
:10ED2000072A05FB04F2BF1A9444BAF804201144E0
:10ED300009EB0C023A4409B28A42C4BFA1EB0902B2
:10ED4000A2EB0C07002F50DD97FBF4F104FB1172CE
:10ED50000AB901392246C7EE803A40680B90D0F8D4
:10ED600000A0179808909DF86CB01898CDF824B0C2
:10ED7000B0F902B05B690B985B44F0EE426A60EE5A
:10ED8000A32A21EE233A72EEE17AFEEEC86AFEEE85
:10ED9000C87A079317EE907A73EE427AB0EE617AF2
:10EDA000FEEEC87A16EE903A97FBF4F717EE90CA8B
:10EDB000BEEEC87A9CFBF4FC0CFB0633029317EE04
:10EDC000103AB64404FB05E5CDE9037C07FB0637A2
:10EDD000CDE90585CDE900470029CCBFA146914684
:10EDE000A9EB0603DAF80840A0470DB0BDE8F08FA4
:10EDF00000252E4699E700002DE9F04FDBB01D46B7
:10EE0000BDF898310A939DF89C310B93BDF8A03161
:10EE1000109303680F915F6C099014462946DDE951
:10EE20000A23DDF894B1B847099B5860002800F028
:10EE3000A1832B6814936B681593C44B94ED027AED
:10EE40001978D5E90223F2EE047A0029B4EEE77AC4
:10EE500016BF194611461346F1EE10FA1691CDE988
:10EE6000173240F2878394ED077AB4EEE77AF1EE39
:10EE700010FA40F27F8394ED0C7AB4EEE77AF1EE6B
:10EE800010FA40F277832268B14B9A42C0F2728343
:10EE9000B04963698A4200F36D8303F51C33AE48C1
:10EEA000FF33834200F26683A36AAC4D03F51C3343
:10EEB000FF33AB4200F25E83626802F51C33FF331E
:10EEC000834200F25783A16901F51C33FF3383426B
:10EED00000F25083E36A03F51C30FF30A84200F2D1
:10EEE00049838A4280F210819A4200F31981994243
:10EEF00080F21D8102250127A946B8464FF0000A7D
:10EF0000214649A805F0BCFA2246534649A9CDF846
:10EF1000009019A805F0E4FB2246534649A9CDF814
:10EF2000008029A805F0DCFB4346224649A9CDF81C
:10EF3000009039A805F0D4FBAF42B5BF00230123F0
:10EF40000E930E930F9B93E8030012AFB9BF29AD48
:10EF500019AC19AD29AC87E8030028B9804B1868B3
:10EF60000368DB6A98473860649BBBF80600B3F916
:10EF700002300C930C9963692F9A0B44BBF9021071
:10EF8000084400B283420D9080F2DD808B4208DAA3
:10EF9000002A06DDCB1A9A42C0F2E480002B00F36F
:10EFA000E28067690C9B3B441F460D9BDF1B974229
:10EFB000A8BF17460DF15008002F40F36681649BEF
:10EFC0002968B3F90020BBF9003020681144994248
:10EFD0001ADDBBF804100B4402441BB29A4213DC46
:10EFE000099B109A1B6806920B9A05920A9A009543
:10EFF000CDE903B2649A0998CDE9018212A9D3F848
:10F00000489049AA2346C847D4E900231A446369B3
:10F0100094ED0A7AD4ED0B7AD4ED0E6AA16894EDE2
:10F02000086A226001336361A36937EE277A013BE6
:10F03000D4ED0D7AA361236984ED0A7A77EEA67A7E
:10F04000D4ED076AC4ED0D7A0B44E168236176EED6
:10F05000866A8B42C4ED076A15DB94ED096A76EE89
:10F06000266A0132C4ED076AD4ED0C6A226036EEDE
:10F07000877A5B1A84ED0A7A94ED0F7A236177EE32
:10F08000277AC4ED0D7AD5E900231A446B6995ED12
:10F090000A7AD5ED0B7AD5ED0E6AA96895ED086A66
:10F0A0002A6001336B61AB6937EE277A013BD5EDFE
:10F0B0000D7AAB612B6985ED0A7A77EEA67AD5EDEC
:10F0C000076AC5ED0D7A0B44E9682B6176EE866A16
:10F0D0008B42C5ED076A15DB95ED096A76EE266A67
:10F0E0000132C5ED076AD5ED0C6A2A6036EE877AE3
:10F0F0005B1A85ED0A7A95ED0F7A2B6177EE277A08
:10F10000C5ED0D7A013F57E7994213DC9A4214DAB4
:10F1100002250327A9464FF000084FF0010AEFE649
:10F1200001250027A946B8464FF0020AE8E6012566
:10F130000227E1E600250127F4E7022703254FF027
:10F140000009B846E9E7134628E700BFB4390120B3
:10F15000018FFDFF00710200FFE10400FEE10400E9
:10F16000BC39012013462B991191DDE9290ADDE90B
:10F170002C812E9FDDED344A9DED337A9DED374A8B
:10F18000DDED367ADDED313ADDED306A9DED325A56
:10F19000DDED355A9DED386A9E469C464FF00009DC
:10F1A000BCF1000F47D103EB070CD71AB9F1000FE0
:10F1B00009D0CDE92EC729908DED337ACDED367A81
:10F1C000CDED306A2D911B991191DDE9190ADDE928
:10F1D0001EC7DDE91C91DDED244ADDED236A9DEDBE
:10F1E000274A9DED267ADDED213ADDED207A9DED71
:10F1F000225ADDED255A9DED286A4FF00008BEF138
:10F20000000F31D0119E31444945504476EEA46A36
:10F2100037EE047A77EEA37A08DB77EE857A76EE1E
:10F22000A56A37EE067A0130A1EB09010EF1FF3E27
:10F230004FF00108E3E7119E31444145504437EE59
:10F24000247A77EE847A76EEA36A08DB76EE856A16
:10F2500037EE257A77EE867A0130A1EB08010CF1C2
:10F26000FF3C4FF001099BE79C44FF1AB8F1000FE7
:10F2700009D0CDE91EC71990CDED236A8DED267A10
:10F28000CDED207A1D91D21A8BE60E9B3F9A002B72
:10F2900000F0D18019AD39AC649BBBF80600B3F91E
:10F2A00002300C930C9963690B44BBF902100844BB
:10F2B00000B283420D9080F2C1808B4208DA002AAE
:10F2C00006DDCB1A9A42C0F2BB80002B00F3B98056
:10F2D00067690C9B3B441F460D9BDF1B9742A8BFF1
:10F2E00017460DF15008002F40F33C81649B2968BC
:10F2F000B3F90020BBF900302068114499421ADDAF
:10F30000BBF804100B4402441BB29A4213DC099B65
:10F31000109A1B6806920B9A05920A9A0095CDE9FD
:10F3200003B2649A0998CDE9018212A9D3F84890F2
:10F3300049AA2346C847D4E900231A44636994EDD7
:10F340000A7AD4ED0B7AD4ED0E6AA16894ED086ABE
:10F35000226001336361A36937EE277A013BD4ED64
:10F360000D7AA361236984ED0A7A77EEA67AD4ED4B
:10F37000076AC4ED0D7A0B44E168236176EE866A74
:10F380008B42C4ED076A15DB94ED096A76EE266AB6
:10F390000132C4ED076AD4ED0C6A226036EE877A3A
:10F3A0005B1A84ED0A7A94ED0F7A236177EE277A5F
:10F3B000C4ED0D7AD5E900231A446B6995ED0A7AFC
:10F3C000D5ED0B7AD5ED0E6AA96895ED086A2A602D
:10F3D00001336B61AB6937EE277A013BD5ED0D7ACE
:10F3E000AB612B6985ED0A7A77EEA67AD5ED076ACF
:10F3F000C5ED0D7A0B44E9682B6176EE866A8B4287
:10F40000C5ED076A15DB95ED096A76EE266A0132CD
:10F41000C5ED076AD5ED0C6A2A6036EE877A5B1A6D
:10F4200085ED0A7A95ED0F7A2B6177EE277AC5ED97
:10F430000D7A013F57E739AD19AC2DE7134644E784
:10F440001346DDE9390A3B9EDDF8F8C09DED437AAD
:10F45000DDED444ADDED467A9DED474ADDED406A3B
:10F46000DDED413A3D99DDF8F0809DED425ADDED4C
:10F47000455A9DED486A0E969E461F464FF000097C
:10F48000002F46D19C44D71AB9F1000F09D0CDE91D
:10F490003EC739903D91CDED406A8DED437ACDED7B
:10F4A000467A1B990E91DDE9190ADDE91EC7DDE9EF
:10F4B0001C91DDED244ADDED236A9DED274A9DED8B
:10F4C000267ADDED213ADDED207A9DED225ADDED43
:10F4D000255A9DED286A4FF00008BEF1000F30D08C
:10F4E0000E9E31444945504476EEA46A37EE047AC4
:10F4F00077EEA37A08DB77EE857A76EEA56A37EEAB
:10F50000067A0130A1EB09010EF1FF3E4FF0010830
:10F51000E3E70E9E31444145504437EE247A77EEBE
:10F52000847A76EEA36A08DB76EE856A37EE257A72
:10F5300077EE867A0130A1EB0801013F4FF0010917
:10F540009EE79C44FF1AB8F1000F09D0CDE91EC711
:10F550001990CDED236A8DED267ACDED207A1D919F
:10F56000D21AB5E60F9B1B6823B9044B18680368D1
:10F570001B6B98475BB0BDE8F08F00BFBC39012022
:10F5800070B504469DF81C600598616000259DF8E3
:10F5900010106382BDF91830258021726672E06018
:10F5A0002282A382E58225836583A583E583258462
:10F5B00084F822502EB303685B699847064600B36F
:10F5C000E06803683146DB6898470546C8B1437B6D
:10F5D000827A5B0003F4807313432384637A062BDF
:10F5E0000FD1E06803682A465B6C314698476B7B15
:10F5F0005B0003F48072AB7A13431844238C1844E5
:10F600002084204670BD2DE9F04F002485B081464E
:10F61000884692469B4627462546264654452ADA82
:10F62000002303934FF6FF639D4204D042F20B0385
:10F630009D4218BF2F4603AB42465946484604F048
:10F6400035FD0546B8B10A2815D0039A8AB1507B1A
:10F65000937A9588400000F4807003430193D8F8B2
:10F66000003039465B6C40469847019B184406447D
:10F67000B6B20134D2E7304605B0BDE8F08F022AB9
:10F6800030B511D0032A1CD0012A0CD18B880188F7
:10F69000B0F90420448804805B1A9B1AB0F9061064
:10F6A00043808180C28030BDCB8842889B1AC2884B
:10F6B0009B1A8A8801884380521A8188521A0280D4
:10F6C000F1E7CB884188B0F90620B0F90050B0F9D5
:10F6D000044045805B1A9B1A03808280C480E2E765
:10F6E0002DE9F04F9FB00F921293299A299B2A9DE2
:10F6F00012889B880E901344286817911BB21193AF
:10F7000003689DF8ACB05B6D9DF8B84098472B68D6
:10F7100013901A7BDB7A15921693BDF9A060002C2A
:10F7200067D02B7C2D9A062B14BF01230223134490
:10F730004FF000091093CDF834904C46CDF830903E
:10F740000D9B109A934280F28B800023CDE91C33ED
:10F750008DF86F304FF6FF639C4206D00C9B42F24F
:10F760000B02944218BF23460C930D9B2D992A68D7
:10F770008B4240DB136810465B6998470446286853
:10F7800003681DAA9F6821460DF16F03B8471C90BE
:10F790004FF6FF639C4200F0EA8042F20B039C426A
:10F7A00000F0E580002C00F00C810A2C5ED01C9A41
:10F7B0006AB39488BBF1000F3AD092F80D904FEAEB
:10F7C000490909F4807392F80A90BBF1010F49EAE4
:10F7D000030933D10C9BA6EB0906002B4DD1159ADA
:10F7E00009EB06031344299AB2F9002093424EDA3A
:10F7F00036E02D9B9CE70DF16F0301931DAB009349
:10F8000059461CAB2C9804F09AFC0446C0E72868C3
:10F8100003681B6998474FF6FF63984200F0A78082
:10F8200042F20B03984200F0A280BBF1000F00D11E
:10F830004E441C9A002AC0D1914698E00C9B002BA4
:10F8400000F0C180BBF1000F17D128680C99036844
:10F850005B6C98470644169B119AF31A934216DD87
:10F86000002C00F0AE800A2C40F09C800A24B4FAF0
:10F8700084F040091FB0BDE8F08F28680C99036838
:10F880005B6C9847BBF1010FA6EB0006A7D01C9854
:10F89000299B90F90910B3F90080437B5B0103F4C5
:10F8A00080728379314413430B4443455FDB119BE2
:10F8B00099425CDA28680368B045C8BFA8EB06081F
:10F8C0001B6BCCBF1FFA88F84FF0000898471C9AB2
:10F8D000537BD90001F48077117A39435F06129F78
:10F8E00044BFA1F5007109B2C7197F1A2999BFB2A7
:10F8F000B1F902100FFA87FA51453CDD1B01D079AE
:10F9000003F4807303439A44514530DCCF1B3FB26C
:10F910008A461992139A1D9B2868002A2DD11893A4
:10F920000E9B1968CB6C01681493096C8847A97900
:10F930000B91A97B0A919DF86F100991A968189BFA
:10F940000693BFB2CDE90287299B0493B044CDE969
:10F9500007010FFA88F30093199A0F9B0592CDF8CF
:10F9600004A01A6817995B680E98149FB8470D9BFE
:10F9700001330D93E4E60027CBE70E9AD2F808C0D6
:10F98000129ADCF80010CDE90462AA790392AA7BEE
:10F990000292AA68CDE90002299A8F680F99604601
:10F9A000B847E4E70D9D2D9B01359D42BFF65FAF43
:10F9B00059462C98F4F74CFE044610B10A28F2D1AF
:10F9C00054E7002453E7BBF1000F3FF444AF5EE778
:10F9D0002DE9F04F89B09946139BBDF85040159E14
:10F9E00083460D4690461BBB136810465B699847DB
:10F9F0008246E8B1D8F800300146DB6840469847B7
:10FA0000024600283FD0477B7F0007F48073877A47
:10FA10001F4333691B7C3C44062BA4B208D1D8F8A1
:10FA2000003051465B6C4046984738440444A4B2C9
:10FA300033695A79B5F9003042BBB9F1010F01D1F0
:10FA400023442B80139AB6F90830B2FA82F2520995
:10FA50000692139A0592129ACDE9039232690292A4
:10FA6000F2680192B5F900200092D6E900125846DA
:10FA7000FFF736FE33695B797BB9B9F1000F02D12C
:10FA8000288804442C8009B0BDE8F08F012AD9D120
:10FA9000B9F1000FD6D11B1BD3E7012BF3D1B9F17C
:10FAA000010FF0D12888041BECE700002DE9F04F8E
:10FAB000A9B0834605910B9315469DF8D030329935
:10FAC0000D9364220FA815F0D0FD0B9A00230E931E
:10FAD000002A40F05E8107920992904616460892ED
:10FAE00014460A929146079B339A934280F203810F
:10FAF0004FF6FF63994506D00A9A42F20B039945E7
:10FB000018BF4A460A922A460EAB0021329804F0EA
:10FB1000CDFA0E9A8146002A6ED092F80DA02B687D
:10FB20000A995B6CB2F804904FEA4A0A0AF48070B2
:10FB300092F80AA04AEA000A28469847504487B239
:10FB4000B9F1000F00F0D780B9F10A0F00F0D380AF
:10FB5000A9F128039BB229F02001012B89B24DD9CC
:10FB60005B294BD05D2949D029F0020292B2A2F163
:10FB70003C0ADAF1000242EB0A02A9F130039BB21F
:10FB8000092B3DD9A9F5CC6A1FFA8AFABAF1090FF7
:10FB90008CBF002301230693A9F5B2639BB2B3F592
:10FBA000B87F05D309F596639BB2B3F56C7F29D274
:10FBB000069B83F00103DBB24FF6FF60814523D043
:10FBC00042F20B00A9EB000CDCF1000040EB0C0052
:10FBD0004139192940F2A882B9F17F0F40F2918290
:10FBE000002B40F08E82002840F08B82032E50D8EC
:10FBF000DFE806F0132B39621746A1E70122BCE7C4
:10FC00000123C8E70023D7E70120E1E7032E40D80E
:10FC1000DFE806F0020929469BB94FF0010A564673
:10FC2000CDF818A017E083B1359BCDF80480CDE95D
:10FC300002430FAB00932A46002305995846FFF76D
:10FC4000C7FE3C464FF0010834E03C44012608F171
:10FC5000010AA7B20696079B01330793069B0B93F5
:10FC6000D0463C463FE7359BCDF80480CDE90243C2
:10FC70000FAB00932A46012305995846FFF7A8FECB
:10FC8000CBE713B9002800F05D823C4408F101087D
:10FC9000A4B20B9B0693C2462746DCE700220692DD
:10FCA000099A02F1010A4BB1089B1C4417FA84F42B
:10FCB000D044A4B20226ECE70122F0E7069B9BB1F8
:10FCC000359BCDF80480CDE902430FAB00932A4663
:10FCD000012305995846FFF77BFE089B1C4417FA41
:10FCE00084F4A7B20126B6E7089B3B449BB2CDE95A
:10FCF000083A0326CDE7012E07D1359BCDF80480C5
:10FD0000CDE902430FAB009320E0022E07D1359BD3
:10FD1000CDF80480CDE902430FAB009337E0032E0A
:10FD20001AD10B9B0FAE43B3359B0599CDE9024326
:10FD3000CDE9006801232A465846FFF749FE359B66
:10FD40000393089B0293099BCDE9006300232A4695
:10FD500005995846FFF73CFE0D9B5BB1359B03931D
:10FD60000FAA00230092CDE901332A46059958468F
:10FD7000FFF72EFE29B0BDE8F08F359B0393089B5B
:10FD80001C44099B4344CDE90063A4B202940123BF
:10FD9000DDE7CDE9083307931E46984606931C46D7
:10FDA0000A939946089B339A934280F272814FF6E8
:10FDB000FF63994506D00A9B42F20B02914518BF9A
:10FDC0004B460A932A460EAB0B99329804F06EF913
:10FDD0000E9A8146002A75D092F80DA02B680A99D8
:10FDE0005B6CB2F804904FEA4A0A0AF4807092F809
:10FDF0000AA04AEA000A28469847504487B2B9F157
:10FE0000000F00F04681B9F10A0F00F04281A9F11C
:10FE100028039BB229F02002012B92B254D95B2A0D
:10FE200052D05D2A50D029F0020A1FFA8AFAAAF1AC
:10FE30003C03D3F1000A4AEB030AA9F130039BB259
:10FE4000092B44D9A9F5CC639BB2092B8CBF0023A5
:10FE50000123A9F5B26189B2B1F5B87F08D309F5DC
:10FE6000966189B2B1F56C7F02D3BAF1000F01D06F
:10FE700083F0010A4FF6FF6189452AD042F20B0157
:10FE8000A9EB010CDCF1000141EB0C01413A192A0C
:10FE90000AD9B9F17F0F40F25981BAF1000F40F051
:10FEA0005581002940F05281B8F1070F00F2E78038
:10FEB000DFE818F01D00E5003000E5005300850084
:10FEC0006800C40017469AE74FF0010AB5E701231E
:10FED000BFE70121DAE70022CBB952BB01264FF080
:10FEE00002080996089B013308933C465AE7012211
:10FEF000F2E7002283B1359B0196CDE902430FABB7
:10FF000000932A46012305995846FFF761FD3C46B8
:10FF100001261EE00122EDE772B1359B0196CDE985
:10FF200002430FAB009301232A4605995846FFF779
:10FF30004FFD3C46012628E001363C440123A7B290
:10FF40004FF002080993CDE7002143B101363C444C
:10FF5000A4B24FF004082746C4E70121F5E7A9F150
:10FF60002C0292B20E2A06D844F20D0323FA02F2B2
:10FF7000D00700F10181A9F26B639BB2012B40F223
:10FF8000FB8029B101363C44A4B24FF00608E2E7F9
:10FF9000359B0196CDE902430FAB00932A460B46F1
:10FFA00058460599FFF714FD98E700224BB1079BCF
:10FFB00001331E44069B1C4417FA84F4C8E701224F
:10FFC000F4E70DF13C088AB1359A0599CDE9024272
:10FFD000CDE900862A465846FFF7FAFC359B039385
:10FFE000069B0293079BCDE900839CE7359B05990F
:10FFF000CDE90243CDE90086134658462A46FFF76D
:020000040801F1
:10000000E7FC079B5E1C069BDC1997E7002BB9D128
:10001000BAF1000F00F0B680359A0196CDE90242A0
:100020000FAA009205992A465846FFF7D1FC0126EF
:10003000CDF824A04FF0020854E73BB1079B0133F1
:100040001E44069B1C4417FA84F49DE7079A01326C
:100050000C92069A1744BFB2BAF1000F00F09880D4
:10006000359A0196CDE902420FAA009205992A46D7
:100070005846FFF7ADFC0C9ECDF824A0DAE7099BAB
:10008000002B7FF468AFA8F1020253425341099359
:1000900061E7B8F1020F04D1359B0196CDE9024327
:1000A0003AE608F00508B8F1040F04D1359B019633
:1000B000CDE9024326E6B8F1050F7FF44DAE099B6A
:1000C0000FAF93B1359B0599CDE90243CDE9007699
:1000D00000232A465846FFF77BFC359B0393069B7B
:1000E0000293079BCDE9007351E6359B0393069B72
:1000F0001C44079BA4B21E440294CDE90076099BE0
:1001000025E6069900297FF481AD6AB9032E3FF6F2
:10011000C0AD01A252F826F019FC000827FC000827
:1001200083FC00089DFC0008032E3FF6B2AD01A23F
:1001300052F826F019FC000827FC000867FC0008AC
:10014000B9FC0008012308970993D2E5B8F1070F1D
:1001500095D801A252F828F0D7FE00087F000108C8
:10016000F3FE00087F00010849FF0008ABFF00080C
:100170000D0001083B0001080123069707934FF08B
:100180000508E8E60123069707934FF00708E2E623
:100190000C9BCDE90673DEE630B5C48A458B4383FC
:1001A0002C44E41AC482838B048B22440C44591AD5
:1001B000C2830483818330BD2DE9F04F0446478A12
:1001C000C068036885B09B6B9847B4F91460637A84
:1001D00006EB4006B74203F1FF33ACBF4FF0000916
:1001E0004FF00109052B04D8DFE803F054080E474F
:1001F0004C4C0025A9462E462F460DE0B742B4BF11
:10020000002601260025F7E7B7424D464FF00009CA
:10021000B4BF002601264F464FF00008A4F8168010
:10022000A4F81880CDF80480002303932388202BA2
:1002300034D042F20B015A1AD2F1000A4AEB020AF8
:100240004FF6FF62934209D08B42019A18BF1A46BB
:1002500001920CBF4FF0010A4FF0000A03ABE268B5
:10026000217A606803F022FF2080D8B9A28B002396
:1002700011462046FFF790FF6EE00025A9462E4666
:100280000127C9E7B7424FF00005B4BF0027012797
:100290002E46C1E70025A9460126ADE701934FF0A0
:1002A000010ADBE7638B0A2803F101036383DDD0D6
:1002B000039A62BB4FF6FF63984203D042F20B03EE
:1002C0009842B1D12388A18B202B03D042F20B009E
:1002D000834231D1BAF1000F0ABF8846504601204F
:1002E0000A44238BB4F810C092B2A2831344B9F12C
:1002F000000F02D1002D42D000B3218C19448C454F
:1003000037DAE18A002934D063458DDD1DE093881A
:10031000238092F80DB001994FEA4B0B0BF48070DB
:1003200092F80AB04BEA000BE06803685B6C9847F0
:100330000BEB000292B2C5E70020D1E763457FF7DF
:1003400073AFE38A002B3FF46FAF012384F82230B0
:10035000228CE38B1344E383E06803689B6B98472C
:10036000B4F914301844638A181A608205B0BDE8E5
:10037000F08F002311462046FFF70EFF54E7634538
:1003800014DD17B101230A4672E7002E3FF44CAF8B
:1003900000287FF449AFBAF1000F02D00123424692
:1003A00067E7E38A002B3FF43FAFD5E700287FF4EF
:1003B0003BAFBAF1000F3FF437AF01234246DAE713
:1003C000F0B505468FB017461C460E46D1B11B68E6
:1003D00020469B6B9847404200B2CDE9014003960E
:1003E00000974FF6FF73BDF85020294605A8FFF788
:1003F000C7F8012405A8FFF7DFFEBDF8143063B18C
:100400000134F7E703F020FF01240A28284608BF3B
:10041000013403F019FF0028F7D1A0B20FB0F0BDEE
:100420002DE9F04FE7B08A46DDF8C09106901C46F2
:10043000B9F1000F00F0C6801B68002B00F0C280ED
:10044000A37B002B00F0BE8010685168BAF904202D
:10045000ADF8302009AF3B4603C3A279BAF90630A4
:100460006679ADF832300BA9384600250B95FFF7B9
:1004700006F90BA9A2790846FFF701F9002E6AD107
:1004800094F80480B8EB050818BF4FF00108454602
:100490001BA802F029FE20680368DB6C984783469E
:1004A000206803681B6D98475B46719A0090494627
:1004B0001BA802F074FE206803689B6B9847B4F990
:1004C0000C3003440593236893F809B0834434A89F
:1004D00002F00AFE237C7BB120680368DB6C98473E
:1004E000079020680268126D9047079B0090719AF0
:1004F000494634A802F053FEBDF83010E27BBDF847
:1005000032308A1A217C0391B4F90C1002912168CF
:1005100001916179009192B234A912A8FFF730F8E5
:10052000237C0BB34FF6FF79BDF92E30B7F90220CB
:100530005B44934249DA12A8FFF73EFEBDF85E30F5
:10054000013B9BB24B45079329D031461BA8F4F7DA
:100550007FF8079BF4E7012E03D12579023D18BFF0
:1005600001254FF0010893E7BDF81490BDF92E3036
:10057000B7F902205B44934227DA1BA803F064FE1C
:1005800000B30A28F2D1BDF82E304B44ADF82E301E
:10059000BDF83230A3EB0903ADF83230E6E7BDF821
:1005A0001430BDF82E201A44ADF82E20BDF83220AC
:1005B000D31AADF83230BDF848301BB19DF86A301F
:1005C000002BB1D067B0BDE8F08F0023CDE90D3A24
:1005D000CDE91074BDF82E20ADF83C209946237C5F
:1005E000ADF8229013B112A8FFF7E6FDB8F1000FA5
:1005F00068D0002D61D0237CC3B964221BA94DA80B
:1006000015F033F8334647F6FF7221684DA8FEF720
:10061000FAFF00B22279002E44D1012ABDF9303010
:1006200007D11B1A022093FBF0F305E0BDF9660029
:10063000F0E7E27B9B1A1B1AADF82230237C002BDB
:1006400042D0BDF85E209DF86A3001920DF1340A67
:100650000DF16C0BCDE9023A2268CDF800B03346BB
:100660000DF122010698FFF721FABDF81420BAF81F
:100670000830BDF8321013448A1AADF832209DF8C4
:100680006A201BB2AAF80830002A9BD1FA88798820
:100690000A4412B2934295DC584602F04CFD002801
:1006A0009DD08FE7012A03D1BDF930300344B9E76B
:1006B000002AC3D1E37B0344BEE7E27BBDF83030C0
:1006C0009B1AB9E7E37BB7E747F6FF72BDE7032B59
:1006D00018D8DFE803F002060D13B0F90020501817
:1006E000704703888088184400B2801A0138704728
:1006F00003888088184400B2401AF7E7B0F9000078
:100700001044704700207047032B17D8DFE803F030
:1007100002060910B0F9021050187047B0F9022013
:10072000FAE74388C088184400B2801A013870473D
:100730004388C088184400B2401AF7E70020704789
:10074000014B00221A607047CC3901200346C8B122
:10075000020C1204A2B90304102013F07F4F04BF4F
:100760001B02083013F0704F04BF1B01043013F05C
:10077000404F04BF9B000230002B04DB0130704768
:100780000020EAE7202070472DE9F04F87B00D46A2
:1007900016469846DDE91047014620B11AB11F2DD3
:1007A00001D81F2B04D90020386007B0BDE8F08FB6
:1007B0007DB943B10246CDE900472B46414630465C
:1007C000FFF7E2FFF1E74FF0FF333B606FF00040CF
:1007D000EBE732FA05FA06D14643B6FBF4F004FB28
:1007E00010663E60E1E70122AA40013A164000FA95
:1007F00005FB3046BBFBF4F90AFB09F30393FFF753
:10080000A5FF2B460A46CDE9004701463046FFF7D3
:10081000BBFF04FB19B90646484605EB0801FFF784
:1008200095FF05ABCDE900434A4603465046FFF726
:10083000ABFF3968059A039B1144B1FBF4F2D3185E
:100840001E4404FB121430443C60AEE72DE9F04333
:1008500085B0B0F100090C9C1D46BFBF23685B4208
:10086000C9F100092360B4BF4FF0FF360126002A0A
:10087000174604DA23685B42574276422360002D14
:100880003846BABF6D424FF0FF384FF00108FFF70E
:100890005DFF03ABCDE900533A4603464846FFF7F8
:1008A00073FF2368039A46451A4492FBF5F31844F4
:1008B00018BF404205FB1323721C236005D1002B97
:1008C000C3F100020BDB226006E0012E04D1002BF5
:1008D00002DA2B440138236005B0BDE8F08301380B
:1008E000521BF0E72DE9FF411C4C0768A369054640
:1008F0002BB94068C5E9007004B0BDE8F081A2687A
:10090000206804AE4FF0020893FBF8F10A4446F861
:10091000042DE16900963A46FFF798FFA3696A68DB
:10092000216A009607466068FFF790FF6269A36935
:1009300093FBF8F842440392616A2A6800960744E0
:10094000E068FFF783FF00968046A3696A68A16AA2
:100950002069FFF77BFF4044CCE700BFD03901207E
:10096000074B1B78012B09D1B1F90030B0F90020F9
:100970000380044B1B88013B9B1A0B80704700BF10
:10098000B4390120B039012010B5074B1B78012B79
:1009900008D1064B0C881B88B0F90020013B1B1BBB
:1009A00003800A8010BD00BFB4390120B039012096
:1009B00010B50A4B1B78012B0ED1B0F906104388F5
:1009C000B0F900404480CA18054B1B889B1A03806D
:1009D000B0F90430C380818010BD00BFB43901205C
:1009E000B0390120084B1B78012B0CD10388B0F9DA
:1009F0000410428802805A18044B1B889B1A4380BB
:100A0000C3888380C1807047B4390120B039012088
:100A100010B5074B1B78012B08D1B1F90030B0F9A4
:100A2000004003809388013B1B1B0B8010BD00BF5F
:100A3000B43901200B4B1B78012B11D10B6890EDC1
:100A4000007A0360B2F90430DFED076A07EE903AEE
:100A5000F8EEE77A77EEE67A77EEC77AC1ED007ABC
:100A6000704700BFB439012017B7D13810B50A4B11
:100A70001B78012B0A460DD1818803880B4401465F
:100A8000013B21F8023BFFF7C3FFB0F90430C288F5
:100A90008280C38010BD00BFB4390120064BB3F97A
:100AA0000020064BA0F83421B3F90030A0F836310D
:100AB0000021C0F830117047B0390120B23901204F
:100AC000034B186810B103689B691847704700BF53
:100AD000003A01207047000007B5094BB3F9002028
:100AE000084BADF80420B3F90030ADF806300368C8
:100AF000002100919B6C6946984703B05DF804FBA8
:100B0000B0390120B2390120094BB3F90020094B5B
:100B100082B0B3F90030ADF804200021ADF8063002
:100B20000091036802AA12E906001B6C02B0184784
:100B3000B0390120B2390120034B186810B10368A5
:100B4000DB691847704700BF003A0120034B186863
:100B500010B103681B6A1847704700BF003A0120B4
:100B60000023A0F8EC307047034B186810B10368FD
:100B70009B6A1847704700BF003A0120704710B5C4
:100B80004FF49E71044613F05DFB204610BD10B576
:100B9000B1F900408A88B0F90030224412B2934281
:100BA00015DA828813441BB29C4210DAB1F9023084
:100BB000C988B0F90220194409B28A4207DAC0880C
:100BC000104400B28342ACBF0020012010BD0020C1
:100BD000FCE7B0F90030002B10B504DA8488234418
:100BE000838000230380B0F90040B0F90430091B72
:100BF0008B42B0F90230C8BF8180002B04DAC18873
:100C00000B44C38000234380B0F90210B0F90630D2
:100C1000521A9342C8BFC28010BD000010B5104BDD
:100C2000B3F900200F4B0C462046B3F90010FFF734
:100C3000D0FF0D4B186890B1036821469B68984718
:100C40000A4B186818B1036821469B689847084BFF
:100C5000186803682146DB69BDE81040184710BDDD
:100C6000B2390120B0390120003A0120FC390120BD
:100C7000BC390120F8B5064608460F46F9F7BFFA19
:100C8000E8B9B7F90050B6F90040A54217DBB7F94B
:100C90000220B6F902309A4211DBB9880D44B188BE
:100CA0000C442DB224B2A54209DCF8881044F28825
:100CB000134400B21BB29842CCBF00200120F8BD03
:100CC000F8B5044608460D46F9F799FA78B9204672
:100CD000F9F795FAB5F9006050B12680B5F9023000
:100CE0006380B5F90430A380B5F90630E380F8BD20
:100CF000B4F90010B5F90220B4F90230B5F804C017
:100D0000ED88B1420F46A8BF374693421846664465
:100D1000A8BF1046B4F804C027802A44E588608044
:100D200061442B4436B209B212B21BB28E42ACBF40
:100D3000C7EB0601C7EB01019A42ACBFC0EB020250
:100D4000C0EB0302A180E280D1E70000014B1868EC
:100D5000704700BF103A012010B50023A0F8A4305E
:100D6000B0F88030A0F8A6300446B4F8A430B4F847
:100D7000A6209A420ED9E21892F8842022B154F8A3
:100D8000230003681B6D9847B4F8A4300133A4F81E
:100D9000A430EAE710BD30B5B0F88050002293B21D
:100DA0009D420ED950F822308B420BD1841894F812
:100DB00084303BB1013BDBB284F884300BB940F89E
:100DC000223030BD0132EAE70023A0F8803000F184
:100DD0008402A43002F8013B8242FBD1704700003C
:100DE00070B50B4C054620680E4610B103685B6970
:100DF0009847281DFFF7E8FF266033683046DB6818
:100E000098472B6828465B6CBDE87040184700BFC8
:100E1000003A01200023B0F880C0B0F8A410F0B56B
:100E20001A461C461D469C451ADDC61896F8846075
:100E30006EB19A4208D01FFA82FE50F8237040F833
:100E40002E70871887F8846001320133EBE7B0F821
:100E5000A6609942A8BF01359E42C8BF0134F4E79D
:100E6000B0F8A630491B1B1BA0F8A410A0F8A630B0
:100E7000B0F88030934203DD013BA0F88030F7E703
:100E8000F0BD000070B5164D0446286840B1037AE5
:100E900033B984F8383103689B68BDE8704018475F
:100EA00094F838310F4E73B968B1037A5BB130688A
:100EB00010B103681B69984728680368DB68984786
:100EC000012384F8383104342046FFF745FF2046DB
:100ED000FFF7A0FF306810B103685B6ADDE770BD03
:100EE000043A0120003A0120034600F140010022AB
:100EF0001A805A809A80DA8008338B42F8D1A0F8A1
:100F000040207047F8B506461C4B46F8043B0446A3
:100F10000025A8220021304614F0D7FAA4F8845006
:100F200004F1AC00FFF7E0FF04F1EE00FFF7DCFF97
:100F3000A4F83051A4F83251A4F83451A4F8365131
:100F400084F838510E490F480F4F12F0E7FA0F4B53
:100F500058B11D800E4A002313600E4A3B60304694
:100F60001360FFF731FF2046F8BD4FF48062022086
:100F70001A80386001F03EFFECE700BF147D0208E4
:100F8000CDB5E8B5C2A507F4003A012088000020DD
:100F9000103A0120043A0120B0F84030013B9BB2E6
:100FA0008B4210B5A0F8403008D900EBC30300EB2A
:100FB000C1041A6840F831205A68626010BD000010
:100FC0002DE9F04F924B8FB00AAC84E80600B3F9DC
:100FD0000020904B8346B3F900102046FFF7F9FD3F
:100FE0002046F9F70CF9002870D18B4B1B6893F859
:100FF0004830022B6AD00394BBF8EC400BF1AC03F1
:101000000BEBC405A43501935CB129460398FFF7A7
:1010100031FE013C18B1A1B20198FFF7BDFF083DB8
:10102000F2E7BBF8ECA0CDF810A00AF1FF33029371
:101030004FEACA0303F1A40406935C440025264644
:10104000CDF814A02F46059B002B73D00399304692
:10105000FFF79DFD50B3BDF928E0B6F900C0BDF91A
:101060002A80B6F90290E64533DBBDF82C20B38820
:101070007244634412B21BB29A422ADCF388BDF870
:101080002E101FFA89F213449BB2C8451FFA88FC40
:101090000FFA83FE0FDBA3EB0C03C91A09B2002978
:1010A000ADF82E1012DDADF82AE00546059B013B98
:1010B0000593083EC7E7614409B2714538DCA2EBED
:1010C0000C0212B2ADF82E20002AEEDC0FB0BDE803
:1010D000F08FC8452CDBF3889944BDF82E30984436
:1010E0000FFA89F90FFA88F8C14521DBB388BDF8FA
:1010F0002C101FFA8CF213449BB2E6451FFA8EF8AF
:101100000FFA83F90ADBA3EB0803C91A09B2002915
:10111000ADF82C10DADDADF82890C6E7414409B2ED
:10112000494505DCA2EB080212B2ADF82C20CBE752
:101130000746BBE7002D81D1002F00F0DF81BDF90C
:101140002860BDF92A70BDF82EA0B3B20593059AA8
:10115000BDF82C301344BAB292449BB21FFA8AFAFB
:101160000FFA83F80FFA8AF9CDE90723049B002BC5
:1011700054D003992046FFF70AFDDDE90723C0B1EB
:10118000B4F900E0B4F90210764522DCB4F804C0EA
:10119000F4440FFA8CFCE0451BDB8F421FFA81FC04
:1011A000E1880DDCAAEB0C0CA1EB0C01A4F8029079
:1011B000E1802846049901390491083C0546D3E7AB
:1011C000614409B24945F5DCA2EB0C0CA4F806C059
:1011D000EFE78F42EEDCB4F806C0614409B28945FE
:1011E000E8DB76451FFA8EFCA18807DCA3EB0C0C2C
:1011F000A1EB0C01A4F80080A180DAE7614409B2F8
:101200008845D7DB0599A1EB0C0CA4F804C0D0E706
:10121000B2390120B0390120BC390120002D00F085
:101220006D81069B5B441C46029B013300F0668186
:1012300004F1A40529460398FFF71CFD20B1BDF871
:1012400008100198FFF7A8FE03992846FFF79FFCB6
:10125000002800F09C80B4F9A490B4F9A830BDF93E
:10126000280009931FFA89F101EB030C1FFA8CFA8D
:10127000BDF82CC0BDF92AE0B4F9A62083B203EB77
:101280000C05ADB20595BDF9145004954845BBF861
:10129000EC5040F399805B1A9BB296450FFA8AF0A6
:1012A0001EB22EDD029FBDF82E400BEBC708049F37
:1012B0003F1AB8F8B2001FFA8EFE92B2AEEB0201EE
:1012C000A644024489B20FFA8EFE12B20DB2AEEB02
:1012D00002026F437243974209DBB8F8AC20A8F8CA
:1012E000B250ADF828209C44ADF82CC084E62144CF
:1012F000B8F8AE30A8F8B060ADF82E10ADF82A30CE
:101300007AE6049FB84227DA0299BDF82E500BEB1B
:10131000C10405EB0E011FFA81F8B4F8B2101144B4
:10132000A1EB080189B20FFA88F9A2EB0E020FFABD
:1013300081F83F1A724308FB07F7BA4206DCA4F8AB
:10134000AE90A4F8B280B4F8AC20CAE7A4F8B060BC
:101350002944ADF82E104FE60598AAEB000080B2A4
:10136000062D0FFA80FE17D8049BA4F8A4306B1C3E
:10137000B4F9AA10A4F8A8E0ABF8EC30019B0198EE
:1013800003EBC50320F835905A809E80D980029BDC
:10139000013B0293083C47E7029AB6454FEAC20276
:1013A0000DDB9C441FFA8CFC5A44ADF82CC08C44D5
:1013B000ADF82890A2F8ACC0A2F8B0E01CE65A4400
:1013C0008444A2F8B0608FE7BDF82E601FFA8EF15A
:1013D00001EB060893B21FFA88F806930FFA88F318
:1013E0000793069FB4F8AA303B449BB296450893F6
:1013F00024DA0599A3EB0803AAEB0104A4B29BB27B
:1014000025B219B2A2EB0E02A9EB00006A434843D1
:101410008242029A4FEAC2025A4406DC079BA2F8B3
:10142000B210A2F8AE30A4445EE70499A2F8B0501E
:10143000A2F8AC103344ADF82E30DDE5069F049BD6
:10144000C91B0FFA8AF789B29F420FFA81FE23DD8A
:10145000059ABDF92030079DAAEB020292B2A5EBD6
:10146000030A14B2A9EB0000029B0EFB00F004FB80
:101470000AFADB0050455B4403DBA3F8B2E0944476
:1014800032E7049AA3F8AC20A3F8B040B3F8AE302A
:10149000ADF82A3031445CE7089BA3EB08039BB20C
:1014A000062D18B213D8079BA4F8A6306B1CA4F81D
:1014B000AA00ABF8EC30019B019903EBC50321F8BE
:1014C00035905A80099A9A80A3F806E05FE7029C5B
:1014D00070454FEAC4040DDB3144069BADF82A2069
:1014E00089B25C44ADF82E101944A4F8AE10A4F8EB
:1014F000B20081E55C44A4F8B2E09BE7BBF8EC40A5
:10150000651EADB20BEBC4044FF6FF76B54244D076
:10151000BDF92A20B4F9A600BDF92810B4F9A470C9
:1015200082421FD1BDF92EC0B4F9AA309C4519D111
:10153000B4F8A830BDF82C20D81900B2884209D1DF
:10154000ADF828701344ADF82C3029460198FFF708
:1015500023FD03E0114409B2B942F3D0013DADB21D
:10156000083CD3E7B942F9D1BDF92C10B4F9A83041
:101570009942F3D1B4F8AA30BDF82E101F183FB22B
:10158000BA4205D1ADF82A000B44ADF82E30DCE7A5
:101590000A4412B29042E1D1F6E7BBF8EC60072EA4
:1015A0004FEAC60412D8751CABF8EC50019DBDF98A
:1015B0002800BDF92A10BDF92C20BDF92E3025F8E0
:1015C00036002C446180A280E3807FE50BF1AC0300
:1015D000013E5C446FF0004A4FF0FF370025059351
:1015E000B4F9A8300293721EB4F9AA30049391465C
:1015F00004F1A403B9F1FF3F14BF0599DDF80CE035
:101600001868079218BF01EBC90E0DF1300CBEF837
:101610000610BEF80480069318FB01F85968ACE880
:10162000030071460CA8FFF74BFBBDF83610BDF860
:101630003400049B029A10FB01F002FB0388A0EB2C
:1016400008014FF0080C90FBFCF0884220DC51456B
:10165000DDE9063203DAD9B18A464F46354609F14B
:10166000FF3919F1020FC5D116460132A4F1080461
:10167000B6D1019BACB2ED0058197B1C0BD10146D1
:101680000398FFF71DFB21460198FFF785FCB3E4A3
:101690004F463546EDE7019BFF00D919FFF710FBD8
:1016A000039B03CB5F445D44C7F8AC00C7F8B010A0
:1016B00055F8AC0F039B696803C3E4E72DE9F04FCD
:1016C00000F59876A1B004463046F8F798FD054637
:1016D00048B9236896E806001B6C20469847C4F872
:1016E0003051C4F83451B4F8EC30002B49D1B14B2F
:1016F0001B6893F84870BB1E5F425F41AE4B1B688E
:10170000002B40D0AD4D2846F8F779FD064600285D
:1017100039D12846FFF74CF9236829681B6C6A68A1
:10172000204698472E806E80AE80EE800FAFA44E8C
:101730003846FFF7D9FB3588B4F8ECC02B4604F1E6
:10174000AC00634524D2BDF87C10072916D800EB05
:10175000C30230F93390B2F902A0B2F90480B2F9B1
:1017600006E04A1CADF87C2007EBC10227F8319057
:10177000A2F802A0A2F80480A2F806E001339BB20E
:10178000DFE70127BAE7002FD0D121B0BDE8F08F05
:10179000B4F82E31AB420CD904EBC5032268D3F860
:1017A000EE10176CD3F8F22020460135B847ADB2E1
:1017B000EEE7804D286890F84830012B40F03B81DF
:1017C000804A33881278B4F8EC00012A14D004EB74
:1017D000C302AE324FF00009834202F1080280F2E8
:1017E000828032F8041C32F8087C394409B28945F9
:1017F000B8BF89460133EFE7734F3A889346834277
:1018000008DA04EBC3010133B1F9AC108B45A8BF72
:101810008B46F4E700230F2ADFF8B091ADF82C20B7
:101820008CBF4FEAD2084FF00108ADF82E30ADF86A
:101830003030ADF83230BDF92C3028685B4540F3CC
:10184000C7800368B7F800A0D3F8A8309847BDF95F
:101850002CC02B68AAEB000080B2ACEB080E7045E0
:1018600093F87C1093F86A2005DD584503DD01B933
:1018700092B3584606E00029FBD1002AF9D1584519
:10188000B8BF5846B9F90030ADF82C000022ACEBD7
:101890000000B6F800A0ADF82E20ADF83000ADF88D
:1018A0003230B4F8EC305345C5DD04EBCA020DAB61
:1018B00052F8AC0F516803C30DA80BA9F8F75CFCF4
:1018C0000DA8F8F79CFC20B923680DA99B6C204655
:1018D00098470AF1010AE4E71A680121D2F8A42026
:1018E00018469047A7E7394BDFF8DC801F880023B4
:1018F000CDE90B330F2F8CBFFF080127BDF8323025
:10190000BDF82E20286813441BB24B4560DA0368EB
:10191000D3F8A8309847BDF82EE0BDF832302A68D9
:1019200073441BB203EB070E704592F87CC092F82B
:101930006A100DDA48450BDABCF1000F38D10029E6
:1019400036D113680121D3F8A43010469847D5E763
:10195000BCF1000F2CD159BB4845A8BF4846B8F987
:101960000020B6F800A0ADF82E300021C01AADF866
:101970002C10ADF83020ADF83200B4F8EC305345FF
:10198000BCDD04EBCA020DAB52F8AC0F516803C3C7
:101990000DA80BA9F8F7F0FB0DA8F8F730FC20B95B
:1019A00023680DA99B6C204698470AF1010AE4E7D9
:1019B0004846D4E7BC390120FC390120083A01200F
:1019C00088000020B4390120B0390120B23901204B
:1019D000286803685B6A9847A54B1B78002B3FF487
:1019E000D4AE0023A4F82E31A24BBDF87C601B8836
:1019F0000FA804F1EE05B342BFF4C7AEB4F82E1140
:101A0000072915D800EBC30230F93380B2F902E0A0
:101A1000B2F904C0B2F906704A1CA4F82E2105EBF5
:101A2000C10225F83180A2F802E0A2F804C0D780F4
:101A300001339BB2DFE7022B40F0D180B0F8803059
:101A40000893B0F87E300793036890F87DB0D3F820
:101A5000A8309847884B1B880293884B1E88884B78
:101A60001B780BF1FF37012B1CBF029B0296BFB204
:101A70000FFA87F882464FF0000018BF1E46EFF7B6
:101A8000C1FF96FBFBFB0BFB08F8C2450CDA28688C
:101A900003680A21D3F89C30984728680368D3F874
:101AA000A83098478246F0E70020EFF7D5FF1FFAED
:101AB0008BF317FB03F70493BBB205934FF00008B9
:101AC0007309704F06934546B54285D03868036860
:101AD000D3F8A83098478245814607D9B8F1000F5E
:101AE00007D038680368D3F8B83074E7B8F1000F4E
:101AF00003D04D45F5D34FF00108049A95FBFBF355
:101B00000393013313FB02F399B2B8F1000F4ED0E7
:101B100009EB0B03B342A8BF334607989BB28B4235
:101B200094BFC5EB0302C5EB01028242A8BF024687
:101B300008981FFA82FA824505D215FA82F0864289
:101B400001D0994240D201200992EFF75BFF38683B
:101B5000BDF90C100368D3F898309847484B099AA0
:101B60001B78BDF90810012B12B24FF0000022D1F2
:101B7000731BA3EB0A03ADF83430ADF83600ADF8B3
:101B80003820ADF83A1023680DA99B6C2046984781
:101B90003868039B5942036809B2D3F898309847D4
:101BA00055440120ADB2EFF757FFCA468CE7059BBD
:101BB000A9EB0303B1E7ADF83400ADF83650ADF84A
:101BC0003810ADF83A20DEE7386803689B6A98471A
:101BD000386806990368D3F89C309847E5E7032BEB
:101BE00040F03081264BB0F982901B78012B04F134
:101BF000AC0A00F093803288B4F8EC10013292B253
:101C000000293FF4E9AEB4F8B250B4F8AE301D4448
:101C10002DB294464FF000081FFA8CF399424FEA18
:101C2000C80740F2BA80274404EBCC0EB7F9AE30B7
:101C3000BEF9AE00834240F39C80BEF8B25005442A
:101C40002DB29D42A8BF1D46E0460CF1010CE3E712
:101C50000AD1B7F9B200BEF9B2106245B8BF624608
:101C60008842B8BF984682E08A42B8BF0A467EE002
:101C7000BA39012088000020B2390120B039012092
:101C8000B4390120BC390120E1190DAB51F8AC0F7A
:101C9000496803C3BDF93830BDF834104B45B8BFAF
:101CA000BDF93420ADF834200B449B1A0DA8ADF8D3
:101CB0003830FEF797FE0DA8F8F7A1FA70BBBDF912
:101CC0003AC02868BDF83830D0F800E0BDF83620BA
:101CD000BDF83410CC45D4BF1FFA8CFC1FFA89FC28
:101CE000CDF800C0DEF894B0D8478346ADF83A008E
:101CF0000DA8FEF75DFE2368274420469B6C0DA9C6
:101D00009847B7F8B000A0EB0B0000B2A7F8B000FE
:101D100020B91FFA88F15046FFF73EF9B4F8ECB04D
:101D2000BBF1000F3FF458AE3388B4F9AC20013357
:101D30009BB24FF0000899B28B454FEAC807A3D970
:101D4000274404EBC30EB7F8B010B7F8AC00BEF9E7
:101D5000ACC00844BEF8B010614400B209B2884279
:101D6000BFF676AF844562469846B8BF0246013357
:101D7000E1E70ED1BEF9B000BEF8B2E0B7F9B0703D
:101D800073441BB29D42A8BF1D468742B8BFE046C0
:101D90005BE78542A8BF054657E70AEB07002744E3
:101DA000CDE90221B7F9B2B0CB45BEBFB7F8AE500E
:101DB0005D442DB2F8F723FADDE9022100287FF413
:101DC0001FAFB7F9AE20ADF83A002B48B7F9AC1009
:101DD000B7F9B0300068ADF83410AD1A4D45ADF824
:101DE0003620ADF83830A8BF4D46D0F800C0ADB2AF
:101DF0001FFA8BFB5D4594BF0095CDF800B092B201
:101E0000DCF894509BB289B2A8472368ADF83A0039
:101E10009B6C0DA920469847BDF83A10B7F8B23030
:101E2000B7F8AE205B1A0A441BB2A7F8AE20A7F899
:101E3000B230002B7FF4DFAE1FFA88F15046FFF777
:101E4000ABF8D8E63588B4F8EC30AB427FF6C4ADD9
:101E500004EBC5020DAB52F8AC0F516803C30DA8DB
:101E6000F8F7CDF920B923680DA99B6C2046984757
:101E70000135ADB2E7E700BFBC390120034B0022BA
:101E80001A805A809A80DA80704700BF083A012091
:101E90002DE9F04104469CB003A815460E461F46A6
:101EA00001F022F923682046DB6C984723688046BE
:101EB0001B6D204698472946009043463A4603A8A2
:101EC00001F06DF9002503A801F035F958B9334642
:101ED00047F6FF72214603A8FDF795FB03B2AB421C
:101EE000C8BF0546EFE728461CB0BDE8F08108B53D
:101EF0000368DB68984728B1437B807A5B0003F472
:101F00008073184308BD0EB4F0B59EB023AB0546F0
:101F100053F8044B039305A801F0E6F82B68284614
:101F2000DB6C98472B6806461B6D2846984733465E
:101F30001EAE21460090039A002405A801F02FF957
:101F400046F8684D2A463346214605A802F0AEF809
:101F5000F0B10A2818D0049FB7B1787B3B7AEA88A1
:101F6000C10001F480711943430644BFA1F5007319
:101F700019B20001FB7900F48070034313445B1A2B
:101F80001BB29C42B8BF1C4633462A460021DCE700
:101F9000A0B21EB0BDE8F04003B07047437A80881D
:101FA000184480B2704703681B6B18470EB470B5B5
:101FB0009DB021AB044653F8045B029303A801F0E3
:101FC00093F823682046DB6C9847236806461B6D10
:101FD0002046984733460090029A294603A801F00C
:101FE000DEF803A802F030F90124A3B240B10A28B8
:101FF00008BF013303A808BF1CB202F025F9F4E7BB
:1020000018461DB0BDE8704003B070470EB4F0B57F
:102010009EB023AB044653F8045B039305A801F07C
:1020200063F823682046DB6C9847236806461B6DDF
:1020300020469847334629460090039A05A81EADCE
:1020400001F0ADF8002145F8681D22462B4605A891
:1020500002F02CF847F6FF76D8B10A2812D004987F
:1020600080B1477BE288FB0003F48071037A0B4365
:10207000790644BFA3F500731BB2D31A1BB29E426C
:10208000A8BF1E462B462246002105A802F00EF8E6
:10209000E2E730461EB0BDE8F04003B0704713B52C
:1020A0000368B0F90810B0F90A20ADF80410002454
:1020B0000094ADF806201B696946984702B010BD30
:1020C00038B50B680C46DB68054698472368204600
:1020D000DB6A29469847284638BD10B40A888488A8
:1020E00022440A80C4884A8822444A80406920B138
:1020F00003685DF8044BDB6A18475DF8044B7047D2
:1021000070B582880B8813440B80C2884B880C46BC
:1021100013444B800546011D2046F8F72DF8B4F90D
:102120000430002B0BDDB4F90630002B07DD6869A5
:1021300028B1036821469B6ABDE87040184770BD0E
:1021400070B582880B8813440B80C2884B880C467C
:1021500013444B800546011D2046F8F70DF8B4F9ED
:102160000430002B19DDB4F90630002B15DD686949
:1021700028B1036821461B69BDE870401847074B2A
:102180001B6804339D4208D1FEF7E0FD0368216817
:1021900062681B6CBDE87040184770BD003A0120B2
:1021A00070B5044616460D4601B992B12368204623
:1021B0009B699847E288A18832442944204612B29C
:1021C00009B2F0F755FD236820469B69BDE87040D1
:1021D000184770BD10B5044608460023238063806D
:1021E0000368B0F90A20B1F90810A180E280DB6A27
:1021F00021469847204610BD704710B51C21044663
:1022000012F020F8204610BD044A02600022C0E906
:102210000122C0E90322C0E905227047D07D0208EF
:102220002DE9F04F044687B0458BB2F800C0059108
:10223000E1680392681C01EB85011CF00105B3F90C
:102240000020029580B27DD007EE902AF8EEE76A72
:102250006083C1ED006AB3F90220618B07EE102A9A
:10226000E268B8EEC77A4FF0000E481C02EB81021C
:1022700006EE10EA608382ED007A218BA2680125C8
:10228000481C208355540022043307EE902A009303
:10229000AA46134611462E460192F6EE005AB4F8AD
:1022A00018800598D4F808B008F10107A842BFB219
:1022B0000BEB080940F3DB804CFA06F909F0010941
:1022C0005FFA89F30493009BB3F90010B3F902306D
:1022D000B9F1000F7DD005EE101AF8EEC54A05EEF3
:1022E000103A2783B8EEC55ABAF1000F50D04FF01C
:1022F00002000BF80800B4F81A80E76808F1010939
:1023000007EB8807A4F81A90C7ED004AB4F81A80C2
:10231000E76808F1010907EB8807A4F81A9087ED30
:10232000005A0136102E06D1019E039801360196FF
:1023300030F816C000260098DDF810A004300135F2
:102340000090ACE706EE102AB3F90420B3F902E0DE
:1023500016EE105A2A4406EE902AB3F9062060833E
:10236000F8EEE66AF6EE007A724407EE102A66EEA0
:10237000A76AB8EEC77AC1ED006A618BE26827EE02
:10238000277A481C02EB8102608382ED007A74E7B1
:102390004FF005000BF80800B4F81A80E768B8EEB3
:1023A000E74A08F1010907EB8807A4F81A9087EDBE
:1023B000004A04EE102AB4F81A80E768B8EEC44A5E
:1023C00008F1010907EB8807A4F81A9087ED004A85
:1023D00091E7BAF1000F46D14FF0050027830BF8C3
:1023E0000800B4F81A80E768B8EEE75A08F1010966
:1023F00007EB880717EE900AA4F81A9087ED005AA9
:1024000005EE102AB4F81A80E7680844B8EEC55AF9
:1024100007EE900A08F1010907EB8807A4F81A9063
:10242000F8EEE77A87ED005AB4F81A80E76867EEAD
:10243000A57A08F1010907EB88071A44A4F81A9055
:10244000C7ED007A07EE902AF8EEE77AB4F81A8022
:10245000E76867EEA57A08F1010907EB8807A4F899
:102460001A90C7ED007A1A4607EE901A59E7BAF1AA
:10247000000F45D005EE901AF8EEE55AF4EE665AD4
:10248000F1EE10FA08D105EE903AF8EEE55AF4EEC6
:10249000475AF1EE10FA33D0029B2783B3B10223DF
:1024A00089F80030628BE368511C03EB820361837F
:1024B000C3ED006A628BE368511C03EB8203618306
:1024C00083ED007A009807B0BDE8F08F052389F806
:1024D0000030628BE368B8EEC66A511C03EB8203DE
:1024E000618307EE90EA83ED006A628BE368F8EEA1
:1024F000E77A511C03EB82036183C3ED007AD1E7D5
:1025000005EE902A029927830523B8EEE75AF8EEE4
:10251000E55A89F8003081B1628BE368511C03EB06
:102520008203618383ED005A628BE368511C03EBE5
:1025300082036183C3ED005AB4E7658BE1686E1CCA
:1025400001EB8501668381ED005A658BE1686E1CA5
:1025500001EB85016683C1ED005A658BE1686E1C55
:1025600001EB850117EE900A16EE105A284407EE8B
:10257000900AF8EEE77AF6EE005A67EEA57A724412
:102580006683C1ED007A07EE902AF8EEE77A618B58
:10259000E56867EEA57A4E1C05EB81016683C1ED07
:1025A000007A228BA168551C25838B5491E700008B
:1025B0002DE9F0478EB00446884615469946169E8A
:1025C0009DF864A01A9FF0F7ADF86060B9F1000FB4
:1025D00000F0E880002800F0E58005A800F0F9F898
:1025E000336830469B6D984705A8F0EE400A00F02E
:1025F000F4F86068BAF1030F3BD8DFE80AF0021084
:10260000719F03682A469B6841469847DDED1B7A17
:10261000F8EEE70A07EE907AB8EEE70A26E0B5F999
:102620000620B8F804306988ADF810209B1A5B1AB0
:10263000ADF80C302B88ADF80E30AB88ADF8123009
:10264000036803AA9B68414698479FED580A05A86E
:1026500000F0E8F8B8F904301B9A07EE907A9B1A5C
:1026600000EE103AF8EEE70AB8EEC00A05A800F04E
:1026700027F96068036805A95B6B9847606817993C
:10268000036841F07F419B6A984760689DF860103D
:102690000368DB6A9847606803680121DB680025EE
:1026A0009847B9F80070A56104F1100304F108021D
:1026B00004F1140104F10C0009F10206F2F790F89C
:1026C000AF4260DD318801F10F03B21CC3F3071381
:1026D00002EB43032046FFF7A3FD01350646EFE773
:1026E000B5F90420B8F804302988ADF810209B1AF9
:1026F0005B1AADF80C30B5F90610B8F806306D88E5
:10270000ADF812105B1A5B1BADF80E30036803AA1C
:102710009B68414698479FED260A05A800F082F87D
:10272000B8F906301B9A9B1A00EE903AB8F90430BB
:10273000DB1B00EE103AF8EEE00A95E76B88ADF887
:102740000C30B5F90420B8F806302988ADF812200D
:102750009B1A5B1AADF80E30EB88ADF810300368A9
:1027600003AA9B68414698479FED120A05A800F00E
:1027700059F8B8F90630DDED1B7ADB1B00EE903A14
:10278000F8EEE00A48E76068228B036800210191B7
:10279000618B00911D6AD4E90213A8476068036841
:1027A000DB6998470EB0BDE8F08700BF0000B44277
:1027B000000034430000874300234FF07E52026044
:1027C00043608360C360026143618361C3610262ED
:1027D000704708B5FFF7F0FF08BDD0ED007A67EE4F
:1027E000807AC0ED007AD0ED017A67EE807AC0ED94
:1027F000017AD0ED027A27EE800AD0ED037A80EDDF
:10280000020A67EEA07AC0ED037AD0ED047A67EE93
:10281000A07AC0ED047AD0ED057A67EEA00AC0ED8B
:10282000050A704710B5DFED247A20EE270ADFEDA8
:10283000237A2DED028BC0EE278A0446B0EE680A9B
:1028400011F048FDB0EE408AB0EE680A11F086FD46
:10285000D4ED036AD4ED004A94ED047A94ED015A64
:10286000D4ED025A60EE667A66EE886AE8EE247A63
:10287000E0EE246AC4ED007A60EE477A27EE087A2B
:10288000E8EE057AA0EE057AC4ED017AD4ED057A7A
:10289000C4ED036A20EE676A67EE887AA8EE256ABF
:1028A000BDEC028BE0EE257A84ED026A84ED047AB9
:1028B000C4ED057A10BD00BFDB0F49400000344372
:1028C00090ED066AD0ED007AD0ED076A90ED087AB7
:1028D000E6EE007AC0ED007AD0ED017AE6EE807A7D
:1028E000C0ED017AD0ED027AE7EE007AC0ED027A0F
:1028F000D0ED037AE6EE207AC0ED037AD0ED047ACB
:10290000E6EEA07AC0ED047AD0ED057AE7EE207A03
:10291000C0ED057A7047D0ED016AD0ED047A90EDF4
:10292000037A60EEA77A60EEA60AD0ED006AE7EEC1
:10293000007A84B0E6EE800A90ED057A90ED020A06
:1029400030EE800A77EE870A04B0704730B5838096
:10295000BDF80C30C3809DF8103003729DF8143020
:102960009DF818504372837A416165F306039DF820
:102970001C50028365F3C71383729DF82030C37225
:102980009DF824300373BDF82830C381BDF82C3086
:102990000382014B036030BDE47D0208F0B5446959
:1029A000BCB3A388028BCB1A02F1FF3231D493421D
:1029B0000CDD0E2303FB02439B885B1AD31A9A4259
:1029C00027DB002BBCBF022392FBF3F300250E266E
:1029D00095421EDC06FB03408788B9421AD00DD20F
:1029E0005A1E954215DC30F80A3C5B1AD31A9A42FB
:1029F0000FDB9D42ECDD53195B10E9E75D1CAA4239
:102A000007DB438ACB1A2B449D4202DC9A42DFDA71
:102A1000F1E70020F0BDF8B5044617461E4611B98F
:102A200000252846F8BD0A29FAD04FF6FF629142E8
:102A3000F6D042F20B029142F2D0FFF7AFFF05460B
:102A400050B9236820461B69984701462046FFF786
:102A5000A5FF05460028E3D023682946DB6D204604
:102A60009847386023682046DB6B98473070D8E77A
:102A700038B5054602F0BEFC0446284602F0FEFBCF
:102A8000002814BF0220002040EA840080B238BD34
:102A900038B5054602F0AEFC0446284602F0EEFBCF
:102AA000002814BF0220002040EA840040F001000A
:102AB00080B238BD00207047012070470220704767
:102AC000704770477047704710B50C21044611F0ED
:102AD000B9FB204610BD10B51021044611F0B2FB21
:102AE000204610BD10B50C21044611F0ABFB20466A
:102AF00010BD10B53C21044611F0A4FB204610BDCA
:102B000030B50D46016B87B0044601B301A8FFF74D
:102B100061FB2A89BDF804302879B5F906108DF8D3
:102B20001000D21AA38E206BADF812101A446B89D4
:102B3000BDF80650ADF814205B1BE58E2B44054D07
:102B40000395ADF81630036803A99B6C984707B04E
:102B500030BD00BF747E02082DE9F041036B8AB0DE
:102B600004460D4613B10B79002B44D004F1040840
:102B7000414603A8FFF72EFB2B79BDF90C70BDF978
:102B80000E6083B92A89E98804F13603921BC91BB8
:102B9000019304F13403009312B204F1300309B23B
:102BA0004046F7F705FA216B29B305A8FFF712FB9A
:102BB000BDF814202B79206B8DF82030BF1AEA88DD
:102BC0001744A28E1744BDF81620ADF82270B61A2D
:102BD0002A891644E28E1644ADF82460074A07920B
:102BE0000026ADF82660036807A95B6C98472B792F
:102BF0000BB1C4E90C660AB0BDE8F0814C7E020856
:102C00002DE9F0410C46016B88B0054600296DD0D6
:102C10006846FFF7DFFAA98EE388BDF90080BDF9A9
:102C200002700B441BB2434531DBBDF804C0C44401
:102C30000FFA8CFC63452ADAEA8E2689164436B2EE
:102C4000BE4224DBBDF80600384400B286421EDADC
:102C50006389194409B2414508DB614506DAA38955
:102C60001A4412B2BA4201DB824210DB214B0493B8
:102C700002238DF81430286B0023ADF81630ADF820
:102C80001830ADF81A30036804A95B6C9847291D09
:102C900002A8FFF79FFABDF80830E0882179B5F85F
:102CA00034C02289EE8E8DF81410A3EB0808BDF80D
:102CB0000A30DF1BBBB21FFA88F86789A489404439
:102CC00060441A44B8442344ADF8160033443244F7
:102CD000E044094C286B0494ADF81820ADF81A8034
:102CE000ADF81C30036804A9DB6C984708B0BDE858
:102CF000F08100BF4C7E0208607E020837B50446B2
:102D000034F90C2F013212D10368B0F90810B0F970
:102D10000A20ADF80410002500956D462946ADF84F
:102D200006209B6A984795E8030084E80300204644
:102D300003B030BD13B5B0F920300133044609D1DA
:102D400001466846FFF746FABDF800302384BDF817
:102D500002306384B4F9200002B010BD13B5B0F99D
:102D600022300133044609D101466846FFF732FAA2
:102D7000BDF800302384BDF802306384B4F922002A
:102D800002B010BD70B50546164B45F8043B002354
:102D9000038143818381C381038243828382C3820F
:102DA000C0E9063303628384C38480F828300E4A66
:102DB0004363C0E90B330D4B4260B3F90060936B82
:102DC0000B4A0446012180F8291080F83810B2F926
:102DD00000102846984763682846DB6B31469847C1
:102DE000204670BD887E020850780208B239012062
:102DF000B039012007B5094BB3F90020084BADF8F5
:102E00000420B3F90030ADF80630036800210091CA
:102E10009B686946984703B05DF804FBB039012010
:102E2000B23901202DE9F04FB1F90430002B89B0FF
:102E300080460C4615460EDDB1F90630002B0ADD42
:102E40002846FFF75BFF2146FDF7A1FEEB6928B995
:102E50001D46002BF4D109B0BDE8F08F04AE002B65
:102E600000F0B5802B682946DB6802A89847284601
:102E7000FFF760FFBDF8087007442846FFF76EFFB4
:102E8000BDF80A30BDF90C20ADF8142018442146D5
:102E9000BDF90E30ADF812003FB23046ADF8163035
:102EA000ADF81070F7F768F92846FFF727FF0246DC
:102EB00096E8030006AB83E8030011461846F7F7CF
:102EC0005BF9BDF91830B4F90010BDF91AA0BDF9CD
:102ED0001CB0BDF91E9099420BD1B4F902205245A5
:102EE00007D1B4F904205A4503D1B4F906204A4564
:102EF0006DD0BBF1000F65DDB9F1000F62DDB4F9F3
:102F000002201FFA8AF05245009012DA0193009BCA
:102F1000B4F90400ADF812209A1AADF81010ADF80B
:102F20001400ADF81620EA6931464046FFF77AFFF3
:102F3000019BB4F900209A429FB20DDAADF810203F
:102F4000BA1AADF812A0ADF81420ADF81690EA69DF
:102F500031464046FFF766FF2288A3885F4413444A
:102F60009BB2BFB23AB219B291420DDDDB1BADF894
:102F70001020ADF812A0ADF81430ADF81690EA6943
:102F800031464046FFF74EFFE28863881344009ABB
:102F90004A449BB21FFA82F90FFA89F219B28A42A7
:102FA00015DAB4F90410B4F90000ADF81410A3EB6D
:102FB0000903ADF81000ADF81220ADF81630EA693B
:102FC000314601E0EA6921464046FFF72BFF2846DB
:102FD000FFF794FE616802462068334603C311463A
:102FE0003046F7F7C9F8BDF91430002B7FF733AF3F
:102FF000BDF91630002B7FF72EAF2846FFF79AFE5B
:10300000BDF81030181AADF810002846FFF7A6FEDC
:10301000BDF81230181AADF812002B6831469B68C3
:103020002846984717E770B50C4686B0061D002362
:103030003146054602A80193FFF7CCF8BDF80830E9
:103040002288BDF80A10B4F90400ADF81400D21AB1
:103050006388ADF810205B1AB4F90610ADF81610AD
:1030600001AA04A93046ADF81230F7F75DF9019ACC
:103070001AB121462846FFF7D5FE06B070BD30B51F
:103080000246044652F8080F85B00D4651686B465B
:1030900003C329466846F7F76FF894F838302BB128
:1030A00069462046FFF7BFFF05B030BD0434214616
:1030B00002A8FFF78FF8BDF80030BDF808209B1A72
:1030C000ADF80030BDF80A20BDF8023069469B1A01
:1030D0002046ADF80230F7F7EEF8E5E70A680B4650
:1030E0009269011D1846104738B500250223044691
:1030F000C0E90055037445610576C5830584C5861E
:103100000587C587A0F84050C0E911550E22294611
:103110004C3012F0DAF901232046A4F85A50A4F8F2
:103120005C50A4F85E5084F8603084F86150F1F788
:10313000D5FA204638BDC38E00EB4300408CB0FA70
:1031400080F04009704730B500250124436813B969
:10315000036813B34360037E43B143692BB11A88FC
:103160001AB19A1C4261188830BD057643681988E7
:1031700099B19A1C02294260F5D1037C012BE5D854
:103180005A1C0233027450F823304361002BDDD007
:103190001B88002BDAD00476D8E70020E4E730B4AF
:1031A0000160002141601568856052684364029B9C
:1031B000C26001744161017601870184A0F840106A
:1031C000836430BCF1F78ABA08B410B585B007AC97
:1031D00054F8043B0093134622460394FFF7DFFFA5
:1031E00005B0BDE8104001B07047012380F86030A1
:1031F000704700002DE9F04FB0F836B000EB4B06F9
:1032000087B0738C002B00F03E817F2B19D80129E9
:1032100017D13C2B00F0D2833E2B00F0D183282B1A
:1032200000F0D083292B00F0CF835B2B00F0CE83FE
:103230005D2B00F0CD837B2B00F0CC837D2B00F049
:10324000CB830BF1010292B2092A114688BFA2F189
:103250000A0100EB410102914D8C0BF1020189B290
:10326000092988BF0A3900EB41014C8C40F25161B9
:103270008D4225D1A3F24B6189B2142914D923F0D0
:10328000040189B2B1F5CE6F0ED0A3F2D66189B236
:10329000172904D8AD4F27FA01F1C90704D4A3F6C2
:1032A000E40189B21A290BD80A2A28BF002200EBB0
:1032B000420240F25161718453841A462B461546EE
:1032C000A3F2226292B2182A0DD9A3F5C86292B273
:1032D0000A2A08D96FF4CE67DA1992B2622A02D9A3
:1032E000202B40F0D0800BF1030189B209290A4656
:1032F00088BFA1F10A0200EB4202B2F822C00BF132
:10330000040292B2092A88BF0A3A00EB4202528CA8
:10331000A2F22266182E40F2BA80A2F5C8660A2EE2
:1033200040F2B5806FF4CE663244622A40F2AF803C
:10333000A3F2276292B2212A00F2A980A4F22762A6
:1033400092B2232A2ED8ACF22F6292B2182A29D830
:1033500004EB840202EB8202A2F58242C3EB031665
:103360001A3AC6EB061602EB8602876C624492B2EA
:10337000C7B13E8BB6B1D7F800904FF0000E06EB08
:103380000E074FF00A087F1008FB07FA09EB0A083E
:1033900039F80AA0524561D907F1010E00E03E4616
:1033A000B645ECDBA3F5C56292B2222A71D9A5F22B
:1033B0004B6292B2142A18D9B5F5CE6F15D040F2EF
:1033C0007462954211D0A5F2D66292B2172A04D83F
:1033D0005E4921FA02F2D20707D4A5F6E40292B2BE
:1033E0001A2A02D9A4462C460025202B05D0A3F288
:1033F000266292B2242A00F23681A4F2226292B2AC
:10340000B32A00F2308140F24462944204D140F287
:103410002762944500F0278140F24F62954200F008
:103420002281816C002900F01E818A8B002A00F025
:103430001B81E4B244EA03248968A4B200274FF058
:103440000A08D619761008FB06FC01EB0C0E31F8C1
:103450000CC0644540F20A81771C01E19FD3B8F8A3
:103460000420AA429ED1038FC186033B092903870A
:1034700088BFABF107024FF0010388BFC28680F816
:103480006030B8F80230184607B0BDE8F08F202B46
:1034900088D1A5F22C6292B2252A88D8A4F22C6297
:1034A00091B2252914D9B4F5CE6F00F0EC8240F228
:1034B000D26294427FF47BAF05EB8502D200202BD1
:1034C00092B207D1A2F54052303A92B2272117E0CA
:1034D000202B34D003EB4302C3EB4212120102F55E
:1034E000E54292B205EB850602EBC602B4F5CE6F5B
:1034F00092B200F0D28240F2D266B44208BF2721D5
:10350000876C002F3FF453AF7E8B002E3FF44FAFFC
:103510000A4402F51262796892B24FF0000E4FF041
:103520000A0A06EB0E077F100AFB07F801EB0809F1
:1035300031F8088042450BD907F1010E03E04CF643
:10354000D072CFE73E467645EBDC30E77F7EF60073
:10355000F8D309F1020100250222002D0CBF144608
:10356000541C01345C44DFF888C3A4B2092C2646FD
:1035700088BFA4F10A0600EB4606768CA6F24B67DC
:10358000142F78D926F00407B7F5CE6F73D0A6F2C2
:10359000D667BFB2172F03D82CFA07F7FF076AD4F4
:1035A000A6F6E4071A2F66D9A6F22264182C65D96C
:1035B000A6F5C8640A2C61D96FF4CE6C6644622EFD
:1035C00094BF00240124019490F8604084F0010429
:1035D0000494019C002C049C0CBF022700273C197A
:1035E0000094002900F0868131F81440002C40F04E
:1035F0002182002A00F01E820BEB0204A4B2092CE7
:1036000088BF0A3C00EB4404B94E648C02F1010E01
:10361000A4F24B6CBCF1140F15D924F0040CBCF5CA
:10362000CE6F10D0A4F2D66C1FFA8CFCBCF1170F31
:1036300004D826FA0CFC1CF0010F04D1A4F6E40C0B
:10364000BCF11A0F1CD80BEB0E04A4B2092C88BFD6
:103650000A3C00EB44040EF1010E648CD8E73246BC
:103660009742FFF6EEAE0022114676E7F7D30EF151
:103670000201012271E70134A4B277E70024A2E736
:10368000866C002E7AD06FF4C46A04EB0A0CBCF18D
:10369000190F40D804F100546FF4C469F7684C4422
:1036A00007EBC40C0EF10104DE441FFA8EFEBEF1DE
:1036B000090F88BFAEF10A0E00EB4E0E5C44BEF857
:1036C00022E0DFF82C92A4B2AEF24B68B8F1140FEE
:1036D00015D92EF00408B8F5CE6F10D0AEF2D6682A
:1036E0001FFA88F8B8F1170F04D829FA08F818F06B
:1036F000010F04D1AEF6E408B8F11A0F46D8092C30
:10370000A64688BFA4F10A0E00EB4E0E0134A4B207
:10371000BEF822E0D8E76FF4C86804EB080CBCF1EF
:10372000090F06D804F100546FF4C86C644437697B
:10373000B6E76FF4CE6704EB070CBCF1620F1DD83F
:10374000B6F81EC0BCF1000FACD0776903974FF0FC
:1037500000090CEB09080A274FEA680807FB08FA7A
:10376000039F57440597039F37F80AA0A24508D244
:1037700008F1010900E0C446CC45EADC4FF0000C3A
:1037800090E7F8D8059C04F1020C8BE7002E5DD081
:103790006FF4C46A0EEB0A04192C29D80EF10054F8
:1037A0006FF4C469F7684C4407EBC404BCF1000F24
:1037B0000FD0BCF806C0BCF1000F0AD04CB1B4F871
:1037C00002C0BCF1000F40F00981E488002C40F0F9
:1037D0000581009C022C3FD10C88002C00F0FE805B
:1037E00040F24464A34240F0F98001240194DCE0FB
:1037F0006FF4C8680EEB0804092C06D86FF4C8678C
:103800000EF100543C443769CEE76FF4CE64744443
:10381000622C1BD8F48B002CC8D0776903974FF02B
:10382000000904EB09080A274FEA680807FB08FAB1
:10383000039F57440597039F37F80AA0F24507D224
:1038400008F1010900E04446A145EADB0024ADE7A8
:10385000F9D8059C0234A9E7009C032C40F0BE80F7
:103860004C88002C00F0BA8040F24464A34240F03F
:10387000B580012401944C88002C00F0968001242E
:103880000094DEE06FF4C86803EB0804A4B2092CCE
:1038900006D803F100546FF4C8673C443669ACE0C5
:1038A0006FF4CE6A03EB0A04A4B2622C19D8F48B2D
:1038B000BCB1D6F814E04FF0000C26464FF00A0ACF
:1038C00006EB0C0464100AFB04F80EEB08093EF842
:1038D0000880984507D204F1010C00E02646B44563
:1038E000EEDB00268BE0F9D809F1020687E000BF85
:1038F0007F7EF600846C8CB16FF4C46903EB09061B
:10390000B6B2192E12D803F100516FF4C468E468FE
:10391000414404EBC101002940F08C80B3F5C86F2D
:103920007FF4B1AD002280F86020ACE56FF4C86C84
:1039300003EB0C06B6B2092E06D803F100516FF462
:10394000C86739442469E4E76FF4CE669E19B6B2BD
:10395000622EE3D8E68B002EE0D0D4F814E04FF0CE
:103960000A0934466618761009FB06FC0EEB0C08B3
:103970003EF80CC09C4505D2711C00E034468C42D8
:10398000F0DCCBE7FAD808F1020153E0009C032CED
:1039900004D1CC88002C3FF46CAF52E0009C012C89
:1039A0003FF469AF009C002C4BD10C8824B94F88A0
:1039B0003C1C18BF012463E7002461E73E2362E555
:1039C0003C2360E529235EE528235CE55D235AE579
:1039D0005B2358E57D2356E57B2354E57EB16FF4E8
:1039E000C46A03EB0A04A4B2192C3FF64BAF03F1EF
:1039F00000546FF4C469F6684C4406EBC406029C9C
:103A0000049F648CA4F22264A4B2B12C8CBF4FF04A
:103A1000000C4FF0020CBC4466B136F81CE0BEF15D
:103A2000000F07D0B12C94BF00220122CDE900C2C3
:103A300031460022009C022CA8D18C88002C3FF437
:103A4000D4AE009C009E01EB440431F8161000290E
:103A50003FF419AD019B80F86030038F92B29B1A3E
:103A60005A4492B2092A88BF0A3A0387C28645B1EE
:103A7000C38E01339BB20A2B28BF002300EB430007
:103A800045842388FFE4202B7FF424AD05EB8502D9
:103A9000D200A2F54052303A92B240F252612FE584
:103AA000F0B505460846E9B105F14C040B4601F1B5
:103AB0000807224618685968264603C60833BB42E1
:103AC0003446F7D1186830609B88B38095F8593038
:103AD0005B0103F4807195F852300B435B4285F82B
:103AE00055301046F0BD38B50C4611681046CD680B
:103AF0001946A847002808BF204638BD2DE9F041E7
:103B00008C460546144642B9A5F85A20A5F85C2013
:103B1000A5F85E202046BDE8F081507B9388060121
:103B200006F48072E6796FF4636116435A1891B215
:103B30001D29B7B27ED801228A408A490A424FEA3B
:103B4000E6062DD112F4607F74D005F14C022346B5
:103B500004F1080E1446186859689446ACE803004E
:103B6000083373456246F6D11868CCF800009B888C
:103B7000ACF80430B5F85C1095F85900B3B2CA1A25
:103B800092B285F85420D21020F0600002F060025A
:103B90000243CF1B85F85920FB1AA5F85C30B9E722
:103BA00005F14C02234604F10808144618685968C8
:103BB0009646AEE80300083343457246F6D11868CE
:103BC000CEF800009B88AEF80430EB8E05EB430383
:103BD000598C40F63363994211D1DCF800306046CD
:103BE000DB689847417BCB0003F48072037A134370
:103BF0004A0644BFA3F500731BB2A5F85A30B5F8C6
:103C00005A3095F859203B4433449BB2A5F85A30BA
:103C100085F85430DB1022F0600203F06003134398
:103C200085F8593095F85E2095F855309B1A85F83F
:103C300055306FE723F0040240F61B618A4203D03F
:103C400040F61D62934237D105F14C06224604F13D
:103C50000808344610685168B646AEE803000832DA
:103C600042457646F6D11068CEF800009288AEF84C
:103C70000420013B9BB2624621462846FFF733FFF2
:103C8000417BCB0003F48072037A480643EA0203C7
:103C900044BFA3F500731BB2A5F85A3095F859300C
:103CA00095F856205B0003F4807313435A1102EB1E
:103CB0009303A5F85E3046E0C20002F48071227AD8
:103CC0000A43410644BFA2F5007212B2A5F85A2079
:103CD00040F6096123F010028A4203D040F61362D5
:103CE00093423DD105F14C0204F108089646206844
:103CF0006168164603C6083444453246F7D1206849
:103D00003060A188B18095F85960760006F4807221
:103D100095F85660164340F6136293421ABF03F1BA
:103D2000FF339BB240F60C636246714628467446E8
:103D3000FFF7D9FE437B827A5B0003F48073134361
:103D4000F61AA5F85E60617BCB0003F48072237ADB
:103D500013434A0644BFA3F500731BB2DB1B1CE7E9
:103D60000023A6E77900C03F2DE9F043044642B99D
:103D70004FF40043A0F85A30A0F85C30A4F85E304D
:103D800047E0517B93880D0105F48070D579054398
:103D9000042DCCBF4FEA950E4FF0010EB3F5DD6F49
:103DA00000F2AB8040F2E760834216D240F25B60E3
:103DB000834259D840F2576083420ED2B3F5CA6F9E
:103DC0004AD240F24E60834207D240F21A608342E8
:103DD0002AD021D8B3F5C26F5BD3B4F95A3013F5AA
:103DE000004F40F0D080B4F95C0010F5004F40F077
:103DF000CA80CB0003F48070137A490643EA0003BB
:103E000044BFA3F500731BB2A4F85A305D1BA4F89D
:103E10005C501046BDE8F08340F24B60834238D3DB
:103E200040F24C608342D8D9B4F95A00B4F95C30FE
:103E300010F5004F40F0F28013F5004F40F0EE8097
:103E4000CB0003F48070137A4E0643EA000344BFAC
:103E5000A3F500731BB2D9E740F254608342E3D864
:103E6000B3F5CA6FE0D9B8E740F274608342B4D0CA
:103E70002DD840F25E60834204D840F25D608342F8
:103E8000D2D3AAE740F25F608342CDD0B3F5CE6FC4
:103E9000A3D0CB0003F48070137A490643EA0003F1
:103EA00044BFA3F500731BB25D1BA4F85A30A4F8FD
:103EB0005C50537B5B0103F4807193790B435B008F
:103EC000052193FBF1F392F909100B4456E740F2F8
:103ED000E260834209D840F2DF608342BFF47DAFE5
:103EE000A3F2D663052BD4D877E740F2E360834290
:103EF0009AD040F2E4608342CAE7B3F50F6F2BD249
:103F000040F6ED0083428FD240F6E500834216D89A
:103F100040F6E4008342BFF460AF40F2EC608342BD
:103F20000AD840F2EB608342BFF457AF40F2EA6038
:103F300083423FF479AFACE740F2ED60F8E740F63A
:103F4000E800834202D840F6E70098E740F6E9002F
:103F500083427FF442AF67E740F6F60083423FF4C6
:103F600063AF02D840F6F200F2E740F6FA0083426F
:103F700005D840F6F9008342FFF42FAF54E740F62E
:103F8000FE008342AFE704F14C0C174602F108082B
:103F9000664638687968E646AEE803000837474564
:103FA000F446F6D13868CEF80000B988AEF80410AF
:103FB000B4F95E0010F5004F09D0517B92794901A8
:103FC00001F480711143A0EB510084F8550013F502
:103FD000004FADB20DD02B449BB294F8592084F819
:103FE0005430DB1022F0600203F06003134384F8C6
:103FF000593094F85910CB0003F4807294F854307F
:104000004F0643EA020344BFA3F500731BB2A4F8B2
:104010005A305B1BA4F85C303246FAE604F14C0CD3
:10402000174602F10809664638687968E046A8E84C
:10403000030008374F45C446F6D13868C8F8000079
:10404000B988A8F80410B4F95E0010F5004F09D043
:10405000517B9279490101F480711143A0EB510029
:1040600084F8550013F5004F0ED0A3EB0E0394F81F
:1040700059209BB284F85430DB1003F0600322F027
:104080006002134384F8593094F85910CB0003F4BC
:10409000807294F85430480643EA020344BFA3F503
:1040A00000731BB25D1BA4F85C50B5E72DE9F0412D
:1040B0001E46C38E00EB430304461746B3F8228026
:1040C000F0F7C6FA054618B930602846BDE8F08119
:1040D0003B680146DB6838469847A8F5C063B3F5EE
:1040E000407F0246306013D2434639462046FFF7F0
:1040F0003BFE3060336843B15A7B9B7A520002F436
:10410000807213430CBF0123002384F86130DCE785
:10411000A5F560639BB27F2B04D839462046FFF794
:10412000EDFCE6E794F86130002BE3D040F6021393
:104130009D42DFD101462046FFF7B2FCD9E72DE9C9
:10414000F8431E46C38E00EB430304461746B3F8FC
:104150002280F0F77DFA054618B930602846BDE8A0
:10416000F8833B680146D3F808903846DDE9082318
:10417000C847A8F5C063B3F5407F0246306013D24C
:10418000434639462046FFF7EFFD3060336843B1C0
:104190005A7B9B7A520002F4807213430CBF0123B6
:1041A000002384F86130D9E7A5F560639BB27F2BCB
:1041B00004D839462046FFF7A1FCE6E794F86130C1
:1041C000002BE3D040F602139D42DFD1014620468A
:1041D000FFF766FCD9E710B50446B4F84010238F0A
:1041E000F1B10A2B2FD0E28F04EB42000139408F4E
:1041F000A4F84010511C89B2012984BF02F1FF329A
:10420000E28703F101022287E28E98BFE18713441F
:104210009BB2092B88BF0A3B04EB43035884DCE7BD
:10422000238F0A2B0FD02046FEF78DFF238F5A1CB9
:104230002287E28E13449BB2092B88BF0A3B04EB12
:1042400043035884ECE710BD38B5C38E00EB43023E
:104250000446558C028F013A02875A1C92B2092AF1
:1042600086BF093BC386C286FFF7B5FF238C012BAF
:104270009CBF01332384E38B0BB90223E383E38BDD
:10428000013B9BB2E38304EB43042846658338BDBE
:104290008A422DE9F047C78E31D9058FB0F84080AA
:1042A000B0F83EC0EE19541A013E1FFA84FEB4B2B3
:1042B000A4EB0E091FFA89F9092C264688BFA4F140
:1042C0000A06BCF1000F08BF4FF0020C00EB4606D7
:1042D0000CF1FF3C1FFA8CFC013CB6F822A0A4B202
:1042E00000EB4C064C45A6F83AA0E5D1A5EB0E052F
:1042F0000EEB08040587A0F84040A0F83EC0048FEC
:10430000641A394489B2092988BF0A390487C186E9
:104310000A258AB1018F013A92B2013133F8124075
:104320000187C18E01B9C586C18E013989B2C186A6
:1043300000EB41014C84ECE7BDE8F047FFF74BBFD1
:1043400070B50025954211D0C48B31F8026B14442E
:10435000013C641BA4B2012C88BF023C00EB440466
:10436000648BB44217D10135ADB2EBE7BDF8102034
:1043700000241344A2B29A420FDAC68E31F81450C8
:10438000324492B2092A88BF0A3A00EB4202013451
:10439000528CAA42EED0002070BD0120FCE72DE92E
:1043A000F74F054616468C1C09884FEA113A34F837
:1043B0001A30B34224D1C1F30329C1F3031801F029
:1043C0000F07CDF800804B46524621462846FFF79E
:1043D000B7FF834668B10AEB0901414404EB41038E
:1043E0003A4649462846FFF753FF584603B0BDE812
:1043F000F08F07EB0A014944414404EB4101D2E745
:104400004FF0000BF1E770B51088984217D8481E9E
:1044100032F82000984212D300248C420FD2601848
:104420004010850032F82060B34202D9013084B2D6
:10443000F3E701D281B2F0E72A44508870BD002032
:10444000FCE72DE9F041456C6F8804467F080B2698
:10445000013E13D0E38E04EB43032A46B3F82280D7
:10446000394643462046FFF7CEFF38B105EB400101
:1044700042462046FFF793FF0028E9D1BDE8F081CE
:1044800070B54A698D6A4B68CE6A541B00F006818C
:104490009B1B03D06343102293FBF2F30C688A69E1
:1044A000651B00F0FD80921B03D06A43102492FB31
:1044B000F4F29B1A07EE903A9FED884AF8EEE77AFD
:1044C000B7EE007A67EE847A0A4687EE273A03460B
:1044D00000F10C04B1EE436AD2ED027AC7EE276A0E
:1044E0001432E3EC016A52ED027A67EEA67A9C423E
:1044F000C3ED027A52ED017A67EEA67AC3ED057A32
:10450000EAD1CA6A8B69D0ED024AD0ED003AD0ED0B
:10451000016A90ED055A90ED032AD0ED045A90ED12
:10452000071AD0ED062A9B1A07EE903A4B689B1AA1
:1045300007EE103AF8EEE77A76EEE46A67EE847AF0
:1045400073EEE44AB8EEC77A64EEE77A27EE047AAF
:1045500075EEC55AE6EE877A32EE455A67EE837AF3
:10456000C0ED097A8C6A4A69131B07EE103AB8EE5F
:10457000C77A0B6827EE047A1B1B64EEC74A07EE66
:10458000103AB8EEC77A27EE047AE6EE874A64EE70
:10459000864AC0ED0A4ACA6A8B699B1A06EE903AAF
:1045A0004B689B1A07EE103AF8EEE66AB8EEC77A47
:1045B00066EE846A27EE047A65EE666AE5EE876A3F
:1045C00066EE836AC0ED0B6A8C6A4A69131B07EEBC
:1045D000103AB8EEC77A0B6827EE047A1B1B25EE5B
:1045E000475A07EE103AB8EEC77A27EE047AA5EEDE
:1045F000875AD0ED085A25EE065A31EE651A80ED3D
:104600000C5ACA6A8B699B1A07EE103A4B689B1AC0
:1046100001EE903AB8EEC77A72EEE55A27EE047AC8
:10462000F8EEE11A25EEC77A61EE841AA1EE217A3E
:1046300027EE037A80ED0D7A8C6A4A69131B03EE2C
:10464000103AB8EEC33A0B6823EE043A1B1B65EE32
:10465000C35A03EE103AB8EEC33A23EE044AE1EE31
:10466000045A25EE866A62EE675A80ED0E6AE3EE22
:10467000A65AF5EEC05AF1EE10FA13DD4FF40043DE
:1046800062EEE77AC363E3EE877AF5EEC07AF1EE85
:1046900010FA15DD4FF40043036470BD2346FDE6B8
:1046A0002A4606E702D547F6FF73E9E722EE642AB9
:1046B000A3EE852AB5EEC02AF1EE10FADEDAF2E7B3
:1046C00002D547F6FF73E7E762EEE44AE3EE864A77
:1046D000F5EEC04AF1EE10FADCDAF2E70000803DB8
:1046E0002DE9F04714275F4302EB070CDCF8045078
:1046F00015F10F0E00F1A2804FEA2E1E089CC0F8A3
:1047000014E01426664302EB0608D8F8045015F1AD
:104710000F0400F19F802411A4EB0E048461002C8F
:1047200000F08A80DCF80490D8F804409559A4EB96
:104730000908D459A5EB040A4FEA0A150EFB05FE39
:104740000AFB19EE08FB04E44FEA0816013CA41921
:1047500000F18C8094FBF6FEC0F800E006FB1E44DE
:104760000461002DC0F2958095FBF6F4446006FBD1
:1047700014558560C660DCF804404569D259DFED08
:104780004D6A91ED0A6AC4EB051407EE104A0468FD
:10479000C2EB041207EE902AB8EEC77AF8EEE77A79
:1047A00001EB830327EE267A67EEA67AD3ED006A43
:1047B000E6EE076A91ED096AE6EE276AC0ED076A40
:1047C000D0ED016AD1ED095A91ED0A6AF8EEE66A78
:1047D000A6EEA56A80ED086A4A6A4262D1ED0C5ADB
:1047E00093ED036AA5EE876AD1ED0B5AA5EEA76A91
:1047F00080ED0A6AD1ED0B5A91ED0C6AA6EEA56A1E
:1048000080ED0B6ACA6A026393ED066AD1ED0E5A17
:10481000A5EE876AB0EE467A91ED0D6AA6EE277A8C
:1048200080ED0D7A91ED0D7AD1ED0E7AE6EE877A74
:10483000C0ED0E7A4B6BC363BDE8F087C5F101058F
:1048400015F00F0518BF012510249EFBF4FEAEEBFA
:10485000050E53E7C5F1010515F00F0518BF012539
:104860004FF0100994FBF9F4641B55E7644294FB84
:10487000F6FECEF1000806FB1E44C0F8008004617D
:10488000002C3FF46EAF6FEA0E0EC0F800E0341B50
:1048900066E76D4295FBF6F4C4F1000E06FB145575
:1048A000C0F804E08560002D3FF464AFE443446049
:1048B000751B5EE70000803D024648B1002398B2B8
:1048C000013302EB430131F8021C0029F7D1704794
:1048D000704730B5044659B148B1002398B28242BE
:1048E00005D9CD5C24F813500133002DF6D130BD2D
:1048F0000846FCE7F0B58BB08C4600218DF82410FB
:1049000004461F2601AF94FBF3FE03FB1E4484EA1A
:10491000E475A5EBE475ECB2092DD4BF30345734FF
:10492000E4B2BC557446711E74B9002805DA0AABAE
:1049300019442D2301F8243CB11E0131394460464D
:10494000FFF7C7FF0BB0F0BD0E46DCE7F0B58BB04C
:104950008C4600218DF8241001AE1F21B0FBF3F727
:1049600003FB1705ECB2092DD4BF30345734E4B241
:104970008C5538464C1E2FB931446046FFF7A9FFCD
:104980000BB0F0BD2146E9E72DE9F04F914685B027
:1049900002680192884683469DF8401003911046B4
:1049A0001C469DF848300293FFF786FFB8F1000FD0
:1049B0000CBF844600F1010CB9F1690F9DF8386015
:1049C0000F9F139DDDF854A003991FFA8CFCDDE9BD
:1049D000012341D034D8B9F1630F59D0B9F1640F34
:1049E0003AD0B9F1580F34D00024BDF85020013A24
:1049F00069B111998C4509DAA1EB0C0189B233B97F
:104A0000002E51D000284FD00C44A4B200212B68B6
:104A1000934207DAB8F1000F04D02AF813802B680C
:104A200001332B603027002C4ED02E68013CB2425F
:104A3000A4B249DD2AF816702B6801332B60F2E727
:104A4000B9F1730F1DD0B9F1780F02D0B9F16F0F22
:104A5000C9E784464FF00008002CC6D047B90128AA
:104A600006D11488302C02BF0232CBF80020384621
:104A7000BC4514DABFB2A7EB0C04A4B2BC460026B6
:104A8000B3E784466CB1B84200DDB8B2002403E05D
:104A90004FF0010C002460462646A046A5E70024FE
:104AA000EDE72646A046A0E70029B0D020272E68D3
:104AB0000029ACD00139964289B2A7DA2AF81670DB
:104AC0002B6801332B60F2E788B12B6801389A42DA
:104AD00080B20CDDDBF800309C1CCBF800401C8859
:104AE0002B682AF813402B6801332B60ECE7202653
:104AF00051B128680139824289B205DD2AF8106077
:104B00002B6801332B60F3E705B0BDE8F08F2DE98A
:104B1000F043DDE9078CDDE909E6DDE90B750024EA
:104B200014801C7088F800408CF800408EF800401B
:104B30003C700468A4B124884FF0010914B32B2CF5
:104B400001D0202C10D1148004680CB10234046010
:104B50000C680CB101340C6004687CB12488EDE76A
:104B60000C687CB12478E7E72D2C02D183F8009003
:104B7000EAE7232C07D188F80090E5E70C680CB130
:104B80002478DBE70024A4F13003092B01D92A2C77
:104B900022D10123302C8EF800300DD18CF800305A
:104BA00003680BB1023303600B680BB101330B6078
:104BB0000368002B2FD01C882A2C35D14FF0FF33EF
:104BC000336003680BB1023303600B680BB1013330
:104BD0000B6003681BB31C882E2C1AD101233B7079
:104BE00003680BB1023303600B680BB101330B6038
:104BF0000368002B36D01B882A2B37D14FF0FF33A8
:104C00002B6003680BB1023303600B680BB10133F7
:104C10000B60BDE8F0830C6834B12478CCE70B68F6
:104C2000002BF6D01C78D7E7002333600A22A4F1CA
:104C3000300C1FFA8CF3092BCED8336802FB03C368
:104C4000336003680BB1023303600B680BB10133AF
:104C50000B6003680BB11C88E9E70C68002CE6D0F8
:104C60002478E4E70B680BB11B78C5E700222A60C3
:104C70000A24303B9EB2092E2A6813D804FB023363
:104C80002B6003680BB1023303600B680BB1013377
:104C90000B6003680BB11B88EBE70B68002BE8D0B7
:104CA0001B78E6E7062AA8BF06222A60B1E72DE9AD
:104CB000F04FA3B000260DF1440907468846CDE920
:104CC00008323146422248462C9C0D9610F0FDFBDE
:104CD0005FB108F1FF3A099A0D9B52B112880AB1EF
:104CE0009A452EDC002227F81320384623B0BDE871
:104CF000F08F089A002AF5D01278F0E7002DEAD05C
:104D00002A7842B1252A01D09A4508DCBBF1000F70
:104D100021D1002DDFD02A784FF0000B1DE0BBF130
:104D2000000F78D0BBF8002027F81320BBF1000F4C
:104D300002D00BF1020209920DB101350895013341
:104D40000D93DDE9085B0D9BBBF1000FD6D0BBF8DE
:104D50000020002AD6D1BBF80020002ABBD09A45FB
:104D6000B9DDADF832608DF82D608DF82E608DF8CC
:104D70002F608DF830600E968DF831600F96BBF184
:104D8000000F02D00BF1020309930DB16B1C0893C5
:104D90000FAB05930DF1310304930EAB03930CABF2
:104DA00002930DF12F0301930DF12E0300930DF1EA
:104DB00032020DF12D0308A909A8FFF7A8FE0E9BEA
:104DC000002BBEBF236823EAE3730E930F9BB8BF8B
:104DD0000434002BB8BF2368DDE90821BEBF23EAF5
:104DE000E3730F930434D9B10B88692B1FD02FD8EC
:104DF000582B1CD018D8252B34D0CDE9085B0D9B3F
:104E0000BBF1000F00F0B880BBF8005027F813503A
:104E100001330D9329E00DB12A7885E72A4683E70F
:104E2000002AEAD01378E0E7633B012BE5D8CDF800
:104E3000409029B30B88692B63D025D8632B38D0D9
:104E4000642B5ED0582B7BD0ADF84460254636E00D
:104E5000732BECD002D86F2BCFD1E8E7752BE6D0BF
:104E6000782BF9E70D9A27F81230099B0BB1023322
:104E70000993089B002B3FF42EAF013308932AE7D8
:104E8000002AE1D01378D6E7732B36D007D86F2BE2
:104E9000DAD10D9A251DA8EB020208234AE0752BF2
:104EA00043D0782BD0D10D9A251DA8EB02021023F8
:104EB00040E02368ADF84430251DADF84660099BFD
:104EC000BDF83210002B52D01A889DF831300DA851
:104ED00005909DF82D0004900E9803909DF83000E9
:104EE00002900F9801909DF82F000090CDE9068761
:104EF00010A8FFF749FD2C46B7E72368251D10933E
:104F0000DDE70D9A2068A8EB02020A2392B2494617
:104F1000FFF7F0FCBDF844302D2B04F10405CED191
:104F2000ADF83230109B0233E9E70D9A251DA8EB4E
:104F300002020A2392B249462068FFF707FDBEE746
:104F40000D9A2068A8EB020292B210234946FFF79F
:104F5000FDFC251D0DF1420232F8023F002BAED0C0
:104F6000A3F161011929F7D8203B1380F4E7089ACF
:104F7000002AAAD01278A8E7002D3FF447AF2D7879
:104F800044E707B5009313460022FFF790FE03B0F5
:104F90005DF804FB0CB407B504AB53F8042B019384
:104FA000FFF7EFFF03B05DF804EB02B070470000BD
:104FB000014B1860704700BF243A0120064B1A8845
:104FC000824207D8054B1B8813449842ACBF00208F
:104FD0000120704700207047443A0120483A0120E0
:104FE00008B50146FFF7EAFF18B1024B1B6853F8FA
:104FF000210008BD283A0120F0B5244C2368002B7D
:1050000042D0234A234D1188B5F800C0224861449C
:105010004A1C22F001028F001204DE19120C07EB69
:10502000420706601D4EDA1932600E2202FB0CF2B6
:10503000033222F003023A44194F13443B60194FE4
:1050400000233B80184F3F68BA1A184F3A60184A3D
:105050009C4613804FF6FF778B420DD12D88306828
:1050600000230E249D420FD904FB03020133117B60
:105070006FF345111173F5E7226842F823C0026807
:1050800022F813700133E7E7F0BD00BF283A012092
:10509000443A0120483A01203C3A01202C3A0120B0
:1050A000343A0120463A0120303A0120403A0120AA
:1050B000383A0120064B1B6843B939B1054B1A80B9
:1050C000054B1960054B1860FFF796BF704700BF8E
:1050D000343A0120483A0120303A0120283A012090
:1050E00070B4074C266805461046039A36B9256009
:1050F000044C218070BC1946FFF7DCBF70BC7047C0
:105100004C3A0120443A0120124A03881288934203
:1051100007D2114A1268142101FB0323B3F90800D6
:1051200070470E49098811448B4204DA9B1A0C4AD5
:105130000E211268F0E74FF6FE72934208D1094B38
:105140001B781BB9084BB3F900007047074BFAE70F
:1051500000207047443A01204C3A0120483A01208F
:105160002C3A0120B4390120B6390120B839012088
:10517000124A03881288934207D2114A12681421F6
:1051800001FB0323B3F90A0070470E490988114453
:105190008B4204DA9B1A0C4A0E211268F0E74FF694
:1051A000FE72934208D1094B1B781BB9084BB3F927
:1051B00000007047074BFAE700207047443A01208F
:1051C0004C3A0120483A01202C3A0120B439012000
:1051D000B8390120B639012030B5224A0B8812882F
:1051E000934213D2204A1268142101FB03231A8A26
:1051F000B3F90C40B3F90E105B8A0480C2F30C02C1
:10520000C3F30C0341808280C38024E017490988DE
:1052100011448B4210DA9B1A0E225343144A116830
:10522000CA18CD5EB2F90240B2F90410B2F90630E4
:10523000058044808180E7E74FF6FE7293420BD1F0
:105240000C4BB3F900100C4B8180B3F90020C280E5
:1052500000230380438030BD00230380438083808C
:10526000D2E700BF443A01204C3A0120483A0120DD
:105270002C3A0120B0390120B2390120174A0388A5
:105280001288934213D2164A1268142101FB032399
:105290001A8A1989C2F30C028A421DDB588AC0F3AC
:1052A0000C005B899842ACBF0020012070470D497B
:1052B000098811448B420DDA9B1A0B4A12680E21A1
:1052C00001FB0323B3F904101A89914204DBB3F9FB
:1052D0000600E6E70020704701207047443A0120AD
:1052E0004C3A0120483A01202C3A0120124A038806
:1052F00011888B420BD2114A126812B152F8230066
:10530000C0B90F4A116814225343C85870470D4A58
:1053100012880A44934204DA084A126852F82300B9
:1053200070474FF6FE72934203D1074B1B68586CCF
:1053300070470020704700BF443A0120283A0120FE
:105340004C3A0120483A0120BC390120244B028804
:105350001888824221D2234B1968142303FB0213BD
:10536000586800283AD020490968002936D051F8F9
:105370002210002932D01A89588950435A7CDB7C8C
:105380005209C3F3421343EAC2030B2B18BF400078
:10539000033020F0030008447047144B1B8803447B
:1053A0009A421ADA124B1B68101A0E2101FB0030C8
:1053B000037B03F01F030B2B0BD103894089584358
:1053C000094B1968033020F0030351F822001844F8
:1053D00070470D2B01D10D3070470020704700BF82
:1053E000443A01204C3A0120283A0120483A012051
:1053F0002C3A012010B51F4B02881B889A421AD202
:105400001D4B1B68142101FB02314B7C5809CB7CDE
:105410001A49C3F34213096843EAC003D8B249B139
:1054200051F8222032B10E2B21D00F281DD0102888
:1054300008BF022010BD1249098819448A4209DABE
:10544000D31A104A12680E2101FB0323187B00F0C7
:105450001F00EFE74FF6FE739A4208D1EDF76EFB9F
:105460000368BDE81040DB6A18470120E2E700202E
:10547000E0E700BF443A01204C3A0120283A0120DD
:10548000483A01202C3A0120102070470020704734
:10549000024B1888400080B2704700BFB639012027
:1054A000FF2B5ED00B2A58D00ED8032A4DD004D83B
:1054B000012A4CD04DD9C36B31E0092A4DD04AD8CE
:1054C000082A48D000232AE02F2A2CD011D82D2AD0
:1054D00018D031D82C2AF5D14A6813785278002A8E
:1054E000F0D1012B1DD0002B2DD0022BEAD1C368A7
:1054F00015E0312A04D032D3322A30D0332AE1D118
:10550000436F0CE04A6813785278002ADAD1012BF5
:1055100004D00FD3022BD5D1436900E0436A18466B
:105520007047C369FBE74B681A785B78002BC9D1D9
:10553000002AF4D1436BF2E74B681A785B78002BB2
:10554000C0D1002AEBD1C36AE9E7C36CE7E7436D3A
:10555000E5E7436CE3E7C36DE1E7436EDFE7C36E66
:10556000DDE70B2A59D00ED8032A50D004D8012ADF
:105570004FD050D9036CD2E7092A4ED001D8082A5F
:10558000A0D1036ECBE72F2A2DD011D82D2A18D009
:1055900033D82C2A96D14A6813785278002A91D1B0
:1055A000012B1ED0002B30D0022B8BD10369B6E724
:1055B000312A04D033D3322A31D0332A82D1836FB7
:1055C000ADE74A6813785278002A7FF47BAF012B4D
:1055D00005D010D3022B7FF475AF83699FE7836AF0
:1055E0009DE7036A9BE74B681A785B78002B7FF492
:1055F00069AF002A93D1836B91E74B681A785B7887
:10560000002B7FF45FAF002A89D1036B87E7036D1E
:1056100085E7836D83E7836C81E7836E7FE7036FA4
:105620007DE72DE9F04F87B0159805929DF864202D
:105630000292DDE9162401914168DDF860E001FB8A
:105640000424026802EB4404DEF800200392DEF832
:10565000042004320492029AD643F6B2019A002A38
:1056600003DC059A002A40F32981119ABEF908C08B
:10567000BEF90C7002F50041129A02F50042002BAF
:105680000EDD081405D4604503DA101401D4B842C5
:1056900007DB139801441498013B02440234EEE7FF
:1056A00071D0139D581E05FB00152D145FD4654560
:1056B0005DDA149D05FB0020001458D4B84256DA78
:1056C000BDF808B09946A246B9F1000F57DDBEF902
:1056D000087003984FEA224C0D1407FB0C0009F1E7
:1056E000FF39405D049D35F81000BAF800502F12C4
:1056F0004FEA202C07F0F80717FB06F74FEAE508FA
:105700000CF0F80CED000CFB0B7C08F0FC08C7104B
:10571000EDB2C00018FB06F815FB06F507F0FC0714
:10572000C0B21FFA8CFC07FB0B8700FB0B5080B24A
:10573000BFB20CF1010505EB1C2C07F10108451C5B
:1057400005EB102508EB172813980CF4784CC5F3DB
:10575000C4254FEA581845EA0C0C08F4FC680144CB
:1057600014984CEA080C2AF802CB0244ACE7BDF8C6
:1057700008A04FF0000803EB0800002841DC23EAF2
:10578000E37304EB4304019B002B40F3978030EE5E
:10579000040AB7EE007AC7EE007A109B70EEA40AF6
:1057A00031EE051A20EEA77AF0EE626A61EE277AF2
:1057B000FEEEC86A77EE622ACDED116AFEEEC82AC7
:1057C000F0EE436A37EEC33A12EE902ABEEEC83AC4
:1057D00092FBF3F313EE102A1393109B92FBF3F357
:1057E0001493019B059AFEEEC86A013B0193CDED2F
:1057F000126A109BB0EE673A08BF1346F0EE472AD4
:105800002CE70F1453D4DEF80850BD424FDD5FEA99
:10581000224C4CD4DEF80C00604548DD03982DB2D4
:105820000CFB0505E85D049D35F810006FF00105DF
:1058300005FB08FB4FEA202C34F80B502F1207F021
:10584000F80717FB06F74FEAE5090CF0F80CED0036
:105850000CFB0A7C09F0FC09C710EDB2C00019FB73
:1058600006F915FB06F507F0FC07C0B21FFA8CFC21
:1058700007FB0A9700FB0A50BFB280B20CF101058A
:1058800005EB1C2C07F10109451C05EB102509EB64
:1058900017290CF4784CC5F3C4254FEA591945EA89
:1058A0000C0C09F4FC694CEA090C24F80BC01398A1
:1058B0000144149808F1FF3802445CE707B0BDE8E2
:1058C000F08F2DE9F04F85B09346139E169D7068BA
:1058D0000091DDE9142400FB0424326802EB440447
:1058E0002A6801926A68DDE911EC04320292F7EE4F
:1058F000006A009A002A03DCBBF1000F40F3A0808D
:105900000F9AB5F90890B5F90C8002F50040109A8D
:1059100002F50042002B0CDD061405D44E4503DAD7
:10592000161401D4464505DB70446244013B023441
:10593000F0E70FD05E1E0EFB06073F1441D504EBC7
:10594000430698460396B8F1000F59DC23EAE37347
:1059500004EB4304009B002B72DD30EE040A70EE72
:10596000A40AC6EE807A0E9B31EE051A20EEA77AC5
:10597000B0EE626A61EE277ABEEEC86A77EE622AFE
:105980008DED0F6AFEEEC82AB0EE436A37EEC33AD9
:1059900012EE902ABEEEC83A92FBF3FE13EE102AE6
:1059A00092FBF3FC009BBEEEC86A013B00938DEDB9
:1059B000106A0E9BB0EE673A08BF5B46F0EE472ACE
:1059C00097E74F45BBDA0CFB06263614B7D446459D
:1059D000B5DA1E46A046002EB8DDB5F908A001993B
:1059E00017144FEA20490AFB0717029917F80970A4
:1059F00031F8177028F8027B70446244013EEAE7F0
:105A00005FEA204917D4AE684E4514DD5FEA224AAA
:105A100011D4EF6857450EDD019F36B20AFB0676BA
:105A2000029F16F809606FF0010137F8167001FB4C
:105A300008F603998F537044624408F1FF3882E7F7
:105A400005B0BDE8F08F2DE9F04F87B0159C0592A9
:105A50009DF864200392DDE9162002916168DDF86B
:105A600060C001FB0020226802EB40020092DCF8DB
:105A700000200492DCF8042004320192039AD543FA
:105A8000EDB2029A002A03DC059A002A40F32C8129
:105A9000119ABCF908E0BCF90C7002F50041129AA9
:105AA00002F50042002B10DD0C1405D4744503DA16
:105AB000141401D4BC4209DB139C00982144149CAB
:105AC00002302244013B0090ECE771D0139E5C1E33
:105AD00006FB041636145DD476455BDA149E06FB8D
:105AE0000424241456D4BC4254DADDF80090BDF8E6
:105AF0000CA09846B8F1000F54DDBCF9087004986A
:105B0000141407FB04040E14019814F806E0B9F805
:105B100000400EEB4E0E00EB0E0B27129BF80260BE
:105B20009BF801B010F80EE0139816FB0AF607F088
:105B3000F80707FB0567E610E400E4B21BFB0AFB6D
:105B400014FB05F406F0FC06BFB206FB05B60EFB1F
:105B50000A4EB6B21FFA8EFE7C1C04EB172706F124
:105B6000010B0EF1010404EB1E240BEB162B07F4C2
:105B70007847C4F3C4244FEA5B1B27430BF4FC6B48
:105B80000144149847EA0B0729F8027B024408F104
:105B9000FF38AFE7BDF80C904FF0000E03EB0E049A
:105BA000002C43DC009A23EAE37302EB43030093E7
:105BB000029B002B40F3988030EE040AB7EE007A87
:105BC000C7EE007A109B70EEA40A31EE051A20EEA3
:105BD000A77AF0EE626A61EE277AFEEEC86A77EE87
:105BE000622ACDED116AFEEEC82AF0EE436A37EE66
:105BF000C33A12EE902ABEEEC83A92FBF3F313EECC
:105C0000102A1393109B92FBF3F31493029B059AB3
:105C1000FEEEC86A013B0293CDED126A109BB0EE16
:105C2000673A08BF1346F0EE472A2AE70F1454D408
:105C3000DCF80860BE4250DD5FEA22484DD4DCF853
:105C40000C40444549DD049C36B208FB06466FF023
:105C5000010016F80780019C00FB0EFA08EB4808CB
:105C6000009804EB080B30F80A409BF8026001989A
:105C70009BF801B010F808800098271216FB09F66F
:105C800007F0F80707FB0567E610E400E4B21BFB2A
:105C900009FB14FB05F406F0FC06BFB206FB05B6D3
:105CA00008FB0948B6B21FFA88F87C1C04EB1727DA
:105CB00006F1010B08F1010404EB18240BEB162B81
:105CC00007F47847C4F3C4244FEA5B1B27430BF463
:105CD000FC6B47EA0B0720F80A70139801441498EC
:105CE0000EF1FF3E024459E707B0BDE8F08F000017
:105CF0002DE9F04F85B0F7EE006A139E0392DDE9BF
:105D000014247068169DDDF844C06F68019100FB93
:105D10000424326802EB44042A6802920437019A90
:105D2000002A03DC039A002A40F3CC800F9AB5F9CD
:105D30000890B5F90C8002F50040109A02F5004277
:105D4000002B0DDD061405D44E4503DA161401D4DC
:105D5000464506DB129E60443244013B0234EFE7C5
:105D60000FD05E1E0CFB060E5FEA2E4E43D5984602
:105D700004EB430AB8F1000F71DC23EAE37304EB90
:105D80004304019B002B40F39D8030EE040A70EE2B
:105D9000A40AC6EE807A0E9B31EE051A20EEA77A91
:105DA000B0EE626A61EE277ABEEEC86A77EE622ACA
:105DB0008DED0F6AFEEEC82AB0EE436A37EEC33AA5
:105DC00012EE902ABEEEC83A92FBF3FC13EE102AB4
:105DD00092FBF3F31293019B039ABEEEC86A013B58
:105DE00001938DED106A0E9BB0EE673A08BF134623
:105DF000F0EE472A93E7CE45B9DA129901FB062661
:105E00003614B4D44645B2DA9846A246B8F1000F2B
:105E1000B3DDB5F908900299161409FB06164FEA8E
:105E2000204E2A4916F80EE00EEB4E0E07EB0E0B35
:105E300060449BF801609BF80290F60001EA092992
:105E400006F4FC6649EA060617F80E90129946EA2F
:105E5000D9062AF8026B0A4408F1FF38D6E75FEA50
:105E6000204929D4AE684E4526DD5FEA224B23D473
:105E7000E968594520DD02990FFA86FE0BFB0E1EDC
:105E80006FF001011EF809E00EEB4E0E07EB0E0657
:105E900001FB08F996F802B07678A1F2FE71F600DF
:105EA00001EA0B2B06F4FC664BEA060617F80EB067
:105EB00046EADB062AF80960129960440A4408F1B0
:105EC000FF3857E705B0BDE8F08F00BF00F8FFFFCF
:105ED0002DE9F04F87B08B46159804929DF8642009
:105EE0000592DDE916244168DDF860C001FB042459
:105EF000026802EB4404DCF800200192DCF8042084
:105F000004320292F7EE006ABBF1000F03DC049A40
:105F1000002A40F33881119ABCF90870BCF90C6072
:105F200002F50040129A02F50041002B0EDD02142A
:105F300005D4BA4203DA0A1401D4B24207DB139A39
:105F40001044149A013B11440234EEE719D0139D1A
:105F50005A1E05FB02052D1409D4BD4207DA149D13
:105F600005FB0212121402D4B242C0F2AC804FF010
:105F7000000E03EB0E02002A3EDC23EAE37304EB7F
:105F80004304BBF1000F40F3FE8030EE040A70EED4
:105F9000A40AC6EE807A109BBBF1010B31EE051A04
:105FA00020EEA77AB0EE626A61EE277ABEEEC86A8A
:105FB00077EE622A8DED116AFEEEC82AB0EE436AD2
:105FC00037EEC33A12EE902ABEEEC83A92FBF3F3D4
:105FD00013EE102ABEEEC86A1393109B92FBF3F3E4
:105FE000049A14938DED126A109BB0EE673A08BFC5
:105FF0001346F0EE472A87E706145DD4DCF8085014
:10600000B54259DD0F1457D4DCF80C20BA4253DDE9
:10601000019A2DB207FB0525AA5D029D55F8225075
:106020002E0E49D06FF0010202FB0EF2039234F8FB
:106030000280059A5643721C02EB262212121FFAA6
:1060400082F94FEA2827C5F30746D243D2B216FB9E
:1060500009F607F0F80707FB0267C5F3072A4FEABE
:10606000E806EDB24FEAC8085FFA88F815FB09F5B3
:1060700008FB0255BFB21AFB09FAADB206F0FC06E6
:1060800006FB02A67A1C05F1010A02EB17270AEBB0
:10609000152AB6B2CAF3C42A07F478474AEA0707B2
:1060A00006F1010A0AEB162A4FEA5A1A0AF4FC6AA8
:1060B000039A47EA0A07A752139A1044149A0EF15A
:1060C000FF3E114455E74FF00008A3EB0802002AF9
:1060D0007FF753AFBCF90860019F0A14051406FB53
:1060E0000272525D029D55F822502E0E44D0059A40
:1060F00034F818E05643721C02EB262212121FFAE3
:1061000082F94FEA2E27C5F30746D243D2B216FBD7
:1061100009F607F0F80707FB0267C5F3072A4FEAFD
:10612000EE06EDB24FEACE0E5FFA8EFE15FB09F5D4
:106130000EFB0255BFB21AFB09FAADB206F0FC061F
:1061400006FB02A67A1C05F1010A02EB17270AEBEF
:10615000152AB6B2CAF3C42A07F478474AEA0707F1
:1061600006F1010A0AEB162A4FEA5A1A0AF4FC6AE7
:1061700047EA0A0724F81870139A1044149A08F191
:1061800001081144A1E707B0BDE8F08F2DE9F04FF9
:1061900085B08B4613980392DDE914244168DDF83D
:1061A00058E001FB0424026802EB4404DEF80020FE
:1061B0000092DEF8042004320192F7EE006ABBF18F
:1061C000000F03DC039A002A40F353810F9ABEF9B3
:1061D0000870BEF90C6002F50041109A02F5004209
:1061E000002B0EDD081405D4B84203DA101401D4D4
:1061F000B04207DB119801441298013B024402347B
:10620000EEE717D0119D581E05FB00152D1409D47B
:10621000BD4207DA129D05FB0020001402D4B042F3
:10622000C0F2BC800026981900283EDC23EAE37304
:1062300004EB4304BBF1000F40F31B8130EE040A72
:1062400070EEA40AC6EE807A0E9BBBF1010B31EE14
:10625000051A20EEA77AB0EE626A61EE277ABEEEEA
:10626000C86A77EE622A8DED0F6AFEEEC82AB0EE9C
:10627000436A37EEC33A12EE902ABEEEC83A92FB5A
:10628000F3F313EE102ABEEEC86A11930E9B92FB35
:10629000F3F3039A12938DED106A0E9BB0EE673AFA
:1062A00008BF1346F0EE472A89E70F1426D4DEF81C
:1062B0000850BD4222DD5FEA224C1FD4DEF80C00FC
:1062C00060451BDD00982DB20CFB0505E85D019DC6
:1062D00055F82000070EFF2F16D16FF0010505FBC2
:1062E00006F7A5F2FE7505EA102C450905F4FC65D4
:1062F0004CEA0505C0F3C4000543E5531198014479
:106300001298013E02448EE7FDB2002FF6D06FF0E6
:10631000010777431FFA85F934F8078002974FEA9F
:10632000282CC0F30747ED43EDB217FB09F70CF03B
:10633000F80C0CFB057CC0F3072A4FEAE807C0B253
:106340004FEAC8085FFA88F810FB09F008FB05005F
:1063500080B21FFA8CFC1AFB09FA07F0FC0707FB56
:1063600005A700F1010A0CF101050AEB102A05EB63
:106370001C2CBFB2CAF3C42A0CF4784C4AEA0C0CA9
:1063800007F1010A0AEB172A4FEA5A1A0AF4FC6AC3
:1063900002984CEA0A0C24F800C0AFE74FF000085E
:1063A000A3EB080000287FF741AFBEF90860009F0B
:1063B00010140D1406FB0070405D019D55F820502F
:1063C0002E0EFF2E12D12C4800EA1526680900F483
:1063D000FC603043C5F3C405284324F81800119825
:1063E0000144129808F101080244D9E7F0B2002EE6
:1063F000F5D034F818C01FFA80F94FEA2C27C5F3FE
:106400000746C043C0B216FB09F607F0F80707FBC2
:106410000067C5F3072A4FEAEC06EDB24FEACC0C51
:106420005FFA8CFC15FB09F50CFB0055BFB21AFB9B
:1064300009FAADB206F0FC0606FB00A6781C05F1D1
:10644000010A00EB17270AEB152AB6B2CAF3C42AD1
:1064500007F478474AEA070706F1010A0AEB162A09
:106460004FEA5A1A0AF4FC6A47EA0A0724F8187035
:10647000B5E705B0BDE8F08F00F8FFFF2DE9F04F5C
:1064800087B08B46159C04929DF864200592DDE947
:1064900016206168DDF860E001FB0020226802EB55
:1064A0004000DEF800200192DEF804200292F7EEB0
:1064B000006ABBF1000F03DC049A002A40F342811A
:1064C000119ABEF90870BEF90C6002F50041129AEB
:1064D00002F50042002B0EDD0C1405D4BC4203DA99
:1064E000141401D4B44207DB139C2144149C013BD7
:1064F00022440230EEE719D0139D5C1E05FB041503
:106500002D1409D4BD4207DA149D05FB042424147C
:1065100002D4B442C0F2B1804FF0000803EB08048B
:10652000002C3EDC23EAE37300EB4300BBF1000FD9
:1065300040F3088130EE040A70EEA40AC6EE807AB9
:10654000109BBBF1010B31EE051A20EEA77AB0EEDD
:10655000626A61EE277ABEEEC86A77EE622A8DED36
:10656000116AFEEEC82AB0EE436A37EEC33A12EE65
:10657000902ABEEEC83A92FBF3F313EE102ABEEE59
:10658000C86A1393109B92FBF3F3049A14938DED56
:10659000126A109BB0EE673A08BF1346F0EE472A26
:1065A00087E70E1462D4DEF80850B5425EDD17149A
:1065B0005CD4DEF80C40BC4258DD2DB207FB05650B
:1065C000029C665D002E51D0019C34F815906FF04E
:1065D000010404FB08F40394055B059C6643741CEA
:1065E00004EB16242412A7B22E12E443E4B24FEABD
:1065F000292C06F0F80616FB04F64FEAE50A0CF023
:10660000F80CED000CFB076CEDB24FEAE9064FEA1F
:10661000C90915FB04F55FFA89F90AF0FC0A09FBC0
:1066200007551AFB04FA1FFA8CFCADB206F0FC0603
:1066300006FB07A60CF1010405F1010A04EB1C2C72
:106640000AEB152AB6B2CAF3C42A0CF4784C4AEA0B
:106650000C0C06F1010A0AEB162A4FEA5A1A0AF440
:10666000FC6A039C4CEA0A0C20F804C0139C2144E9
:10667000149C08F1FF38224450E74FF00009A3EBC7
:106680000904002C7FF74EAFBEF908600D141414F6
:1066900006FB0454029D2E5D002E4CD0019D35F862
:1066A0001480059C30F819506643741C04EB1624C2
:1066B0002412A7B22E12E443E4B24FEA282C06F0CB
:1066C000F80616FB04F64FEAE50A0CF0F80CED00AC
:1066D0000CFB076CEDB24FEAE8064FEAC80815FB61
:1066E00004F55FFA88F80AF0FC0A08FB07551AFB64
:1066F00004FA1FFA8CFCADB206F0FC0606FB07A6F6
:106700000CF1010405F1010A04EB1C2C0AEB152A1B
:10671000B6B2CAF3C42A0CF4784C4AEA0C0C06F15F
:10672000010A0AEB162A4FEA5A1A0AF4FC6A4CEAE2
:106730000A0C20F819C0139C2144149C09F101098A
:1067400022449CE707B0BDE8F08F2DE9F04F85B0FB
:106750008B46139C0392DDE914206168DDF85880B4
:1067600001FB0020226802EB4000D8F800200092D4
:10677000D8F804200192F7EE006ABBF1000F03DCA9
:10678000039A002A40F346810F9AB8F90870B8F9C5
:106790000C6002F50041109A02F50042002B0EDD5C
:1067A0000C1405D4BC4203DA141401D4B44207DB40
:1067B000119C2144129C013B22440230EEE717D089
:1067C000119D5C1E05FB04152D1409D4BD4207DA8A
:1067D000129D05FB0424241402D4B442C0F2B380F9
:1067E00000269C19002C3EDC23EAE37300EB4300F7
:1067F000BBF1000F40F30E8130EE040A70EEA40AE4
:10680000C6EE807A0E9BBBF1010B31EE051A20EE2D
:10681000A77AB0EE626A61EE277ABEEEC86A77EEBA
:10682000622A8DED0F6AFEEEC82AB0EE436A37EE9B
:10683000C33A12EE902ABEEEC83A92FBF3F313EE7F
:10684000102ABEEEC86A11930E9B92FBF3F3039AD3
:1068500012938DED106A0E9BB0EE673A08BF134697
:10686000F0EE472A89E70F1418D4D8F80850BD4233
:1068700014DD5FEA224C11D4D8F80C4064450DDDDC
:106880002DB20CFB0575019C645DFF2C0CD1009CA6
:1068900034F815506FF0010474430553119C2144E2
:1068A000129C013E22449CE7002CF7D0009F37F851
:1068B00015906FF0010575430295455B1FFA84FC46
:1068C0002F12E443E4B24FEA292E07F0F80717FB32
:1068D00004F74FEAE50A0EF0F80EED000EFB0C7E11
:1068E000EDB24FEAE9074FEAC90915FB04F55FFA73
:1068F00089F90AF0FC0A09FB0C551AFB04FA1FFA85
:106900008EFEADB207F0FC0707FB0CA70EF10104E9
:1069100005F1010A04EB1E2E0AEB152ABFB2CAF3D9
:10692000C42A0EF4784E4AEA0E0E07F1010A0AEB69
:10693000172A4FEA5A1A0AF4FC6A029C4EEA0A0E17
:1069400020F804E0AAE74FF00009A3EB0904002CAB
:106950007FF74AAFB8F9086014140D1406FB04550C
:10696000019C645DFF2C0BD1009C34F8154020F88D
:106970001940119C2144129C09F101092244E4E7C9
:10698000002CF6D0009E36F815E030F81950A7B26A
:106990002E12E443E4B24FEA2E2C06F0F80616FB62
:1069A00004F64FEAE50A0CF0F80CED000CFB076C5E
:1069B000EDB24FEAEE064FEACE0E15FB04F55FFA94
:1069C0008EFE0AF0FC0A0EFB07551AFB04FA1FFAAA
:1069D0008CFCADB206F0FC0606FB07A60CF1010428
:1069E00005F1010A04EB1C2C0AEB152AB6B2CAF316
:1069F000C42A0CF4784C4AEA0C0C06F1010A0AEBA2
:106A0000162A4FEA5A1A0AF4FC6A4CEA0A0C20F8D1
:106A100019C0AEE705B0BDE8F08F2DE9F04F85B0A5
:106A2000139803929DF85C200192DDE914240091F3
:106A30004168DDF858E001FB0424026802EB4404DD
:106A4000DEF800200292019AD643F6B2009A002A9C
:106A500003DC039A002A40F324810F9ABEF908C090
:106A6000BEF90C7002F50041109A02F50042002BAD
:106A70000EDD081405D4604503DA101401D4B842C1
:106A800007DB119801441298013B02440234EEE7FF
:106A90006ED0119D581E05FB00152D145CD4654564
:106AA0005ADA129D05FB0020001455D4B84253DA7F
:106AB000BDF804B09946A246B9F1000F54DDBEF905
:106AC00008700D14101407FB0050029D35F81000DB
:106AD000BAF800502F124FEA202C07F0F80717FBE6
:106AE00006F74FEAE5080CF0F80CED000CFB0B7C08
:106AF00008F0FC08C710EDB2C00018FB06F815FB43
:106B000006F507F0FC07C0B21FFA8CFC07FB0B87E9
:106B100000FB0B5080B2BFB20CF1010505EB1C2C41
:106B200007F10108451C05EB102508EB1728119803
:106B30000CF4784CC5F3C4254FEA581845EA0C0C00
:106B400008F4FC68014412984CEA080C2AF802CBBD
:106B5000024409F1FF39AFE7BDF804A04FF0000887
:106B600003EB0800002841DC23EAE37304EB430451
:106B7000009B002B40F3958030EE040AB7EE007ABC
:106B8000C7EE007A0E9B70EEA40A31EE051A20EED5
:106B9000A77AF0EE626A61EE277AFEEEC86A77EEB7
:106BA000622ACDED0F6AFEEEC82AF0EE436A37EE98
:106BB000C33A12EE902ABEEEC83A92FBF3F313EEFC
:106BC000102A11930E9B92FBF3F31293009B039AEE
:106BD000FEEEC86A013B0093CDED106A0E9BB0EE4D
:106BE000673A08BF1346F0EE472A2FE70F1451D437
:106BF000DEF80850BD424DDD5FEA224C4AD4DEF893
:106C00000C00604546DD2DB20CFB0575029830F88E
:106C100015006FF0010505FB08FB4FEA202C34F846
:106C20000B502F1207F0F80717FB06F74FEAE5099C
:106C30000CF0F80CED000CFB0A7C09F0FC09C71005
:106C4000EDB2C00019FB06F915FB06F507F0FC07CD
:106C5000C0B21FFA8CFC07FB0A9700FB0A50BFB2B8
:106C600080B20CF1010505EB1C2C07F10109451C54
:106C700005EB102509EB17290CF4784CC5F3C42556
:106C80004FEA591945EA0C0C09F4FC694CEA090C65
:106C900024F80BC011980144129808F1FF380244FF
:106CA0005EE705B0BDE8F08F2DE9F04F85B0934663
:106CB000139E169D70680191DDE9142400FB0424E5
:106CC0003268DDE911EC02EB44042A680292F7EE27
:106CD000006A019A002A03DCBBF1000F40F39A809E
:106CE0000F9AB5F90890B5F90C8002F50040109A9A
:106CF00002F50042002B0CDD061405D44E4503DAE4
:106D0000161401D4464505DB70446244013B02344D
:106D1000F0E70FD05E1E0EFB06073F1441D504EBD3
:106D2000430698460396B8F1000F56DC23EAE37356
:106D300004EB4304019B002B6CDD30EE040A70EE83
:106D4000A40AC6EE807A0E9B31EE051A20EEA77AD1
:106D5000B0EE626A61EE277ABEEEC86A77EE622A0A
:106D60008DED0F6AFEEEC82AB0EE436A37EEC33AE5
:106D700012EE902ABEEEC83A92FBF3FE13EE102AF2
:106D800092FBF3FC019BBEEEC86A013B01938DEDC3
:106D9000106A0E9BB0EE673A08BF5B46F0EE472ADA
:106DA00097E74F45BBDA0CFB06263614B7D44645A9
:106DB000B5DA1E46A046002EB8DDB5F908A0029946
:106DC00017144FEA20490AFB0797704431F81770EF
:106DD00028F8027B6244013EEDE75FEA204914D4C3
:106DE000AE684E4511DD5FEA224A0ED4EF68574582
:106DF0000BDD36B20AFB0696029F6FF0010137F8F1
:106E0000167001FB08F603998F537044624408F131
:106E1000FF3888E705B0BDE8F08F2DE9F04F87B067
:106E20008B46159803929DF864200492DDE916259F
:106E30004168DDF8609001FB0525026802EB45051D
:106E4000D9F800200192F7EE006ABBF1000F03DCD5
:106E5000039A002A40F35981119AB9F90870B9F9D7
:106E60000C6002F50040129A02F50041002B0EDD85
:106E7000021405D4BA4203DA0A1401D4B24207DB81
:106E8000139A1044149A013B11440235EEE717D0CF
:106E9000139C5A1E04FB0204241409D4BC4207DAD2
:106EA000149C04FB0212121402D4B242C0F2BF803E
:106EB0000027DA19002A3EDC23EAE37305EB4305D9
:106EC000BBF1000F40F3218130EE040A70EEA40AFA
:106ED000C6EE807A109BBBF1010B31EE051A20EE55
:106EE000A77AB0EE626A61EE277ABEEEC86A77EEE4
:106EF000622A8DED116AFEEEC82AB0EE436A37EEC3
:106F0000C33A12EE902ABEEEC83A92FBF3F313EEA8
:106F1000102ABEEEC86A1393109B92FBF3F3039AF8
:106F200014938DED126A109BB0EE673A08BF1346BA
:106F3000F0EE472A89E706142DD4D9F80840B44268
:106F400029DD5FEA214C26D4D9F80C20624522DDE8
:106F500024B2019A0CFB046452F82440220E1AD089
:106F6000049E7243561C06EB22221212260AFF2AA6
:106F7000059616D16FF0010202FB07FC26F4FF66AE
:106F8000620902F4FC6226F007061643C4F3C40447
:106F9000264325F80C60139A1044149A013F1144BB
:106FA00087E76FF001067E431FFA82FA35F8068004
:106FB00002964FEA282EC4F3074CD243D2B21CFBF0
:106FC0000AFC0EF0F80E0EFB02CEE4B24FEAE80C1B
:106FD0004FEAC8089DF814605FFA88F814FB0AF4B9
:106FE00008FB02441FFA8EFE16FB0AF6A4B20CF050
:106FF000FC0C0CFB026C0EF10102661C02EB1E2E57
:1070000006EB14261FFA8CFCC6F3C4260EF4784E49
:1070100046EA0E0E0CF1010606EB1C26760906F474
:10702000FC66029A4EEA060E25F802E0B3E74FF03E
:107030000008A3EB0802002A7FF73EAFB9F9086009
:1070400004140A1406FB0242019C54F82240220E4A
:1070500016D0049E7243561C06EB22221212FF2AFF
:107060004FEA142613D1620926F4FF6602F4FC628B
:1070700026F007061643C4F3C404264325F8186017
:10708000139A1044149A08F101081144D1E735F815
:1070900018E01FFA82FA4FEA2E2CC4F30747D243B6
:1070A000D2B217FB0AF70CF0F80C0CFB027CE4B22E
:1070B0004FEAEE074FEACE0E5FFA8EFE14FB0AF49B
:1070C0000EFB0244F6B21FFA8CFC16FB0AF6A4B2C1
:1070D00007F0FC0707FB02670CF10102661C02EBDC
:1070E0001C2C06EB1426BFB2C6F3C4260CF4784C55
:1070F00046EA0C0C7E1C06EB1726760906F4FC66A5
:107100004CEA060C25F818C0BAE707B0BDE8F08FC6
:107110002DE9F04F85B08B4613980392DDE91424D6
:107120004168DDF8588001FB0424026802EB440446
:10713000D8F800200192F7EE006ABBF1000F03DCE3
:10714000039A002A40F34F810F9AB8F90870B8F9F2
:107150000C6002F50041109A02F50042002B0EDD92
:10716000081405D4B84203DA101401D4B04207DB86
:10717000119801441298013B02440234EEE717D003
:10718000119D581E05FB00152D1409D4BD4207DAC8
:10719000129D05FB0020001402D4B042C0F2BA8058
:1071A0000026981900283EDC23EAE37304EB43042D
:1071B000BBF1000F40F3178130EE040A70EEA40A11
:1071C000C6EE807A0E9BBBF1010B31EE051A20EE64
:1071D000A77AB0EE626A61EE277ABEEEC86A77EEF1
:1071E000622A8DED0F6AFEEEC82AB0EE436A37EED2
:1071F000C33A12EE902ABEEEC83A92FBF3F313EEB6
:10720000102ABEEEC86A11930E9B92FBF3F3039A09
:1072100012938DED106A0E9BB0EE673A08BF1346CD
:10722000F0EE472A89E70F1424D4D8F80850BD425D
:1072300020DD5FEA224C1DD4D8F80C00604519DD32
:107240002DB20CFB0575019850F82500070EFF2F95
:1072500016D16FF0010505FB06F7A5F2FE7505EAEC
:10726000102C450905F4FC654CEA0505C0F3C40083
:107270000543E553119801441298013E024490E7FA
:10728000FDB2002FF6D06FF0010777431FFA85F9A2
:1072900034F807E002974FEA2E2CC0F30747ED437E
:1072A000EDB217FB09F70CF0F80C0CFB057CC0F3F2
:1072B000072A4FEAEE07C0B24FEACE0E5FFA8EFE03
:1072C00010FB09F00EFB050080B21FFA8CFC1AFBC4
:1072D00009FA07F0FC0707FB05A700F1010A0CF10A
:1072E00001050AEB102A05EB1C2CBFB2CAF3C42A15
:1072F0000CF4784C4AEA0C0C07F1010A0AEB172A45
:107300004FEA5A1A0AF4FC6A02984CEA0A0C24F86A
:1073100000C0AFE74FF0000EA3EB0E0000287FF790
:1073200043AFB8F908600D14101406FB0050019D1E
:1073300055F820502E0EFF2E12D12C4800EA1526AB
:10734000680900F4FC603043C5F3C405284324F801
:107350001E001198014412980EF1010E0244DBE761
:10736000F0B2002EF5D034F81EC01FFA80F94FEAB3
:107370002C27C5F30746C043C0B216FB09F607F039
:10738000F80707FB0067C5F3072A4FEAEC06EDB2E2
:107390004FEACC0C5FFA8CFC15FB09F50CFB005591
:1073A000BFB21AFB09FAADB206F0FC0606FB00A656
:1073B000781C05F1010A00EB17270AEB152AB6B273
:1073C000CAF3C42A07F478474AEA070706F1010A14
:1073D0000AEB162A4FEA5A1A0AF4FC6A47EA0A0725
:1073E00024F81E70B5E705B0BDE8F08F00F8FFFF88
:1073F0002DE9F04F87B08B46159803929DF86420D5
:107400000492DDE916244168DDF8609001FB042454
:10741000026802EB4404D9F80820013222F001028C
:107420000092D9F800200192F7EE006ABBF1000F3C
:1074300003DC039A002A40F36981119AB9F90870B4
:10744000B9F90C6002F50040129A02F50041002BD8
:107450000EDD021405D4BA4203DA0A1401D4B24292
:1074600007DB139A1044149A013B11440234EEE7EF
:1074700017D0139D5A1E05FB02052D1409D4BD42D9
:1074800007DA149D05FB0212121402D4B242C0F2B4
:10749000C7800027DA19002A3EDC23EAE37304EBF5
:1074A0004304BBF1000F40F3318130EE040A70EE6B
:1074B000A40AC6EE807A109BBBF1010B31EE051ACF
:1074C00020EEA77AB0EE626A61EE277ABEEEC86A55
:1074D00077EE622A8DED116AFEEEC82AB0EE436A9D
:1074E00037EEC33A12EE902ABEEEC83A92FBF3F39F
:1074F00013EE102ABEEEC86A1393109B92FBF3F3AF
:10750000039A14938DED126A109BB0EE673A08BF90
:107510001346F0EE472A89E7051435D4D9F8082038
:10752000AA4231DD0E142FD4D9F80C20B2422BDD43
:10753000009A06FB02556A08019EB25CEE0754BF32
:1075400002F00F02121102EB0212D2B2E2B1049D5C
:107550006A43551C05EB22226E4D2D6812122E0A2D
:10756000FF2A059616D16FF0010202FB07FC26F4F4
:10757000FF666A0902F4FC6226F007061643C5F3AB
:10758000C4052E4324F80C60139A1044149A013F4A
:1075900011447FE76FF001067E431FFA82FA34F848
:1075A000068002964FEA282EC5F3074CD243D2B28A
:1075B0001CFB0AFC0EF0F80E0EFB02CEEDB24FEAF9
:1075C000E80C4FEAC8089DF814605FFA88F815FBCC
:1075D0000AF508FB02551FFA8EFE16FB0AF6ADB23D
:1075E0000CF0FC0C0CFB026C0EF101026E1C02EBA9
:1075F0001E2E06EB15261FFA8CFCC6F3C4260EF4CD
:10760000784E46EA0E0E0CF1010606EB1C267609B2
:1076100006F4FC66029A4EEA060E24F802E0B3E78E
:107620004FF00008A3EB0802002A7FF736AF009E58
:1076300002140D1406FB05256A08019EB25CED07D5
:1076400054BF02F00F02121102EB0212D2B2C2B109
:10765000049D6A43551C05EB22222E4D12122E6802
:10766000FF2A4FEA162513D1720925F4FF6502F4AB
:10767000FC6225F007051543C6F3C406354324F81C
:107680001850139A1044149A08F101081144C9E7DC
:1076900034F818E01FFA82FA4FEA2E2CC6F3074797
:1076A000D243D2B217FB0AF70CF0F80C0CFB027CA9
:1076B000F6B24FEAEE074FEACE0E5FFA8EFE16FBE9
:1076C0000AF60EFB0266EDB21FFA8CFC15FB0AF5FA
:1076D000B6B207F0FC0707FB02570CF10102751C5C
:1076E00002EB1C2C05EB1625BFB2C5F3C4250CF428
:1076F000784C45EA0C0C7D1C05EB17256D0905F44B
:10770000FC654CEA050C24F818C0BAE707B0BDE8E0
:10771000F08F00BFCC3901202DE9F04F87B0DFF8A2
:107720000C8315980592DDE9162401914168DDF876
:1077300060B001FB0424026802EB4404DBF808207B
:10774000013222F001020292DBF800200392F7EEF0
:10775000006A019A002A03DC059A002A40F362813C
:10776000119ABBF90870BBF90C6002F50040129A3F
:1077700002F50041002B0EDD021405D4BA4203DAF3
:107780000A1401D4B24207DB139A1044149A013B45
:1077900011440234EEE717D0139D5A1E05FB020573
:1077A0002D1409D4BD4207DA149D05FB02121214F0
:1077B00002D4B242C0F2C38000255A19002A3FDC2D
:1077C00023EAE37304EB4304019B002B40F32A817B
:1077D00030EE040A70EEA40AC6EE807A109B31EEF9
:1077E000051A20EEA77AB0EE626A61EE277ABEEE45
:1077F000C86A77EE622A8DED116AFEEEC82AB0EEF5
:10780000436A37EEC33A12EE902ABEEEC83A92FBB4
:10781000F3F313EE102A1393109B92FBF3F31493DC
:10782000019B059ABEEEC86A013B01938DED126A79
:10783000109BB0EE673A08BF1346F0EE472A88E780
:1078400006142CD4DBF80820B24228DD0F1426D40D
:10785000DBF80C20BA4222DD029A07FB02667208AE
:10786000039FBA5CF60754BF02F00F02121102EB3D
:107870000212D2B2FF2A18D1D8F800206FF0010608
:1078800006FB05F7A6F2FE7606EA122C560906F468
:10789000FC664CEA0606C2F3C4021643E653139A8A
:1078A0001044149A013D114487E7002AF7D06FF085
:1078B00001066E43D8F800C034F806E004961FFABB
:1078C00082F94FEA2E27CCF30746D243D2B216FBF9
:1078D00009F607F0F80707FB0267CCF3072A4FEA1F
:1078E000EE065FFA8CFC4FEACE0E5FFA8EFE1CFBB2
:1078F00009FC0EFB02CCBFB21AFB09FA1FFA8CFC82
:1079000006F0FC0606FB02A67A1C0CF1010A02EB4B
:1079100017270AEB1C2AB6B2CAF3C42A07F4784721
:107920004AEA070706F1010A0AEB162A4FEA5A1A31
:107930000AF4FC6A049A47EA0A07A752AFE74FF035
:10794000000EA3EB0E02002A7FF73AAF029E02144C
:107950000D1406FB05256A08039EB25CED0754BFB3
:1079600002F00F02121102EB0212D2B2FF2A15D15D
:10797000D8F80050A2F6FF0202EA15266A0902F4BE
:10798000FC623243C5F3C4052A4324F81E20139A2F
:107990001044149A0EF1010E1144D2E7002AF6D0D9
:1079A000D8F8007034F81EC01FFA82F94FEA2C266E
:1079B000C7F30745D243D2B215FB09F506F0F80626
:1079C00006FB0256C7F3072A4FEAEC05FFB24FEA5F
:1079D000CC0C5FFA8CFC17FB09F70CFB0277B6B2F4
:1079E0001AFB09FABFB205F0FC0505FB02A5721CE3
:1079F00007F1010A02EB16260AEB172AADB2CAF309
:107A0000C42A06F478464AEA060605F1010A0AEB9A
:107A1000152A4FEA5A1A0AF4FC6A46EA0A0624F8BA
:107A20001E60B4E707B0BDE8F08F00BFCC3901207D
:107A3000704770477047704770477047704770478E
:107A4000704770477047704770477047704770477E
:107A5000704770477047704770477047704770476E
:107A6000704770477047704770477047704770475E
:107A700070472DE9F04788B008AC064624F80C3D65
:107A8000204688469146FDF731FC3368054620467E
:107A90009F69FDF739FB82462046FDF769FB00959B
:107AA000CDE901A04B4606A842463146B8472846D4
:107AB00008B0BDE8F08700002DE9FF4700230093E0
:107AC0003D4B1B78002B37D13C4AB2F90020ADF872
:107AD0000420002B32D13A4BB3F9003008684968D2
:107AE000ADF8063002AC02AB03C369462046F8F796
:107AF000BDFF6846F8F776FFBDF80830BDF80020F6
:107B0000304D1344ADF80830BDF80220BDF80A30FE
:107B100028681344ADF80A300368DB6B984710F00F
:107B2000010F2F460CD02868036894E806001B6EEE
:107B3000984704B0BDE8F087214AC6E71F4BCBE762
:107B40003868BDF90C800368BDF90E505B6B98472F
:107B5000BDF90830BDF80A20BDF8046016FB0236F6
:107B600000EB460638680368DB6A9847134ABDF99C
:107B70000A401388BDF9081003FB041400EB440409
:107B80005D4304EB45054FEA480891463868AC422E
:107B900003680ED2D3F838A0324643462146D04778
:107BA000B9F8003004EB4304BDF9043006EB43069A
:107BB000ECE71B6B9847BCE7B4390120B6390120CC
:107BC000B8390120BC3901202DE9F04F8BB00F46A8
:107BD0009DF850B09DF854401646BBF1000F4AD0B6
:107BE0001068516806AD03C51868596808AD03C52B
:107BF00006A8F8F7F7FE314608A8F8F737FFBDF9F1
:107C00002020BDF92230BDF81C60BDF92480BDF9EB
:107C1000265016FB032107EB4106BDF818105F4FF5
:107C20000A44ADF82020BDF81A2038681344ADF896
:107C300022300368DB6B9847BBF1FF0FB9461DD1BB
:107C4000FCB910F0010F1CD0D9F80000BDF82230AB
:107C50000168CDF80CB00027CDE90447BDF81C4001
:107C60000294ADB21FFA88F4019500948C6CBDF8B3
:107C700020203146A0470BB0BDE8F08F10F0040F74
:107C8000E1E7D9F800000368DB6A9847444BBDF987
:107C900022401A88BDF92010BBF1FF0F02FB04142B
:107CA00000EB44049A4605FB02F54FEA480759D019
:107CB000CBF1FF0904EB45051FFA8BF21FFA89F996
:107CC0009E46AC4264D204EB070A54453DD221885B
:107CD00036F8023B08124FEA232C00F0F80010FBA4
:107CE00009F04FEAE10B0CF0F80CC9000CFB020C98
:107CF0000BF0FC0BD810C9B2DB001FFA8CFC1BFB8D
:107D000009FB00F0FC00DBB211FB09F100FB02B043
:107D100003FB02130CF1010B9BB20BEB1C2C80B28A
:107D20000CF4784B03F1010C0CEB132C431C03EB0C
:107D30001020CCF3C42C40094CEA0B0C00F4FC607E
:107D40004CEA000C24F802CBBFE7BEF80030A3EBEE
:107D5000080304EB4304BDF91C30A3EB080306EB56
:107D60004306AEE704EB4505D9F80000AC420368D2
:107D70000ED2D3F8388032463B462146C047BAF887
:107D8000003004EB4304BDF91C3006EB4306EBE77F
:107D9000024B186803681B6B98476CE7BC390120DD
:107DA000B639012010B58C2104460CF04BFA204660
:107DB00010BD10B5042104460CF044FA204610BD55
:107DC00010B5042104460CF03DFA204610BD10B554
:107DD00040F6440104460CF035FA204610BD10B5BB
:107DE0004FF4827104460CF02DFA204610BD10B5F8
:107DF000042104460CF026FA204610BD10B50421DB
:107E000004460CF01FFA204610BD10B504210446AC
:107E10000CF018FA204610BD10B5042104460CF0F1
:107E200011FA204610BD10B5042104460CF00AFAE0
:107E3000204610BD10B5042104460CF003FA20467C
:107E400010BD10B5042104460CF0FCF9204610BD0D
:107E500010B5042104460CF0F5F9204610BD10B50C
:107E6000042104460CF0EEF9204610BD10B50421A3
:107E700004460CF0E7F9204610BD10B50421044675
:107E80000CF0E0F9204610BD10B5042104460CF0BA
:107E9000D9F9204610BD10B5042104460CF0D2F9E2
:107EA000204610BD10B5042104460CF0CBF9204645
:107EB00010BD10B5042104460CF0C4F9204610BDD5
:107EC00010B5042104460CF0BDF9204610BD10B5D4
:107ED000042104460CF0B6F9204610BD10B504216B
:107EE00004460CF0AFF9204610BD10B5042104463D
:107EF0000CF0A8F9204610BD10B5042104460CF082
:107F0000A1F9204610BD10B5042104460CF09AF9E1
:107F1000204610BD10B5042104460CF093F920460C
:107F200010BD10B5042104460CF08CF9204610BD9C
:107F300010B5042104460CF085F9204610BD10B59B
:107F4000042104460CF07EF9204610BD10B5042132
:107F500004460CF077F9204610BD10B50421044604
:107F60000CF070F9204610BD10B5042104460CF049
:107F700069F9204610BD00002DE9F04F8FB016467C
:107F80009DF86020059282460D46002A00F0B782D7
:107F9000306871680AAC03C4186859680CAC03C433
:107FA0000AA8F8F71FFD31460CA8F8F75FFDBDF9E8
:107FB0002C20B2F5806FD7BF93B201234FF48061BC
:107FC00091FBF3F3009305F1080300990693BDF9C3
:107FD0002E300B44013B93FBF1F30699013B9BB21E
:107FE00001EB830307930099BDF9323093FBF1F065
:107FF00084B20294029D009CBDF8301005FB14343D
:1080000014FB02F40C44A4B2002D6CD06A1E069836
:1080100050F82260079A36BA1644BDF82820BDF9F8
:108020003650DFF834931144BDF82A20ADF83010F3
:108030001344ADF83230BDF934300193C44B1868A5
:108040000368DB6A9847C34BBDF930201B88BDF934
:10805000328003FB082800EB48086B4308EB43031E
:1080600009930025BDF92C3094FBF3F304930AF136
:1080700004034FF480722946184608930DF025FA40
:10808000099B434540F23682032207210B20002C36
:1080900000F031813378DBB2FE2B26D196F801E077
:1080A00096F802C096F803B05FFA8EFE5FFA8CFC79
:1080B0006EF307056CF30F255FFA8BFB0CEB8C0C52
:1080C0006BF3174512FB0BCC2B0E11FB0ECC10FBE8
:1080D00003C303F03F030AEB8303013C371DA4B243
:1080E0005D603E46D3E7079E97E7FF2B27D196F8C2
:1080F00001C0B37896F803E096F804B05FFA8CFC00
:10810000DBB26CF3070563F30F255FFA8EFE03EB1A
:10811000830312FB0E335FFA8BFB6EF3174511FBE3
:108120000C336BF31F6510FB0B3B0BF03F0B0AEBA3
:108130008B0B013C771DA4B2CBF80450D1E75FEA6A
:10814000A31C06F1010707D103F03F030AEB8303E9
:108150005D68013CA4B2C4E7BCF1010F2CD103F06F
:10816000030EAEF1020E05EBCE0E5FFA8EFE03F0AB
:108170000C0C6EF30705ACF1080C0CEB152C0CF095
:10818000FF0C6CF30F25C3F30113C5F30746023B45
:1081900006EBC303DBB20CEB8C0C63F3174512FB4D
:1081A00003CC2E0E11FB0ECC10FB06C606F03F06CC
:1081B0000AEB86067560CCE7BCF1020F03F03F03C3
:1081C0002AD1B71C7678F6B206F00F0C203BACF142
:1081D000080C9C4405EBCC0C5FFA8CFC6CF3070597
:1081E000C5F3072E0EEB830E5FFA8EFE36116EF38B
:1081F0000F25083E3344C5F3074606EBC303DBB245
:108200000EEB8E0E63F3174512FB03EE2E0E11FBE1
:108210000CEE10FB06E6C9E75E1CA6424EDD361BDF
:10822000002E4EDCDDF804B00024BBF1000F40F35B
:1082300022817B1C03933B78DBB2FE2B60D17978E3
:10824000BA78F878C9B261F30705D2B23B1D62F380
:108250000F25C0B2039302EB8202032313FB00221B
:1082600060F31745072313FB01212E0E0B2313FB8D
:10827000061303F03F030AEB83035D6001263746D4
:108280002B0EABEB070BA6EB070640F0D3808CB1AF
:108290004846A100E9F732FF059B22464946404681
:1082A000E9F77AFF2C4B2D4A994508BF134608EB96
:1082B0004408994608EB47080024DAE0A61BB4B24C
:1082C0000FE7019B019AB342A8BF33462C0EA2EBE5
:1082D000030BA6EB03060BD0A9F104011A46002AF2
:1082E00002DC23EAE374A0E741F8045F013AF6E711
:1082F00008EB430899E73746DDF804B0264694E7D3
:10830000FF2B1DD17878BA78FE787B1DC0B203931D
:108310003B7960F30705D2B2D9B262F30F25F6B20A
:10832000032302EB820213FB0622072313FB002028
:1083300066F317450B2361F31F6513FB010398E7F1
:108340009E110DD103F03F030AEB83035D6895E7AF
:10835000BC390120B63901208001002080020020B4
:10836000012E4FEA15612BD103F00300023805EB13
:10837000C000C0B203F00C0260F30705083A02EB3C
:10838000152202F0FF0262F30F25C3F301139F1EB3
:10839000C5F3074303EBC703DBB2032702EB8202FB
:1083A00017FB0322072763F3174517FB00200B2356
:1083B00013FB010101F03F010AEB81014D605EE713
:1083C000022E03F03F032FD17878BA1CC0B203927B
:1083D00000F00F02203B083A1A4405EBC202D2B269
:1083E00062F30705C5F3072606EB8306F6B2001114
:1083F00066F30F2508380344C5F3074000EBC303B9
:10840000DBB2032006EB860610FB0366072063F34E
:10841000174510FB02620B2313FB012101F03F0102
:108420000AEB81014D6029E75E1CB3455F46A8BF9A
:10843000374625E73B19402B13DD4846A100E9F7F5
:108440005DFE4946059B22464046E9F7A5FE2D4BB9
:1084500099450CBFDFF8B890DFF8A89008EB440806
:10846000002409EB84023B46013B42F8045BFBD14C
:108470003C44039FD9E65CB1A1004846E9F73EFEC3
:108480004046059B22464946E9F786FE08EB44082C
:108490001D4B019A1B889B1A08EB4308049B013370
:1084A0000493049A009B93421DD1029B029ABDF84B
:1084B0003040BDF82860089803F1010B069B53F883
:1084C0002270079B00253FBAA41B4FF480722946F7
:1084D0001F44A4B20CF0F9FFCDF808B00495E9F7F9
:1084E00003FE3E46CCE5BDF82C40019BE41AA41BDC
:1084F000A4B2F4E7054B186803681B6B98470FB0EC
:10850000BDE8F08F80010020B6390120BC39012080
:10851000800200202DE9F04F8FB01C4605929DF897
:1085200064200091189B0192002A00F015812068B8
:1085300061680AAA03C2186859680CAA03C20AA88B
:10854000F8F750FA21460CA8F8F790FABDF92C601C
:10855000BDF92E50BDF83000B6F5806FDEBFB3B266
:108560004FF4806292FBF3F3BDF93220C8BF0123C0
:1085700092FBF3F11FFA81FC0CFB132414FB06F4AD
:108580001D4404446146013DA4B295FBF3F531B1AD
:10859000059B009953F82C301BBA19440091BDF883
:1085A0002830BDF93480BDF936601844BDF82A3052
:1085B000ADF830001A446A4BADF8322018680368F1
:1085C000DB6A98476749BDF932200B88BDF930C096
:1085D000099103FB02C200EB42007343ADB200EB12
:1085E0004303AD0006932B1D0793019BBDF80410B8
:1085F0000391C3F1FF02002C0CBFC6464FF0000EE2
:10860000002392B21FFA8EFE02930492069A8242CF
:1086100040F29D8063B9009B1A78930902F03F02F3
:1086200002925A1E022A15D8009A013200929BB279
:10863000B4B19C4295BF1C1BE41A1FFA84FAA4B281
:1086400087BF71464FF0000A1FFA88F10024534695
:108650008E46DBE7009A009B02325B780092E7E7E8
:10866000022215460799029A15FB021205997345D5
:1086700031F802C0019A2BBFA3EB0E0AAEEB030147
:10868000F146994627BF1FFA8AFA214689B2A246C7
:10869000FF2A4FEA490905D18144814545D020F898
:1086A00002CBFAE7039D4FEA2C224FEAEC0B02F0D3
:1086B000F8024FEACC0C6A430BF0FC0B5FFA8CFC1F
:1086C00008920BFB05FB0CFB05FC814481452CD07B
:1086D0000288049D049F161206F0F80616FB05F6A4
:1086E000089D2E44D510D200D2B212FB07F2B6B2CA
:1086F00005F0FC05624415FB07F592B2771C07EB09
:108700001626571C5D4407EB1222ADB2C2F3C422F9
:1087100006F4784616436A1C02EB15256D0905F42C
:10872000FC652E4320F8026BD0E773458FD3BDF86C
:108730002C40099B1FFA88F1641A1B88A4B2002CF4
:10874000A3EB080318BF002100EB43007FE7044BB5
:10875000186803681B6B98470FB0BDE8F08F00BF27
:10876000BC390120B63901202DE9F04F9FB0CDE989
:1087700013129DF8A42009921D460446289B002A46
:1087800000F0EB81286869681AAA03C21868596862
:108790001CAA03C21AA8F8F725F929461CA8F8F75D
:1087A00065F9BDF96C30BDF96E80BDF97660B3F541
:1087B000806FD7BF9AB201224FF4806191FBF2F231
:1087C00002920298BDF9722092FBF0F080B21090F4
:1087D00002990298109D884405FB102515FB03F5AE
:1087E00008F1FF38BDF8683098FBF1F8BDF870105B
:1087F0000D441944BDF86A30ADF870101A44BDF943
:1088000074300493954BADF8722018680368DB6AE6
:108810009847934BBDF972101A88BDF97070189380
:1088200002FB017100EB4100564300EB460208F1E8
:1088300001080A92149ABDF824300F931FFA88F8A1
:1088400002EB880808F104021192099A854BC2F1E3
:10885000FF02ADB21592002D049A4FF0000118BF2F
:1088600000221B1B92B20D91199310990D9B11FAC6
:1088700083F3149901EB8303043306930A9B834229
:1088800040F266810299BDF86C30B5FBF3F3CB1A68
:108890009BB21693069B069E59789B783678129663
:1088A0001B0243EA01430699C9780B431399013629
:1088B000194405964E1C03964978139E0902F35CF1
:1088C00001F4FF7119438BB20C9300234FF0010A9E
:1088D00007939C46BDF8543084F80418D346574695
:1088E0000E93002D7ED0AF426ED20A9B0192ED1BFB
:1088F0008342ADB202D873E0002B5FD1039B5B785B
:10890000CBF1070293405B0003F4FF72039B1B78DB
:1089100043FA0BF3DBB213430BF101025FFA82FB64
:10892000039ABBF1080F15BF013202320392039282
:10893000129A9FB208BF4FF0000BBA4209D384F8D5
:1089400004380123059AB2F5007F0ED39A4600261B
:1089500035E0059B9F4218D304EB0A0394F80428E2
:1089600083F804280AF101039BB2059A94F804687D
:108970000C9904EB820216710AF10106D18056713E
:10898000059A013292B20592E0E704EB87033A467A
:108990005B7903F604062644199901EB060CBCF139
:1089A000000F07DD04EB820292F804C006F801CD47
:1089B000D288F1E784F804289BB2C3E70C9F0C9798
:1089C000019AB4461F468CE77B1BBDF8102001922C
:1089D0000CEB05069BB2B6B200250A9A82428BD8F0
:1089E000019A4BE7974232D3BB1A9BB2089201958A
:1089F0000999FF2908990CEB010635D1A0F1020E67
:108A0000B6B2B44540F08C800899974200EB410023
:108A1000E2D3189A04991288521A00EB4200079A7E
:108A2000169901328A42079240F08780BDF8705053
:108A3000BDF86870049BED1BADB2002D08BF1A464F
:108A40000D9B18BF002201330D9392B20DE7D11B8D
:108A50008BB2019308972B46CAE700BFBC390120AF
:108A6000B6390120FBF7FFFFB6B20B90B445CBD06F
:108A70000CF10101A44417919CF80458119931F8A4
:108A800015500B99B1F800C00E994FEA2C2E0EF03C
:108A9000F80E1EFB01FE4FEA25280F9908F0F80892
:108AA00008FB01E84FEAEC090E9909F0FC0919FBF3
:108AB00001F94FEAE50E0F990EF0FC0E0EFB019E38
:108AC0004FEACC0C0E995FFA8CFC1CFB01FCED000C
:108AD0000F99EDB205FB01C51FFA88F81FFA8EFE4B
:108AE000ADB208F1010C0CEB18280EF1010905F1EB
:108AF000010C0CEB152C09EB1E29CCF3C42C08F44B
:108B000078484FEA59194CEA08080B99BDF85CC03F
:108B100009F4FC6948EA090821F8028B0B91A5E7E2
:108B20000CF10108A44411999CF8045831F815502F
:108B30002EF8025F1FFA88FC63E7BDF81020BDF82D
:108B40006C50AD1AADB2002D18BF0022019244E75F
:108B5000034B186803681B6B98471FB0BDE8F08F84
:108B6000BC3901202DE9F04F93B016469DF87020D6
:108B700003900D460192002A00F00483306871686A
:108B80000EAC03C41868596810AC03C40EA8F7F7FC
:108B900029FF314610A8F7F769FFBDF93C20B2F56F
:108BA000806FD7BF93B201234FF4806191FBF3F341
:108BB000049305F1080304990893BDF93E300B4472
:108BC000013B93FBF1F30899013B9BB201EB83035B
:108BD00009930499BDF9423093FBF1F084B20594F6
:108BE000DDE90445BDF8401005FB143919FB02F915
:108BF00089441FFA89F9002D5DD06A1E089850F843
:108C000022A0099A9AFA8AFA9244BDF83820BDF94E
:108C100046501144BDF83A20ADF840101344ADF869
:108C20004230BDF944300293CB4B18680368DB6ACD
:108C30009847CA4BBDF940201B88BDF9424003FB51
:108C4000042400EB44046B4304EB43030D93BDF990
:108C50003C3099FBF3F30693019BDB43DBB20A93B1
:108C6000039B04331846802200210B930CF02DFC4B
:108C7000BB4B009300234FF0000607930D9BA342CC
:108C800040F27B824FF0070EB9F1000F00F05981DE
:108C90009AF80050EDB2AA110AF101070ED1039B18
:108CA00005F03F0503EB4505AE8809F1FF391FFAD2
:108CB00089F9BA46E8E7DDF824A0A6E7012A29D118
:108CC000C6F3040305F00302023B134403F01F0341
:108CD000C5F3810263F30406023A02EB561202F076
:108CE0003F02C5F3011562F34A16023D05EBD62596
:108CF00005F01F0502EB8202032111FB05221EFB7A
:108D00000323039A03F03F0302EB430365F3CF26EB
:108D10009E80CAE705F03F05022AABB236D1012199
:108D200012FB051292443A4652451CD094464FF02D
:108D3000030B1CF8021B527841EA0221C1F34510D3
:108D40004FEAD12800EB800001F01F021BFB080056
:108D50001EFB0200039A00F03F0002EB40000E46AB
:108D600081806246E0E799450BD2A5EB0905002D0D
:108D700007EB490700F30982DDF808800123079318
:108D80000CE007EB4507A9EB030990E79945FAD2F8
:108D9000A5EB0905002D1DDCDDF808804FF0000B68
:108DA000B8F1000F40F3A1813B78DBB29A1107F1D3
:108DB000010A40F0D780039A03F03F0302EB43031C
:108DC0009E88019BFF2B40F0E981268008F1FF3847
:108DD0000234BEE0029B029AAB42A8BF2B46A2EB34
:108DE0000308079AED1A002A5AD0019AFF2A04EBC9
:108DF000430349D0BDF804E0BDF82890A34240F2F7
:108E0000A580BC4620881CF8022B797842EA012212
:108E100012B291B24FEA202A0F120AF0F80A1AFB96
:108E200009FA07F0F80707FB0EA74FEAE00AC000AF
:108E3000C9100AF0FC0AD200C0B21AFB09FA10FBF2
:108E400009F001F0FC01D2B2BFB201FB0EA102FB9E
:108E50000E0289B292B2781C00EB172701F1010AC9
:108E6000501C00EB12200AEB112A07F47847C0F3DC
:108E7000C4204FEA5A1A07430AF4FC6A47EA0A0771
:108E800024F8027B6746B9E7A3425FD93A4612F855
:108E9000021B787841EA002124F8021B1746F3E709
:108EA0000199FF2904EB4303B2B244D0BDF804108A
:108EB000BDF828A04FEA22294FEAE20E09F0F8098E
:108EC0000EF0FC0E084609FB01F90EFB01FED10075
:108ED000C9B241439C42BFF461AF228810124FEAED
:108EE000E20C00F0F800D20000FB0A90D2B280B28F
:108EF0000CF0FC0C02FB0A1292B200F1010B0CFB0D
:108F00000AEC1FFA8CFC0BEB102B501C00EB122010
:108F10000CF1010202EB1C2C0BF4784BC0F3C420C3
:108F20004FEA5C1C40EA0B0B0CF4FC6C4BEA0C0B9C
:108F300024F802BBCEE79C42BFF430AF24F8022BEA
:108F4000F9E7DDF8088057464D4627E7002316E786
:108F5000BB44574624E700BFBC390120B639012085
:108F600080010020012A2AD1C6F3040103F0030284
:108F70000239114401F01F01C3F3810061F30406BB
:108F8000023800EB561000F03F00C3F3011360F30A
:108F90004A16023B03EBD62202F01F0300EB8000CF
:108FA000032263F3CF2612FB0303072212FB0133D4
:108FB000039A03F03F0302EB43039E8001E703F0B3
:108FC0003F05A8454746A8BF2F46022A54D1019B1A
:108FD000FF2B1AD00BEB0703402B16DD4FEA4B0992
:108FE00049460098E9F78AF85A46019B00992046BD
:108FF000E9F7AEF8009B1A466C4B9A420CBF6C4BDB
:109000006A4B00934C444FF0000B52460021A9429A
:109010002CDA94464FF003091CF8023B527843EADD
:109020000223C3F345104FEAD32E00EB800003F078
:109030001F0219FB0E004FF0070E1EFB0200039AE1
:1090400000F03F0002EB4000B9421E4683800ADA7E
:10905000019AFF2A15BF009A238022F81B300234A0
:1090600018BF0BF1010B01316246D0E70AEB450A4C
:10907000A8EB0708ED1B6CE7019BFF2BA8EB07088B
:10908000A5EB07051FFA86F927D00BEB0703402B4A
:1090900018DD4FEA4B03194600980C93E9F72EF8B8
:1090A0005A46019B00992046E9F752F80C9B1C4454
:1090B000009B1A463D4B9A420CBF3D4B3B4B0093E5
:1090C0004FF0000B009B03EB4B023B46002B3FF4A1
:1090D0003FAF22F8029B013BF8E704EB4707A742AA
:1090E0007FF637AF24F8029BF9E7BBF1000F0CD0F5
:1090F0004FEA4B0841460098E9F700F82046019BEB
:1091000000995A46E9F724F844442A4B029A1B88EE
:109110009B1A04EB4304069B01330693069A049BB7
:10912000934220D1059B059ABDF84090BDF8385078
:109130000B9803F10108089B53F82270099B3FBA72
:10914000802200211F44A9EB05090CF0BEF9002381
:109150001FFA89F94FF00006CDF814800693E8F75E
:10916000C3FFBA468AE5BDF83C90029BA9EB030910
:10917000A9EB05051FFA85F9F1E70F4B186803689D
:109180001B6B984713B0BDE8F08F029B029AAB426D
:10919000A8BF2B46A2EB0308ED1A26E608F1FF381C
:1091A0001FFA86F9002501276FE700BF8001002024
:1091B00080020020B6390120BC3901202DE9F04F92
:1091C0008FB01C4603929DF86420189B02920F46B4
:1091D000002A00F02881206861680AAA03C2186882
:1091E00059680CAA03C20AA8F7F7FCFB21460CA891
:1091F000F7F73CFCBDF92C60BDF92E50BDF83000EE
:10920000B6F5806FDEBFB3B24FF4806292FBF3F32A
:10921000BDF93220C8BF012392FBF3F11FFA81FC94
:109220000CFB132414FB06F41D4404446146013D69
:10923000A4B295FBF3F521B1039B53F82C301BBA74
:109240001F44BDF82830BDF93490BDF9366018448C
:10925000BDF82A30ADF830001A44744BADF8322016
:1092600018680368DB6A9847714ABDF932101388A1
:10927000BDF930C0099203FB01C100EB410073430B
:10928000ADB200EB4303AD00002C049305F10403E1
:1092900005930CBFC8464FF0000800231FFA88F85A
:1092A0000193049A824240F2B9805BB93A789309FB
:1092B00002F03F0201925A1E022A8DBF7B780137CD
:1092C0009BB2023784B19C4295BF1C1BE41A1FFA63
:1092D00084FAA4B287BFC4464FF0000A1FFA89FC83
:1092E00000245346E046DCE7042215460599019A1E
:1092F00015FB021203998A58434527BFA3EB080ABE
:10930000C646A8EB030C9E464FEA126127BF1FFA20
:109310008AFAA4461FFA8CFCA2464FEA4E0E002998
:1093200066D0FF294FEA122614D1029DFF2D11D1DC
:10933000510926F4FF6601F4FC6126F007060E438E
:10934000C2F3C4021643B6B28644864551D020F813
:10935000026BFAE7029D69434D1C05EB21252D1296
:109360006FEA050BC2F30741ADB2F6B2D2B211FB00
:1093700005F116FB05F612FB05F289B2B6B292B200
:1093800006910796089286445FFA8BFB864530D09B
:1093900002880699161206F0F806D51046EA561607
:1093A00006FB0B1605F0FC050799D20045EA95155A
:1093B00005FB0B15D2B2089942EA5212B6B202FB73
:1093C0000B1292B2711C01EB1626511C01EB1222FA
:1093D000ADB2C2F3C42206F4784616436A1C02EB0F
:1093E00015256D0905F4FC652E4320F8026BCDE7C9
:1093F00070444345FFF475AFBDF82C40099B1FFA3C
:1094000089FCA4EB0C041B88A4B2002CA3EB090379
:1094100018BF4FF0000C00EB430062E7034B1868E5
:1094200003681B6B98470FB0BDE8F08FBC39012073
:10943000B63901202DE9F04F93B01C4605929DF8F6
:10944000742001911C9B0292002A00F02C8120685C
:1094500061680EAA03C21868596810AA03C20EA850
:10946000F7F7C0FA214610A8F7F700FBBDF93C60FA
:10947000BDF93E50BDF84000B6F5806FDEBFB3B217
:109480004FF4806292FBF3F3BDF94220C8BF012381
:1094900092FBF3F11FFA81FC0CFB132414FB06F47E
:1094A0001D4404446146013DA4B295FBF3F531B17E
:1094B000059B019953F82C301BBA19440191BDF852
:1094C0003830BDF944B0BDF946601844BDF83A30B3
:1094D000ADF840001A44754BADF842201868036897
:1094E000DB6A98477249BDF940C00B88BDF942203C
:1094F0000D9103FB02C200EB42007343ADB200EBDF
:109500004303AD0008932B1D0993029BBDF808107F
:109510000691DA43002C0CBFDC464FF0000C002310
:10952000D2B21FFA8CFC03930792089A824240F24F
:10953000B58063B9019B1A78930902F03F02039248
:109540005A1E022A15D8019A013201929BB2B4B177
:109550009C4295BF1C1BE41A1FFA84F8A4B287BF73
:1095600066464FF000081FFA8BF600244346B446C7
:10957000DBE7019A019B02325B780192E7E7032265
:1095800015460999039A15FB02120599634501EBEB
:109590000205029929BFA3EB0C08ACEB03061FFAE6
:1095A00088F8E1462FBF2646B6B29946A046FF2965
:1095B0004AD0069FA978049079430A916978794343
:1095C0000B9105998A5C7A430C92CA46BAF1000F56
:1095D0003DD0049A079F12881512BE4605F0F80583
:1095E0000A9FD11045EA551505FB0E7501F0FC01E7
:1095F0000B9FD20041EA911101FB0E71D2B20C9F78
:1096000042EA5212ADB202FB0E7292B205F1010EA5
:109610000EEB152502F1010E0EEB122289B2C2F3F8
:10962000C42205F4784515434A1C02EB112149096F
:10963000049A01F4FC610D4322F8025B0AF1FF3A3F
:1096400004921FFA8AFAC1E74946864699B96345EA
:1096500000EB49008AD3BDF83C400D9B1FFA8BF606
:10966000A41B1B88A4B2002CA3EB0B0318BF00267D
:1096700000EB43007AE7AA780E4F07EA022A6A78DD
:10968000D20002F4FC624AEA020295F800A0013915
:1096900042EADA022EF8022B89B2D7E7034B1868A8
:1096A00003681B6B984713B0BDE8F08FBC390120ED
:1096B000B639012000F8FFFF2DE9F04F9DB0CDE94C
:1096C00011129DF89C200E921C468346269B002A70
:1096D00000F0E0812068616818AA03C21868596820
:1096E0001AAA03C218A8F7F77DF921461AA8F7F7B6
:1096F000BDF9BDF96430BDF96640BDF96E60B3F5E2
:10970000806FD7BF9AB201224FF4806191FBF2F2D1
:1097100002920298BDF96A2092FBF0F080B20F909D
:10972000029902980F9D0C4405FB102515FB03F5CB
:10973000013CBDF8603094FBF1F4BDF868100D44B5
:109740001944BDF86230ADF868101A44BDF96C30A8
:109750000693B34BADF86A2018680368DB6A984734
:10976000B04BBDF96A101A88BDF96870169302FBF8
:109770000171013400EB4108A4B2564308EB4602E4
:10978000A4000A92221DADB21392A74B069A002D97
:109790000CBF114600210022A3EB0B0389B20D92EE
:1097A00017930F9A0D9B12FA83F3129A02EB83031D
:1097B000043308930A9B434540F26781029ABDF83F
:1097C0006430B5FBF3F3D31A9BB21493089B08984B
:1097D0005A789B78007810901B0243EA0243089A5B
:1097E000D2781343119A01301A440790501C059007
:1097F000527811981202C35C02F4FF721A4393B2BA
:109800000B930023099301230193049300238BF806
:10981000042803934FF0010E002D7CD0AE456BD28F
:109820000A9BA5EB0E054345ADB20C4602D870E08D
:10983000002B5CD1059B049A5B780499C2F1070266
:1098400093405B0003F4FF72059B1B780B410131D1
:10985000C9B20829049105990ABF02310131059165
:10986000DBB20ABF002105910491134310999AB20B
:1098700091420AD38BF8043801230799B1F5007F90
:109880000FD300210193039132E0079B9A4218D332
:10989000019B9BF804185B4483F80418019B013377
:1098A0009BB207999BF804080BEB810108710B9898
:1098B000C8800198013048710799013189B2079138
:1098C000DFE70BEB820311465B7903F60400584493
:1098D000179E0644002E06DD0BEB81010E7900F881
:1098E000016DC988F4E78BF804189BB2C5E70B9AA1
:1098F0000B9221469E468FE7039ABDF818402A44F2
:10990000AEEB050392B29BB2039200250A9A424540
:109910008ED821464EE78E4529BFAEEB0103A1EB61
:109920000E049BB20C912FBF2C46A4B2CDF830E0B0
:109930002B464FF00009039A0C984A44484592B2CE
:1099400074D05A440420054692F80428139815FB55
:109950000202129880585FEA106A14D0BAF1FF0F21
:109960004FEA102512D10E9AFF2A0FD1420925F491
:10997000FF6502F4FC6225F007051543C0F3C4003F
:10998000054328F8195009F10109D4E738F819C03E
:109990004FEAEC0606F0FC0215920E9A02FB0AFA58
:1099A0000AF1010202EB2A224FEA2C2712121FFAB7
:1099B00082FAC0F3074607F0F8074FEACC0CD2430F
:1099C000D2B216FB0AF65FFA8CFC47EA5717C0B210
:1099D00007FB02674CEA5C1C159E10FB0AF00CFBAF
:1099E0000200EDB2BFB215FB0AF580B246EA961648
:1099F00006FB02567A1C451C02EB172705EB1025C7
:109A0000B6B2C5F3C42507F478472F43751C05EBA0
:109A100016256D0905F4FC652F4328F81970B2E787
:109A2000BC390120B6390120FBF7FFFF03920C9AE5
:109A30008E4508EB4208FFF468AF169A0699128823
:109A4000521A08EB4208099A149901328A42099283
:109A500011D1BDF86850BDF86090069BA5EB0905D3
:109A6000ADB2002D08BF19460D9B18BF0021013370
:109A70000D9389B295E6BDF81840BDF864502D1BD2
:109A8000ADB2002D18BF002440E7044B18680368EE
:109A90001B6B98471DB0BDE8F08F00BFBC3901209B
:109AA0002DE9F04F9FB0CDE913129DF8A4200A9242
:109AB0001D460446289B002A00F0FA812868696840
:109AC0001AAA03C2186859681CAA03C21AA8F6F792
:109AD00089FF29461CA8F6F7C9FFBDF96C30BDF90E
:109AE0006E60BDF97670B3F5806FD7BF9AB2012270
:109AF0004FF4806191FBF2F201920198BDF972205E
:109B000092FBF0F080B2109001990198109D0E44E4
:109B100005FB102515FB03F5013EBDF8683096FBEB
:109B2000F1F6BDF870100D441944BDF86A30ADF877
:109B300070101A44BDF974300493964BADF872203E
:109B400018680368DB6A9847934BBDF972101A884E
:109B5000BDF970C0189302FB01C100EB410B5743E4
:109B60000BEB470201360B92149A8C4BB6B202EB08
:109B70008606321D06920A9AD243D2B2ADB215922F
:109B8000049A002D0CBF1146002100221B1B89B234
:109B90000D921993109A0D9B12FA83F3149A02EB0B
:109BA0008303043307930B9B5B4540F27C81019A4E
:109BB000BDF86C30B5FBF3F3D31A9BB21693079B39
:109BC00007985A789B78007811901B0243EA024369
:109BD000079AD2781343139A01301A440590501C07
:109BE0000390527813981202C35C02F4FF721A4376
:109BF00093B20C93002384F8042808931A46BDF806
:109C000028300E934FF00108BDF85430CDF808808D
:109C1000C4460F93002D7CD0AC456CD20B9BA5EBBA
:109C20000C055B45ADB2084602D870E0002B5CD154
:109C3000039B029A5B780299C2F1070293405B0092
:109C400003F4FF72039B1B780B410131C9B2082951
:109C5000029103990ABF023101310391DBB20ABFBD
:109C6000002103910291134311999AB291420AD3B0
:109C700084F8043801230599B1F5007F0FD3002142
:109C80009846009132E0059B9A4218D304EB0803F2
:109C900094F8041883F8041808F101039BB205999D
:109CA00094F8046804EB81010E710C9ECE8008F1DB
:109CB00001064E710599013189B20591DFE704EB88
:109CC000820311465B7903F604062644199F374444
:109CD000002F06DD04EB81010F7906F8017DC988AC
:109CE000F4E784F804189BB2C5E70C9A0C9201467D
:109CF000009A9C468EE75719ACEB0503BAB2BDF843
:109D0000100000929BB200250B9A5A458ED801464E
:109D100049E78C452CBF28462B460A9D27BF099151
:109D2000ACEB0103A1EB0C00CDF824C02CBF9BB21F
:109D300080B2FF2D099D02EB0507BDB200952FD122
:109D40005E46009DAA4240F08480099A8C450BEB48
:109D5000420BD8D3189A04991288521A0BEB420B73
:109D6000089A169901328A42089240F09280BDF812
:109D70007050BDF868C0049BA5EB0C05ADB2002D7A
:109D800008BF19460D9B18BF002101330D9389B2FE
:109D900000E700BFBC390120B6390120FBF7FFFF07
:109DA000D946009DAA42D0D0551C2244179592F85E
:109DB00004E8069A0EEB4E0E72441292129FB9F806
:109DC000002097F802A00E9F16121AFB07FA06F061
:109DD000F8060F9F46EA561606FB07A6129F97F84D
:109DE00001A00E9FD5101AFB07FA05F0FC050F9F86
:109DF00045EA951505FB07A5069F17F80EE00E9F8F
:109E0000D2001EFB07FED2B20F9F42EA5212B6B238
:109E100002FB07E292B2ADB206F1010A0AEB162686
:109E200002F1010E05F1010A0EEB122E0AEB152AC2
:109E300006F47846CEF3C42E4FEA5A1A4EEA0606C6
:109E40000AF4FC6A46EA0A0629F8026BBDF85C20AF
:109E5000A7E702F1010E2244069F92F80458069AE1
:109E600005EB450502EB050A134A9AF8029002EA4F
:109E700009299AF80120D20002F4FC6249EA0202A0
:109E800017F8059042EAD90226F8022B1FFA8EF243
:109E900057E7BDF81000BDF86C502D1AADB2002D7B
:109EA00018BF002030E7054B186803681B6B984704
:109EB0001FB0BDE8F08F00BF00F8FFFFBC390120E4
:109EC0002DE9F04F91B09B460DF128081646BDF9DB
:109ED0006C90B3F90020BDF97070B3F90230ADF8A1
:109EE000282004460D4640465946ADF82A30ADF8C4
:109EF0002C90ADF82E70F0F73FF931464046F0F760
:109F00003BF9744B1888744B1988BDF92830002B25
:109F100002B20EB207DABDF82CC06344ADF82C30A3
:109F20000023ADF82830BDF92830BDF92CC0D21A75
:109F30009445C4BFC21AADF82C20BDF92A20002ACE
:109F400007DABDF82EC06244ADF82E200022ADF82D
:109F50002A20BDF92AA0BDF92E20A6EB0A06B2429E
:109F6000C4BFA1EB0A02ADF82E205C4A1278A2B958
:109F7000BDF92C6086424046039314BF002601269B
:109F8000F0F73DF9039B60B1002323806380A38039
:109F90002046E38011B0BDE8F08FBDF92E608E42FF
:109FA000E9E7BDF92C200592BDF92E200692BBF8F9
:109FB00000200E909B1A1BB20393BBF80230ADF841
:109FC0003C90AAEB030A0FFA8AF30493039BADF8C3
:109FD0003030049BADF83230059BADF834300EA91B
:109FE000069BADF836300CA8ADF83E70F6F73EFD96
:109FF0004046F6F7F7FC0EA8F6F7F4FC384BBDF92F
:10A000003CA01B8807932B68DFF8D8B01B6B284651
:10A010009847BDF83250BDF9303081461AFB053300
:10A02000DBF800001A9D05EB430503685B6B98475E
:10A030000746DBF80000BDF928100368BDF92A20A7
:10A0400009910892DB6B984710F0010FDDE90821B8
:10A0500012D0DBF80000BDF93420036800921E6FB7
:10A0600098E806002B46B047039B2380049B63803F
:10A07000059BA380069B8BE709FB02F202EB4101E3
:10A080000F44BDF9363066B1079A924509D1DBF825
:10A090000000026809FB03F3966B29463A46B04775
:10A0A000E2E70AFB03F3DFF83CB005EB43084FEAB5
:10A0B0004A064545D8D2DBF80000BDF934300268C5
:10A0C0002946D2F838A05B003A46D0474F44354481
:10A0D000EFE700BFB0390120B2390120B4390120C7
:10A0E000B6390120BC390120F0B5064687B00C46D0
:10A0F00017461D4633B30846F0F781F810BB2068B9
:10A1000061681C4C04AB03C304A8F6F76BFC206821
:10A110000368DB6B9847FF2D16D010F0080F2068FE
:10A1200015D000240168BDF81230BDF81020CDE92B
:10A130000254BDF816400194BDF8144000944C6ED2
:10A140003946A04707B0F0BD10F0020FE7E70368FB
:10A15000DB6A9847084B1A883368CDE900750146D9
:10A160005D6A304604ABA847206803681B6B9847BC
:10A17000E8E700BFBC390120B63901202DE9F047DE
:10A180009DF82470089E884614461D46002F00F056
:10A19000A9801846F0F733F8002840F0A380B5F9FD
:10A1A0000010B5F90230B5F90400B5F9065004FB0A
:10A1B000031308EB43016543FF2FA4EB000201EBFF
:10A1C00045054FEA16284AD0BCB2C7F1FF0CC6F3CA
:10A1D000074E5FFA88F7F3B240000EFB04FE6743B8
:10A1E00063434FEA42081FFA8CFCA9427AD201EB82
:10A1F0000009494531D20A881412D61004F0F80437
:10A20000D200D2B244EA541414FB0CF442EA5212C3
:10A21000744412FB0CF2A4B206F0FC061A4492B28B
:10A2200004F1010A46EA96160AEB142416FB0CF612
:10A2300002F1010A3E440AEB1222B6B204F4784459
:10A24000C2F3C4222243741C04EB1626760906F4DA
:10A25000FC66324321F8022BCBE74144C5E7224F8D
:10A26000730908EA070703F4FC633B43C6F3C4061B
:10A270003343E7079BB20BD540005200A94231D2CD
:10A280000C18A14202D221F8023BFAE71144F5E78B
:10A290008E0708D066000A46AA4202D213803244D2
:10A2A000FAE702310138C2070BD500F10042013A4A
:10A2B00001EB42026600AA4202D213803244FAE75E
:10A2C000013878B1401043EA034380006400A9429A
:10A2D00008D20E180A46B24202D242F8043BFAE70C
:10A2E0002144F4E7BDE8F08700F8FF00002212499E
:10A2F0000160C0E90122C0E90322C0E90522C0E9EA
:10A300000722C0E90922C0E90B22C0E90D22C0E9F9
:10A310000F22C0E91122C0E91322C0E91522C0E9C9
:10A320001722C0E91922C0E91B22C0E91D22C0E999
:10A330001F22C0E921227047588102082DE9F04F01
:10A340000D468DB0044608684968994608AB03C3BA
:10A35000106851680AAB03C308A8F6F743FB294607
:10A360000AA8F6F783FBBDF92820BDF92A30BDF80D
:10A370002410634DBDF92C802868BDF92E6011FBB7
:10A38000032104EB8104BDF820100A44ADF8282015
:10A39000BDF822201344ADF82A300368DB6B9847E0
:10A3A000B9F1FF0F19D110F0200F286818D000253F
:10A3B0000168BDF82A30BDF82820CDE90395BDF825
:10A3C00024500295B6B21FFA88F5019600954D6D9E
:10A3D0002146A8470DB0BDE8F08F10F0400FE4E72C
:10A3E0000368DB6A98474749BDF92A200B88BDF905
:10A3F000285003FB025200EB4200734300EB43037F
:10A4000007934FEA480306938A46079B984270D207
:10A41000069B214600EB030B58455DD251F8044BD7
:10A42000230E14D0FF2B4FEA142C12D1B9F1FF0FD9
:10A430000FD163092CF4FF6C03F4FC632CF0070CC0
:10A4400043EA0C0CC4F3C4044CEA04040480023054
:10A45000E2E709FB03F307885A1C02EB23221212DE
:10A460003E1293B2C4F3074E06F0F806D243D2B2BE
:10A47000FD101EFB03FEFF0046EA561606FB02E631
:10A4800005F0FC05FFB25FFA8CFCE4B2B6B21CFB2F
:10A4900003FC45EA951547EA571714FB03F405FB3F
:10A4A00002C506F1010E07FB0247ADB2BFB20EEBCB
:10A4B000162606F4784E05F1010C7E1C06EB1726D5
:10A4C0000CEB1525C6F3C4266D0946EA0E0605F405
:10A4D000FC652E430680BAE7BAF80030BDF9244087
:10A4E000A3EB0803A4EB080400EB430001EB840496
:10A4F0008BE7034B186803681B6B98476AE700BF3C
:10A50000BC390120B63901202DE9F0430C4685B055
:10A51000106851686D4603C518685968164603C52A
:10A520006846F6F75FFA314602A8F6F79FFABDF9DA
:10A530000820BDF90A30BDF80410284D284E2868BF
:10A54000BDF90C70BDF90E8011FB032104EB8104F1
:10A55000BDF800100A44ADF80820BDF802201344ED
:10A56000ADF80A300368DB6A98473388BDF90A20E2
:10A57000BDF90810DFF86CE003FB021200EB4200AB
:10A5800008FB03F300EB43034FEA470C98421DD24C
:10A5900000EB0C0840450FD254F8041B4FEA511948
:10A5A0000EEA112209F4FC6942EA0902C1F3C4016E
:10A5B0000A4320F8022BEDE73288D21B00EB420061
:10A5C000BDF90420D21B04EB8204DFE7286803688E
:10A5D0001B6B984705B0BDE8F08300BFBC39012074
:10A5E000B639012000F8FFFF2DE9F0470E468EB086
:10A5F000044608684968DFF8D881DFF8D8911D461D
:10A600000AAB03C3106851680CAB03C30AA8F6F782
:10A61000E9F931460CA8F6F729FABDF93020BDF961
:10A620003230BDF82C10D8F80000BDF93470BDF9F7
:10A63000366011FB032101EB41010C44BDF82810E9
:10A640000A44ADF83020BDF82A201344ADF832306A
:10A650000368DB6B9847FF2D24D110F0010FD8F869
:10A66000000022D00021D0F800C0BDF83230BDF883
:10A670003020CDE907114FF0010ECDF818E0B9F800
:10A6800000E00395CDE9041EB6B2BDF82C1002918E
:10A69000BFB201960097DCF844502146A8470EB09F
:10A6A000BDE8F08710F0040FD9E70368DB6A98472C
:10A6B000B9F80030BDF93220BDF93010BDF92CC019
:10A6C00003FB0212ACEB070C00EB42005E434FEAC7
:10A6D000470EFF2DA3EB070700EB46060CEB4C0CD7
:10A6E0004FEA470749D0EB431FFA85F9DBB2B04286
:10A6F00066D200EB0E0A5045214604F103045BD2FA
:10A70000028814F8011C4FEA222808F0F80811FB0F
:10A7100009F148EA5818D51008FB031814F8021C70
:10A7200005F0FC0511FB09F145EA951505FB03153C
:10A73000D20014F8031CD2B211FB09F142EA521202
:10A740001FFA88F802FB031292B208F10101ADB2C0
:10A7500001EB1828511C01EB1222691C01EB152595
:10A7600008F47848C2F3C4226D0942EA080205F4ED
:10A77000FC652A4320F8022BBDE7144AB0421FD2E1
:10A7800000EB0E05A842214604F1030410D214F890
:10A79000023C14F8011CDB0002EA012103F4FC6313
:10A7A0000B4314F8031C43EAD10320F8023BE9E70A
:10A7B000384401EB0C04E1E7384401EB0C0496E764
:10A7C000034B186803681B6B984768E700F8FFFFA6
:10A7D000BC390120B6390120F0B41646012E1C46C2
:10A7E0000D46049A9DF814309DF8187012D003D3CA
:10A7F000022E0AD0F0BC70470568CDE90437ED6839
:10A800001346AC462246F0BC604721462846F0BCC1
:10A81000FFF794BD21462846F0BCFFF7E5BE0000D7
:10A820002DE9F04F814693B010689DF870A06D4FF0
:10A83000884651680EAC03C41868596810AC1646B7
:10A8400003C40EA8F6F7CEF8314610A8F6F70EF9B5
:10A85000BDF94020BDF94230BDF83C10624EBDF953
:10A8600044403068BDF9465011FB03218944BDF8CE
:10A8700038100A44ADF84020BDF83A201344ADF832
:10A8800042300368DB6B984710F0800F30681DD0B2
:10A8900000220168BDF84030CDE908220B22079262
:10A8A0003A8806920122CDE904A2BDF83C20039229
:10A8B000A4B2BDF842200092ADB2029501940C6C96
:10A8C00042464946A04713B0BDE8F08F0368DB6AF3
:10A8D00098473B88BDF94220BDF9401003FB0212A6
:10A8E0005D4300EB420000EB45020C92BDF93C20B9
:10A8F000121B0D9262001C1B63000A920B934FF017
:10A90000040E0C9B984266D20A9B00EB030B584541
:10A910005CD219F8013B1EFB03E358F80320110E2B
:10A9200012D0FF294FEA122710D1BAF1FF0F0DD133
:10A93000530927F4FF6703F4FC6327F007071F435D
:10A94000C2F3C4023A4302800230E0E70AFB01F19D
:10A9500006884B1C03EB21233512F4101B12F60062
:10A9600099B2C2F3074C05F0F805F6B2DB43D2B258
:10A97000DBB21CFB01FC45EA551546EA561612FBF4
:10A9800001F205FB03C504F0FC04FFB206FB032241
:10A99000ADB217FB01F792B244EA941404FB0374BE
:10A9A00005F1010C571C0CEB152507EB1227A4B27F
:10A9B000C7F3C42705F478453D43671C07EB14240F
:10A9C000640904F4FC6425430580BDE70B9B18442F
:10A9D0000D9B994495E7044B186803681B6B9847D7
:10A9E00071E700BFB6390120BC3901202DE9F04FD5
:10A9F00087B080469DF840600D461446002E00F05A
:10AA0000B9801068516802AF03C71868596804AF6D
:10AA100003C702A8F5F7E6FF214604A8F6F726F8D3
:10AA2000BDF91020BDF91230BDF80C40BDF916700B
:10AA300014FB032108EB0104BDF80810BDF91480D4
:10AA40000A44ADF81020BDF80A201344ADF81230C6
:10AA50004A4B18680368DB6A9847494BBDF91210E6
:10AA60001A88BDF910C0FF2E02FB01C100EB4100A6
:10AA700002FB07F205F104014FEA480A1D465AD0CD
:10AA8000C6F1FF0E00EB4202B6B21FFA8EFE019332
:10AA900082426AD900EB0A0B834540D914F8013B86
:10AAA000058831F813302F124FEA232C07F0F807EE
:10AAB00017FB0EF74FEAE5090CF0F80CED000CFB64
:10AAC000067C09F0FC09DF10EDB2DB001FFA8CFCFC
:10AAD00019FB0EF907F0FC07DBB215FB0EF507FBBF
:10AAE000069703FB06530CF101099BB209EB1C2CE2
:10AAF0000CF4784903F1010C0CEB132CBFB2CCF32E
:10AB0000C42C4CEA090C07F1010909EB17277F094E
:10AB100007F4FC674CEA070C20F802CBBCE7019B6A
:10AB20001B88A3EB080300EB4300BDF90C30A3EB3B
:10AB300008031C44ACE700EB4202824215D900EB4B
:10AB40000A06864206D914F8013B31F8133020F882
:10AB5000023BF6E72B88A3EB080300EB4300BDF9AB
:10AB60000C30A3EB08031C44E7E7044B18680368A8
:10AB70001B6B984707B0BDE8F08F00BFBC390120C0
:10AB8000B63901202DE9F04F91B080469DF868500C
:10AB90000F461446002D51D010685168DFF800921E
:10ABA0000CAE03C6186859680EAE03C60CA8F5F7BC
:10ABB00019FF21460EA8F5F759FFBDF93820BDF958
:10ABC0003A30BDF83410D9F80000BDF93C60BDF949
:10ABD0003EA011FB032108EB0104BDF83010DFF8A3
:10ABE000C4810A44ADF83820BDF832201344ADF8D2
:10ABF0003A300368DB6B984710F0800FD9F80000FB
:10AC00001FD000220168BDF83830CDE908220B22A0
:10AC10000792B8F8002006920122CDE90452BDF84F
:10AC2000342003921FFA8AF20292B6B2BDF83A209B
:10AC3000009201960D6C3A462146A84711B0BDE836
:10AC4000F08F0368DB6A9847B8F80020BDF93A3006
:10AC5000BDF93810FF2D02FB031300EB43004FEA50
:10AC600046090AFB02FA62D06FEA050C00EB4A03C0
:10AC70000A93ADB25FFA8CFCCDF82C800A9B984207
:10AC800080F0858000EB090B584546D214F801EBA3
:10AC90000323042213FB0E2E07EB0E0A03889AF8F7
:10ACA000028017F80EE0191201F0F80118FB05F800
:10ACB00041EA5111DA1001FB0C81DB009AF80180A6
:10ACC00002F0FC02DBB218FB05F81EFB05FE42EAAF
:10ACD000921243EA531389B202FB0C8203FB0CE38A
:10ACE00092B29BB201F1010808EB112103F1010EB0
:10ACF00002F101080EEB132E08EB122801F4784143
:10AD0000CEF3C42E4FEA58184EEA010108F4FC684D
:10AD100041EA080120F8021BB6E70B9B1B889B1B2E
:10AD200000EB4300BDF934309B1B1C44A6E71B49D4
:10AD300000EB4A0A03220425504528D200EB090CF7
:10AD40006045234619D293F800E012FB0E5E07EB34
:10AD50000E0B17F80EE09BF802309BF801B04FEA9B
:10AD6000CB0B01EA03230BF4FC6B43EA0B0343EA2E
:10AD7000DE03013420F8023BE2E7B8F800309B1B09
:10AD800000EB4300BDF934309B1B1C44D4E7044B5B
:10AD9000186803681B6B984750E700BF00F8FFFF77
:10ADA000BC390120B6390120F0B40C4611469DF89B
:10ADB00014500F784E78012F1A46049B38D01FD3B9
:10ADC000022F4DD1032E4BD8DFE806F002071417EF
:10ADD00004952046F0BCFFF709BEC06F00283FD0A5
:10ADE0000668CDE90435B5681346AC460A462146E7
:10ADF000F0BC6047D0F88000F0E7D0F88400EDE7C1
:10AE0000032E2DD8DFE806F002070E110495204628
:10AE1000F0BCFFF705BDC06F10B30668CDE904357F
:10AE2000F568E1E7D0F88000F6E7D0F88400F3E7B2
:10AE3000032E15D8DFE806F002070E110495204610
:10AE4000F0BCFFF79FBEC06F50B10668CDE9043576
:10AE50003569C9E7D0F88000F6E7D0F88400F3E759
:10AE6000F0BC70472DE9F04F044687B010689DF89C
:10AE700040A0DFF838920E46516802AD03C518684D
:10AE8000596804AD174603C502A8F5F7ABFD39466E
:10AE900004A8F5F7EBFDBDF91020BDF91230BDF89F
:10AEA0000C10BDF91480BDF9165011FB032104EB01
:10AEB00041040E44BDF808100A44ADF81020BDF856
:10AEC0000A201344ADF81230774B18680368DB6A28
:10AED0009847B9F800B0BDF91230BDF910200BFB4E
:10AEE000032300EB4300BAF1FF0F4FEA480305FBD1
:10AEF0000BF5009369D000EB450B584580F0CC80F2
:10AF0000009BC31801933146019B98424FD211F820
:10AF1000012B002A48D00AFB02F2531C03EB122338
:10AF20001B1241D00288B4F800C09EB21512DB4358
:10AF3000DBB24FEA2C2705F0F80515FB03F54FEAC5
:10AF4000E20E07F0F807D20007FB06570EF0FC0EE2
:10AF50004FEAEC05D2B24FEACC0CBFB21EFB03FEA7
:10AF600005F0FC055FFA8CFC12FB03F205FB06E51D
:10AF70000CFB062C07F1010E1FFA8CFC0EEB1727B9
:10AF800007F4784E0CF1010707EB1C27ADB2C7F3AD
:10AF9000C42747EA0E0705F1010E0EEB15256D09D2
:10AFA00005F4FC652F43078002300234ACE7B9F8A2
:10AFB0000030BDF90C60A3EB0803A6EB080604EB18
:10AFC000460400EB43000E4497E700EB4505A8421A
:10AFD00062D2009B314600EB030B58454ED211F86C
:10AFE000013B2BB1FF2BB4F800E004D1A0F800E046
:10AFF00002300234F1E702889FB21612DB43DBB263
:10B000004FEA2E2C06F0F80616FB03F64FEAE20A8A
:10B010000CF0F80CD2000CFB076CD2B24FEAEE0633
:10B020000AF0FC0A4FEACE0E1AFB03FA1FFA8CFC58
:10B0300012FB03F306F0FC065FFA8EFE06FB07A682
:10B040000CF101020EFB0733B6B29BB202EB1C2CD3
:10B050000CF4784206F1010A03F1010C0CEB132CFD
:10B060000AEB1626CCF3C42C76094CEA020C06F443
:10B07000FC664CEA060CA0F800C0B9E7B9F800304D
:10B08000BDF90C60A3EB0803A6EB080604EB46042D
:10B0900000EB43000E449AE7034B186803681B6BF0
:10B0A000984707B0BDE8F08FBC390120B6390120C0
:10B0B0002DE9F04F89B007469DF84C60129C8846F8
:10B0C00092469946002E48D00846FAF71DF80546E4
:10B0D0004046FAF74DF8ADF80E004046ADF808A02E
:10B0E000ADF80C50ADF80A90FAF700F90546404665
:10B0F000FAF72CF982464046FAF77CF910282CD84A
:10B10000DFE810F0CA00BA0011002B002B002B0062
:10B110002B002B002B002B002B00C1002B002B0041
:10B1200080012B007301BC4B18680368DB6B9847E8
:10B13000FF2E01D1830606D53346224602A92846B2
:10B14000FFF7FCF809E04046FAF798F840B92346C3
:10B1500002AA29463846FFF7D7F909B0BDE8F08FB3
:10B160000DF1180941464846FAF736F899E8030008
:10B170000DF1100888E8030040462146EEF7FCFF79
:10B180004046EFF73CF80028D6D1BDF91230B4F9AB
:10B190000220934212DD9B1AB4F90000B4F90410A6
:10B1A000ADF81800ADF81A20ADF81C10ADF81E303F
:10B1B0004A46334602A92846FFF7C0F8BDF91030C9
:10B1C000B4F90020934212DD9B1ABDF91200BDF9BB
:10B1D0001610ADF81820ADF81A00ADF81C30ADF817
:10B1E0001E10FF234A4602A92846FFF7A7F8434648
:10B1F00002AA29463846FFF787F9A2882388BDF8B6
:10B2000014101344BDF810200A449BB292B211B23C
:10B2100018B2884212DD9B1ABDF91600BDF9126002
:10B22000ADF81810ADF81C30ADF81E00FF234A46EB
:10B2300002A92846ADF81A60FFF780F8E288638813
:10B24000BDF816101344BDF812200A449BB292B206
:10B2500011B218B2884280DD9B1AB4F90060B4F9CB
:10B260000400ADF81E30ADF81860ADF81A10ADF856
:10B270001C00FF234A4661E73346224602A92846BE
:10B28000FFF7B2F969E7CDE9004602AB524629461D
:10B290003846FFF789FD60E74046F9F7EFFF48B908
:10B2A0003B68CDE9006002AADE682946234638469D
:10B2B000B04752E70DF1180941464846F9F78CFFAF
:10B2C00099E803000DF1100888E803004046214684
:10B2D000EEF752FF4046EEF792FF38B10096234654
:10B2E00002AA51462846FFF7BDFD36E73B68CDE987
:10B2F000006002AAD3F80CB0294643463846D84726
:10B30000BDF91230B4F90220934213DDB4F9000004
:10B31000B4F90410ADF818009B1AADF81A20ADF876
:10B320001C10ADF81E3000964B4602AA5146284626
:10B33000FFF798FDBDF91030B4F90020934213DDFA
:10B340009B1ABDF91200BDF91610ADF81820ADF822
:10B350001A00ADF81C30ADF81E1000964B4602AA3C
:10B3600051462846FFF77EFDA2882388BDF81410B9
:10B370001344BDF810200A449BB292B211B218B225
:10B38000884213DD9B1ABDF91600BDF91270ADF8A5
:10B390001810ADF81C30ADF81E0000964B4602AAFE
:10B3A00051462846ADF81A70FFF75CFDE2886388C5
:10B3B000BDF816101344BDF812200A449BB292B295
:10B3C00011B218B288427FF7C8AEB4F90070B4F970
:10B3D0000400ADF818709B1AADF81E30ADF81A10C5
:10B3E000ADF81C0000964B467AE7D7F88800002895
:10B3F0003FF4B3AE03680096DE68234602AA2946EE
:10B40000B047AAE6D7F8880000283FF4A6AE036844
:10B4100000969E68F1E700BFBC39012080B1032986
:10B420001CD8DFE801F0021D081F104B1888C0F37C
:10B430000E00404270470D4B1888C0F30E00704755
:10B4400003290BD801A353F821F000BF61B4010810
:10B4500037B4010865B401082BB401080020704717
:10B46000012070474FF0FF30704700BFB639012010
:10B4700080B103291CD8DFE801F01D021F07104B23
:10B480001888C0F30E0070470D4B1888C0F30E00EB
:10B490004042704703290BD801A353F821F000BFA5
:10B4A0007FB40108B9B4010889B40108B5B4010832
:10B4B00000207047012070474FF0FF30704700BFF9
:10B4C000B63901202DE9F04F99B00D9114A981E80A
:10B4D0000C00BDF98C300B93DDE926219DF8A430DA
:10B4E00010939DF8AC3008939DF8B03009934B7BD6
:10B4F000BDF98840BDF89050BDF89460289FDDF8F4
:10B50000A8909DF8B4A04FEA431808F4807091F811
:10B51000068058EA000800F0CE811B01C87903F4C8
:10B52000807303430C9300F0C68191F909309BB2FC
:10B53000002D00F02C81ED1AADB2290402D5641B58
:10B5400024B20025B2F900009188844283B2B8BFCA
:10B55000ED180B441BB20A93D388528813441BB2D4
:10B560000F930C9B0E93B8BF2C1BB54B0B9A93F803
:10B5700000B0BCBFA5B204465346214614A8F5F757
:10B58000A6F82146ADF85C0053460B9A14A8F5F7CF
:10B59000BBF818A921F8020D17A8F5F7E1F9BAF1DF
:10B5A000000F40F0F780BBF1010F40F0FB80109BD3
:10B5B000002B40F0A8811FFA88F205B95EB1089807
:10B5C00006FB02534343314607EBD30703F007065C
:10B5D0000C9B5B1A0E930BF1FF314B424B4118460B
:10B5E00051460C93FFF71AFF0C9B83461846FFF752
:10B5F0003FFF0F9903460B98A1EB000A0E998A456D
:10B60000A8BF8A46BAF1000F40F355810A99641B1E
:10B610000C1B4445D4BFC5EB0405C5EB0805002D44
:10B6200040F349810899521B4A430E920D9A002A11
:10B6300040F07581834A0A9310680268D26A904785
:10B640000A9B089901228A40013A7F49D2B20C88AC
:10B650000C92BDF95C10BDF95E2004FB021200EBF8
:10B6600042024FEA19240A92C9F307421292E2B247
:10B6700011925FFA89F21092744A4FEA591101F45B
:10B68000FC6122400A43C9F3C40942EA09024FEAB5
:10B690004B0192B205FB1B3B0F920B463A780B9184
:10B6A0006B43324103EB4B03D2B213931AF1FF3ACF
:10B6B000C0F04981DDF82880A94619F1FF39C0F0B2
:10B6C00032810C9B134054D0FF200C9990FBF1F178
:10B6D0004B43FE2B03DD0999814200F02281099939
:10B6E000B8F80040129811FB03F39BB2591C01EB10
:10B6F0001323C3F307231FFA83FE211210FB0EFB53
:10B7000001F0F8011198DB43DBB241EA511101FB72
:10B7100003B14FEAE40C10FB0EFBE4001098E4B216
:10B7200044EA541410FB0EFE04FB03E40CF0FC0C82
:10B7300089B2A4B24CEA9C1C0CFB03BC4B1C04F168
:10B74000010B03EB11210BEB142B1FFA8CFCCBF339
:10B75000C42B01F478414BEA01010CF1010B0BEB16
:10B760001C2B4FEA5B1B0BF4FC6B41EA0B01A8F8A6
:10B770000010089B1E44B6B2072E98BF1A410B9BBF
:10B7800089BF7A78D2B201370026984495E71C44E5
:10B7900024B2D7E6BAF1010F7FF409AFBBF1010F74
:10B7A0007FF405AF0F9B0B9A991A0C9B9B1B994238
:10B7B000A8BF1946002912917DDD224A1192106816
:10B7C0000368DB6B984710F48073129906D0089BCE
:10B7D000042B33D1109B003318BF012382051FFABD
:10B7E00088FC40F1B9800898082840F0B580002B0B
:10B7F00064D00CF1010C2CF001039BB245BB0A9AFA
:10B8000008EB0400904223DC119ABDF85EE010685A
:10B81000BDF85C20046806954FF480750595099D78
:10B82000029389B2CDE90031CDE903954FEA5C0C72
:10B83000A46D734606FB0C71A0473CE00023CDE7E6
:10B84000B4390120BC390120B639012000F8FF00CD
:10B850000A9AA4EB050EA2EB0E0EC645D4BFC5EBAB
:10B860000E0EC5EB080EBEF1000F24D0E8073FF521
:10B870009EAE1EF001007FF49AAE119ABDF85E8074
:10B880001468BDF85C206D084FEA5C0C06FB0C5692
:10B89000256806904FF48070059009980293CDE9D1
:10B8A000039089B21FFA8EF301910093AD6D434668
:10B8B000B9192046A84719B0BDE8F08F284ABDF84D
:10B8C0005EE01068BDF85C20D0F800A006934FF44D
:10B8D00000730593099BCDF808C0CDE903930A9B3B
:10B8E000641B1C1B06FB08564445D4BFC5EB04056E
:10B8F000C5EB080589B2ADB201910095DAF8584060
:10B900007346B91998E70822089B92FBF3F35A1E75
:10B91000424492FBF3F212FB03F292B24DE60D9811
:10B920008FE60F9923E70E9B43B11E44B6B207EB97
:10B93000D60706F007063A783241D2B20A99139B2D
:10B9400019440A91B2E60D9B002BB4D1044B186840
:10B9500003681B6B9847AEE7002B7FF44AAF26E6DF
:10B96000BC39012038B5154C2378BFF35B8FDA075B
:10B9700005460BD4204608F067FC38B1204608F095
:10B980006FFC0F4A0F49104808F057FC0F4C237802
:10B99000BFF35B8FDB070BD4204608F055FC38B1B2
:10B9A000204608F05DFC064A09490A4808F045FCB3
:10B9B000054B6B61074BAB6138BD00BFA03A01205E
:10B9C000000000206D7A0108D4000020A43A012074
:10B9D0006B7A0108D800002038B5154C2378BFF3E6
:10B9E0005B8FDA0705460BD4204608F02DFC38B1F2
:10B9F000204608F035FC0F4A0F49104808F01DFC9E
:10BA00000F4C2378BFF35B8FDB070BD4204608F085
:10BA10001BFC38B1204608F023FC064A09490A48B5
:10BA200008F00BFC054BEB60074B2B6138BD00BFEA
:10BA3000783A012000000020717A0108AC00002053
:10BA40007C3A01206F7A0108B000002010B504464E
:10BA5000FFF788FF2046BDE81040FFF7BDBF00009C
:10BA600038B5154C2378BFF35B8FDA0705460BD446
:10BA7000204608F0E9FB38B1204608F0F1FB0F4AF8
:10BA80000F49104808F0D9FB0F4C2378BFF35B8FA8
:10BA9000DB070BD4204608F0D7FB38B1204608F06E
:10BAA000DFFB064A09490A4808F0C7FB054B6B62F1
:10BAB000074BAB6238BD00BFA83A01200000002050
:10BAC000657A0108DC000020AC3A0120637A0108A5
:10BAD000E000002038B5154C2378BFF35B8FDA0700
:10BAE00005460BD4204608F0AFFB38B1204608F0DD
:10BAF000B7FB0F4A0F49104808F09FFB0F4C237803
:10BB0000BFF35B8FDB070BD4204608F09DFB38B1F9
:10BB1000204608F0A5FB064A09490A4808F08DFBB3
:10BB2000054BEB61074B2B6238BD00BF803A01200B
:10BB300000000020697A0108B4000020843A012046
:10BB4000677A0108B800002010B50446FFF788FFA7
:10BB50002046BDE81040FFF7BDBF000038B5154CCA
:10BB60002378BFF35B8FDA0705460BD4204608F035
:10BB70006BFB38B1204608F073FB0F4A0F491048A1
:10BB800008F05BFB0F4C2378BFF35B8FDB070BD414
:10BB9000204608F059FB38B1204608F061FB064A00
:10BBA00009490A4808F049FB054B6B63074BAB6337
:10BBB00038BD00BFB83A0120000000205D7A0108BE
:10BBC000EC000020BC3A01205B7A0108F000002064
:10BBD00038B5154C2378BFF35B8FDA0705460BD4D5
:10BBE000204608F031FB38B1204608F039FB0F4AF7
:10BBF0000F49104808F021FB0F4C2378BFF35B8FEF
:10BC0000DB070BD4204608F01FFB38B1204608F0B4
:10BC100027FB064A09490A4808F00FFB054BEB626F
:10BC2000074B2B6338BD00BF883A0120000000207D
:10BC3000617A0108BC0000208C3A01205F7A01087B
:10BC4000C000002010B50446FFF788FF2046BDE87D
:10BC50001040FFF7BDBF000038B5154C2378BFF387
:10BC60005B8FDA0705460BD4204608F0EDFA38B1B1
:10BC7000204608F0F5FA0F4A0F49104808F0DDFA9F
:10BC80000F4C2378BFF35B8FDB070BD4204608F003
:10BC9000DBFA38B1204608F0E3FA064A09490A48B7
:10BCA00008F0CBFA054B6B65074BAB6538BD00BFA1
:10BCB000C03A0120000000204D7A0108F400002065
:10BCC000C43A01204B7A0108F800002038B5154C21
:10BCD0002378BFF35B8FDA0705460BD4204608F0C4
:10BCE000B3FA38B1204608F0BBFA0F4A0F491048A2
:10BCF00008F0A3FA0F4C2378BFF35B8FDB070BD45C
:10BD0000204608F0A1FA38B1204608F0A9FA064A00
:10BD100009490A4808F091FA054BEB64074B2B657B
:10BD200038BD00BFC83A012000000020517A010848
:10BD3000FC000020CC3A01204F7A010800010020CD
:10BD400038B5154C2378BFF35B8FDA0705460BD463
:10BD5000204608F079FA38B1204608F081FA0F4AF7
:10BD60000F49104808F069FA0F4C2378BFF35B8F36
:10BD7000DB070BD4204608F067FA38B1204608F0FC
:10BD80006FFA064A09490A4808F057FA054B6B64EE
:10BD9000074BAB6438BD00BF903A01200000002083
:10BDA000557A0108C4000020943A0120537A010812
:10BDB000C800002038B5154C2378BFF35B8FDA0735
:10BDC00005460BD4204608F03FFA38B1204608F06B
:10BDD00047FA0F4A0F49104808F02FFA0F4C237802
:10BDE000BFF35B8FDB070BD4204608F02DFA38B188
:10BDF000204608F035FA064A09490A4808F01DFAB3
:10BE0000054BEB63074B2B6438BD00BFB03A0120F4
:10BE100000000020597A0108E4000020B43A012013
:10BE2000577A0108E800002010B50446FFF714FF18
:10BE30002046FFF785FF2046FFF748FF2046BDE874
:10BE40001040FFF7B7BF000038B5154C2378BFF39B
:10BE50005B8FDA0705460BD4204608F0F5F938B1B8
:10BE6000204608F0FDF90F4A0F49104808F0E5F99F
:10BE70000F4C2378BFF35B8FDB070BD4204608F011
:10BE8000E3F938B1204608F0EBF9064A09490A48B7
:10BE900008F0D3F9054B6B66074BAB6638BD00BFA6
:10BEA000983A012000000020457A0108CC000020CB
:10BEB0009C3A0120437A0108D000002038B5154C87
:10BEC0002378BFF35B8FDA0705460BD4204608F0D2
:10BED000BBF938B1204608F0C3F90F4A0F491048A2
:10BEE00008F0ABF90F4C2378BFF35B8FDB070BD463
:10BEF000204608F0A9F938B1204608F0B1F9064A01
:10BF000009490A4808F099F9054BEB65074B2B6680
:10BF100038BD00BF703A012000000020497A0108B6
:10BF2000A4000020743A0120477A0108A8000020EC
:10BF300010B50446FFF788FF2046BDE81040FFF724
:10BF4000BDBF000038B5154C2378BFF35B8FDA070F
:10BF500005460BD4204608F077F938B1204608F0A2
:10BF60007FF90F4A0F49104808F067F90F4C237802
:10BF7000BFF35B8FDB070BD4204608F065F938B1BF
:10BF8000204608F06DF9064A09490A4808F055F9B3
:10BF9000054B6B67074BAB6738BD00BF683A0120A4
:10BFA000000000203D7A01089C0000206C3A01202E
:10BFB0003B7A0108A000002038B5154C2378BFF368
:10BFC0005B8FDA0705460BD4204608F03DF938B1FF
:10BFD000204608F045F90F4A0F49104808F02DF99E
:10BFE0000F4C2378BFF35B8FDB070BD4204608F0A0
:10BFF0002BF938B1204608F033F9064A09490A48B6
:10C0000008F01BF9054BEB66074B2B6738BD00BFEB
:10C01000603A012000000020417A010894000020CD
:10C02000643A01203F7A01089800002010B50446C8
:10C03000FFF788FF2046BDE81040FFF7BDBF10B5F1
:10C040000446FFF7F3FF2046FFF772FF2046FFF795
:10C05000F9FD2046FFF7FAFC2046FFF775FD204664
:10C06000BDE81040FFF7E0BE38B50B4C2378BFF3B6
:10C070005B8FDB0705460BD4204608F0E5F838B1A6
:10C08000204608F0EDF8054A0549064808F0D5F8BD
:10C09000044BEB6738BD00BF543A0120000000207C
:10C0A000397A01088C00002038B50B4C2378BFF397
:10C0B0005B8FDB0705460BD4204608F0C5F838B186
:10C0C000204608F0CDF8054A0549064808F0B5F8BD
:10C0D000044BC5F8803038BD583A012000000020DC
:10C0E000377A01089000002070B50D4D0D4C2B786B
:10C0F000BFF35B8F13F0010F06460DD1284608F001
:10C10000A3F848B1084B2360284608F0A9F8074A6D
:10C110000749204608F091F8C6F8844070BD00BF7A
:10C120005C3A0120D43B0120F47E0208000000208C
:10C13000357A010810B50446FFF796FF2046FFF751
:10C14000B3FF2046BDE81040FFF7CEBF70B50D4DE0
:10C150000D4C2B78BFF35B8F13F0010F06460DD10A
:10C16000284608F071F848B1084B2360284608F0CB
:10C1700077F8074A0749204608F05FF8C6F8884074
:10C1800070BD00BF503A0120D03A0120107F020854
:10C1900000000020337A01082DE9F04FDDE90B455E
:10C1A000BDF924E0BDF928B09DF834909DF83870B1
:10C1B0009DF83C60088805FB0E4C002D02EB0C0A34
:10C1C000C0F2B080AB4540F3AD80002CC0F2A88037
:10C1D000A64540F3A58012F80C2033F81280621CAB
:10C1E00000F1A380964540F3A080B9F1000F00F064
:10C1F0009C809AF8012033F812C0013500F1998033
:10C20000AB4540F39680002F00F09380002CC0F2E5
:10C210008E80A64540F38B801AF80E2033F812501A
:10C22000013400F18980A64540F38680B9F1000F02
:10C2300000F08280D6449EF8012033F812304FEA95
:10C24000084404F0FC6428F4FC6819FB07FE44EA87
:10C2500008084FEA0C44CEF3C70EC7F1100204F0F1
:10C26000FC642CF4FC6C44EA0C0CA2EB0902CEEB4F
:10C2700049040EEB420204FB0CF402FB08481A04CA
:10C2800002F0FC6223F4FC6313432A0402F0FC6214
:10C2900025F4FC650EFB03832A43CEEB470707FB1F
:10C2A0000232530D520903F4FC6322F4FC621A4378
:10C2B00093B2B4B20212F643F6B21D1202F0F802C3
:10C2C00012FB06F2C71005F0F805C00005FB0425B7
:10C2D000C0B2DA10DB00DBB207F0FC0710FB06F09F
:10C2E000ADB203FB040002F0FC0217FB06F780B2BC
:10C2F0006B1C02FB047292B203EB1525431C03EB8B
:10C300001023501C00EB122205F47845C3F3C4231C
:10C3100052092B4302F4FC6213430B80BDE8F08FFB
:10C3200080465CE78446804667E7844665E70546C5
:10C3300076E70346054682E7034680E72DE9F04F9E
:10C3400099B0DDE923A515920993279A9DF8AC30A1
:10C350000D930C91DDE9281316905068126800FBCC
:10C36000031302EB43082A9B1B680B932A9B5E680E
:10C370000D9BDB43DBB204360A930C9B002B03DCE2
:10C38000159B002B40F325822A9BB3F90810B3F9C3
:10C390000C20481E571E099B002B40F3E3805FEAE8
:10C3A0002A4C4FEA254306D4844504DA002B02DBED
:10C3B000BB42C0F2D8801CF1010C00F1C98061457C
:10C3C000C0F2C680013300F1C3809A42C0F2C0803F
:10C3D000DDF824B04746BBF1000F40F3E3802A9A12
:10C3E0002A9BD2F80CE09B685FEA2A424FEA254C70
:10C3F000CAF30330C5F3033100F1218103F1FF39A2
:10C400004A4580F21C81BCF1000FC0F218810EF188
:10C41000FF39CC4580F213811BB20CFB03220B9C2D
:10C4200004EB0209A25C36F812E0002800F0FE805E
:10C4300099F8012036F81220119251B109EB03024C
:10C4400019F8033036F813300F93537836F8133059
:10C450001293119B129C4FEA034C0CF0FC6C23F4DA
:10C46000FC634CEA030C129B1B0410FB01F224F446
:10C47000FC6403F0FC63D2102343C2EB4009534336
:10C4800009FB0C334FEA0E4C0CF0FC6C2EF4FC6EE6
:10C490004CEA0E0EC1F1100CACEB000C02EB4C0C94
:10C4A0000CFB0E3C0F9B0A9C180400F0FC6023F46C
:10C4B000FC631843C2EB410202FB00C2530D520958
:10C4C000388803F4FC6322F4FC621A4392B201122E
:10C4D000BDF834304FEA222C01F0F80111FB04F1D1
:10C4E0004FEAE00E0CF0F80CC0000CFB031C0EF041
:10C4F000FC0ED110C0B2D200D2B201F0FC011EFB82
:10C5000004FE10FB04F01FFA8CFC01FB03E102FBAC
:10C5100003039AB20CF1010389B203EB1C2C531CE8
:10C5200003EB12234A1C02EB11210CF4784CC3F3E9
:10C53000C423490943EA0C0301F4FC610B433B802B
:10C54000259B9A44269B02371D440BF1FF3B42E793
:10C55000259B9A44269B1D44099B013B099308F1A6
:10C56000020818E723D0099B2598013B00FB03A094
:10C5700000143FF52DAF01398842BFF629AF269947
:10C5800001FB03531B143FF523AF013A9342BFF65F
:10C590001FAFDDF824E0BDF83490CDF83880BEF14F
:10C5A000000F6CDC099B23EAE37408EB44080C9B46
:10C5B000002B40F30E8130EE040AB7EE007AC7EE8E
:10C5C000007A229B70EEA40A31EE051A20EEA77ABB
:10C5D000F0EE626A61EE277AFEEEC86A77EE622AB2
:10C5E00016EE90AAFEEEC82AF0EE436A37EEC33A82
:10C5F00012EE902ABEEEC83A92FBF3F313EE102A25
:10C600002593229B92FBF3F326930C9B159A013BF7
:10C61000FEEEC86A0C93229B08BF134616EE905A92
:10C620000993B0EE673AF0EE472AA6E600293FF4F8
:10C6300010AF19F8033036F813300F9309E712F1F1
:10C6400001093FF57DAF4B45FFF67AAF1CF10109BB
:10C650003FF576AFCE45FFF673AF0D9C02921BB24D
:10C660000FFA8EF2CDE90514CDE903C001920093D3
:10C670000B9A169833463946FFF78EFD60E72A9BE2
:10C680000B9CB3F908304FEA2A42291403FB01211D
:10C690000B9A0A44615CCAF3033CC5F3033036F8D5
:10C6A0001110BCF1000F00F08C80577836F817405D
:10C6B000139440B1D718D35C36F8133010937B78BD
:10C6C00036F813301493139B149C1CFB00F21F04C8
:10C6D000D21023F4FC6307F0FC671F43C2EB4C034A
:10C6E0001793149B1B0424F4FC6B03F0FC6343EAD4
:10C6F0000B03179C53434FEA014B04FB073721F40C
:10C70000FC610BF0FC6343EA010BC0F11001109BCC
:10C710000A9CA1EB0C0C02EB4C0C0CFB0B774FEAC8
:10C72000034C23F4FC6B0CF0FC6CC2EB40024CEAB3
:10C730000B0C02FB0C770E9A790D7F09128801F41D
:10C74000FC6127F4FC670F43BBB21112181201F011
:10C75000F80111FB04F1D71000F0F800D20000FB43
:10C76000091007F0FC07D910D2B2DB0017FB04F761
:10C7700012FB04F201F0FC01DBB280B201FB097193
:10C7800003FB09239BB289B2421C02EB10204F1C11
:10C790005A1C02EB132207EB112100F47840C2F37C
:10C7A000C42249090E9B104301F4FC61084323F89D
:10C7B000020B0E93259B9A44269B0EF1FF3E1D44CF
:10C7C000EDE600283FF47FAFD35C36F813301093CA
:10C7D00079E719B0BDE8F08F2DE9F047DDE90A48A7
:10C7E000BDF920E0BDF924A09DF830509DF83460DB
:10C7F000088808FB0E47B8F1000F02EB070967DB5A
:10C80000C24565DD002C61DBA6455FDDD25D33F8F6
:10C8100012C0621C5FD496455DDD002D5BD099F897
:10C82000012033F8127018F1010858D4C24556DDC2
:10C83000002E54D0002C50DBA6454EDD19F80E20FA
:10C8400033F81220013407D4A64505DD25B1CE44C6
:10C850009EF8010033F810004FEA0C4315FB06F474
:10C8600003F0FC634FEA074E2CF4FC6CC4F3C704DE
:10C8700043EA0C0C0EF0FC6EC6F1100327F4FC67C3
:10C880005B1B4EEA0707C4EB450504EB43037D43FE
:10C8900003FB0C5C030403F0FC6320F4FC6018430E
:10C8A000130403F0FC6322F4FC62134304FB00C096
:10C8B000C4EB460606FB0300430D400903F4FC638A
:10C8C00020F4FC6018430880BDE8F0878446A0E7A8
:10C8D00007468446A7E70746A5E70246B2E70246B1
:10C8E000BAE72DE9F04F93B0DDE91D460F92219A8A
:10C8F00008910693DDE9221310905068126800FB3E
:10C90000031302EB4309249B1B680793249B5F6876
:10C91000F7EE006A0437089B002B03DC0F9B002B0B
:10C9200040F3B281249BB3F90810B3F90C20481EE0
:10C9300002F1FF3C069B002B40F3A9805FEA244EE6
:10C940004FEA264306D4864504DA002B02DB634512
:10C95000C0F29E801EF1010E00F18F807145C0F281
:10C960008C80013300F189809A42C0F28680DDF824
:10C9700018B0C846BBF1000F40F3A680249A249B50
:10C98000D2F80CE09B6822144FEA264CC4F3033023
:10C99000C6F3033100F1E38003F1FF3A524580F220
:10C9A000DE80BCF1000FC0F2DA800EF1FF3AD44510
:10C9B00080F2D5801BB20CFB0322079D05EB020A17
:10C9C000AA5C37F812E0002800F0C0809AF8012035
:10C9D00037F812200B9251B10AEB03021AF8033018
:10C9E00037F813300993537837F813300C930B9BB7
:10C9F0000C9D4FEA034C0CF0FC6C23F4FC634CEAF6
:10CA0000030C0C9B1B0410FB01F203F0FC6325F4E8
:10CA1000FC65D2102B43C2EB400A53430AFB0C3394
:10CA20004FEA0E4C0CF0FC6C2EF4FC6E4CEA0E0E31
:10CA3000C1F1100CACEB000C02EB4C0C0CFB0E3CEF
:10CA4000099B180400F0FC6023F4FC631843C2EB5C
:10CA5000410202FB00C2530D520903F4FC6322F4AD
:10CA6000FC621A43A8F800201F9B1C44209B08F17D
:10CA700002081E440BF1FF3B7CE71F9B1C44209BDC
:10CA80001E44069B013B069309F1020952E720D0A0
:10CA9000069B1F98013B00FB034000143FF567AF66
:10CAA00001398842BFF663AF209901FB03631B1471
:10CAB0003FF55DAF013A9342BFF659AFDDF81880FC
:10CAC000CA46B8F1000F67DC069B23EAE37509EB61
:10CAD0004509089B002B40F3D78030EE040A70EE26
:10CAE000A40AC6EE807A1C9B31EE051A20EEA77AC6
:10CAF000B0EE626A61EE277ABEEEC86A77EE622A0D
:10CB000016EE104AFEEEC82AB0EE436A37EEC33A7C
:10CB100012EE902ABEEEC83A92FBF3F313EE102AFF
:10CB20001F931C9B92FBF3F32093089B0F9A013BEE
:10CB3000BEEEC86A08931C9B08BF134616EE106A27
:10CB40000693B0EE673AF0EE472AE4E600293FF498
:10CB50004EAF1AF8033037F81330099347E712F154
:10CB6000010A81D45345FFF67FAF1CF1010A3FF55E
:10CB70007BAFD645FFF678AFCDE9022C1BB20FFA9A
:10CB80008EF2CDE9040101920093079A10983B467A
:10CB90004146FFF721FE67E7249B079DB3F9083064
:10CBA0002214311403FB0121079A0A44695CC4F37F
:10CBB000033EC6F3033037F81110BEF1000F5CD00E
:10CBC00092F801C037F81C500D9550B102EB030CE0
:10CBD000D35C37F813300A939CF8013037F81330E0
:10CBE0000E930D9B0E9D1EFB00F24FEA034CD210DC
:10CBF00023F4FC630CF0FC6C4CEA030CC2EB4E0318
:10CC000011930E9B1B0425F4FC6B03F0FC6343EAB9
:10CC10000B03119D53434FEA014B05FB0C3C21F4E0
:10CC2000FC610BF0FC6343EA010BC0F110010A9BAD
:10CC3000A1EB0E0E02EB4E0E0EFB0BCC4FEA034B9C
:10CC400023F4FC6E0BF0FC6B4BEA0E0EC2EB4002C1
:10CC500002FB0ECC4FEA5C534FEA5C1C03F4FC630E
:10CC60002CF4FC6C43EA0C0C1F9B2AF802CB1C44EE
:10CC7000209B08F1FF381E4423E70028B1D0D35C85
:10CC800037F813300A93ACE713B0BDE8F08F2DE905
:10CC9000F04F0D8887B0EF104FEA252A07F0FC0708
:10CCA000ED000197EDB20295019D0391DDE91206B9
:10CCB000BDF940900299BDF944B09DF850409DF8EF
:10CCC00054E09DF858800AF0F80A2D0245EA0A451A
:10CCD00006FB09070D43002E02EB070C0595C0F279
:10CCE000B680B34540F3B3800028C0F2AE808145E2
:10CCF00040F3AB80D75D07EB47071F44421C00F1B0
:10CD0000A980914540F3A680002C00F0A3809CF8F8
:10CD1000015005EB45051D44013600F19F80B345E8
:10CD200040F39C80BEF1000F00F098800028C0F214
:10CD30009380814540F390801CF8096006EB46061D
:10CD40001E44013000F18D80814540F38A80002C23
:10CD500000F08780E14499F8012002EB420213447D
:10CD6000A4B21FFA8EFE04FB0EFB2401CBEB0E1EB9
:10CD7000C4F58079A4EB0B041FFA8EF0A2B2AC7854
:10CD800097F802C00199A9EB00091FFA89F95443E9
:10CD900009FB0C4496F802C000FB0C4493F802C057
:10CDA0001FFA88FE6FEA08085FFA88F80BFB0C4C44
:10CDB0001AFB08FACCF3072C0CFB0EAC95F801A07B
:10CDC0007C782D783F7802FB0AFA09FB04AA747874
:10CDD0006A43357800FB04AA09FB07225C781B78BC
:10CDE00000FB05200BFB04A40BFB030B029B11FBB8
:10CDF00008FA1FFA8CFC13FB08F8CBF3072BC4F3DB
:10CE0000072404FB0EA40CF101030BFB0E8E1FFA8A
:10CE10008EFEA4B203EB1C2C0CF4784304F1010A3F
:10CE20000EF1010C0CEB1E2C0AEB1424CCF3C42CD9
:10CE300064094CEA030C04F4FC64039B4CEA040C04
:10CE4000A3F800C007B0BDE8F08F05AF56E705AD09
:10CE50002F4661E705AD5FE705AE72E705AB1E46FD
:10CE60007EE705AB7CE72DE9F04F95B01292099370
:10CE7000239A9DF89C300F930E91DDE924131390B3
:10CE80005068126800FB031302EB43030A93269BCE
:10CE90001B680D93269B5C680F9BDB43DBB204345D
:10CEA0000B930E9B002B03DC129B002B40F355824F
:10CEB000269BB3F90810B3F90C20481E551E099B98
:10CEC000002B40F3F9801F9E209B36144FEA23432A
:10CED00006D4864204DA002B02DBAB42C0F2ED80BE
:10CEE000013600F1DA80B142C0F2D780013300F19F
:10CEF000D4809A42C0F2D180099B11930A9B0C9373
:10CF0000119B002B40F3FA802698209B209AC6683C
:10CF10001F981D14C2F303311F9B269A0014C3F3FC
:10CF20000333926800F13E81571EB84280F23A8185
:10CF3000002DC0F23781771EBD4280F2338112B2DC
:10CF400005FB02000D9D15F800A00AEB4A0A2E18F9
:10CF500004EB0A05002B00F0178196F801C00CEBDA
:10CF60004C0CA444002900F01781B018B25C407842
:10CF700002EB420200EB4000224420449BB289B203
:10CF800003FB01F9C9EB01111B0189B29CF8027086
:10CF900095F802B00C9E14F80AA0B6F800E0BDF8AF
:10CFA0003C60C3F58078A3EB09039BB2A8EB0108B2
:10CFB0001FFA88F85F4308FB0B7792F802B01093D2
:10CFC00001FB0B7790F802B00B9B09FB0B774FEA44
:10CFD0002E2B0BF0F80B1BFB03FBC7F3072707FBFC
:10CFE00006B7109B95F801B09CF801509CF800C062
:10CFF0005D4308FB0B5592F801B00B9B01FB0B55F1
:10D0000090F801B009FB0B554FEAEE0B0BF0FC0B4F
:10D010001BFB03FB109B03FB0CF392F800C008FB07
:10D020000A3301FB0C3390F800C04FEACE0E09FB27
:10D030000C3C0B9B5FFA8EFEBFB21EFB03FEC5F3DA
:10D040000725CCF3072C05FB06B57B1C0CFB06E67D
:10D05000ADB2B6B203EB172707F4784305F1010B25
:10D06000771C07EB16270BEB1525C7F3C4276D09B3
:10D070001F4305F4FC650C9B3D431D800C9B219ACE
:10D0800002330C931F9B13441F93229A209B13443B
:10D090002093119B013B119332E71F9B219E334448
:10D0A0001F93229E209B33442093099B013B0993AD
:10D0B0000A9B02330A9302E727D0099B21981F9D00
:10D0C000013B00FB035000143FF516AF01398842C5
:10D0D000BFF612AF2299209801FB03031B143FF502
:10D0E0000BAF013A9342BFF607AF099B1193BDF80E
:10D0F0003CA00A9B0C93119B002B70DC099B0A9AA5
:10D1000023EAE37302EB43030A930E9B002B40F3E5
:10D11000248130EE040AB7EE007AC7EE007A1E9B37
:10D1200070EEA40A31EE051A20EEA77AF0EE626ADC
:10D1300061EE277AFEEEC86A77EE622ACDED1F6AAD
:10D14000FEEEC82AF0EE436A37EEC33A12EE902A9A
:10D15000BEEEC83A92FBF3F313EE102A21931E9B06
:10D1600092FBF3F322930E9B129A013BFEEEC86AE8
:10D170000E931E9BCDED206A08BF13460993B0EEB7
:10D18000673AF0EE472A8CE649B1B25C02EB420204
:10D1900022442846AC46F1E628462A46EEE62846D2
:10D1A0002A46F7E7471C3FF569AFBA42FFF666AF7C
:10D1B0006F1C3FF563AFBE42FFF660AF0F9F02905A
:10D1C00036B212B2CDE90517CDE9035300920196AC
:10D1D0002346DDE90C121398FFF759FD4EE7209A1C
:10D1E00020981F9D1F9BC2F30331269AB2F9082095
:10D1F0002D14001402FB00500D9D15F80090C3F390
:10D20000033309EB49092E1804EB0905002B00F044
:10D210009680777807EB47072744002900F097802E
:10D22000B018B25C407802EB420200EB40002244AE
:10D2300020449BB289B203FB01F80C9E95F802B022
:10D24000B6F800C0BE7814F809901B01C8EB0111B4
:10D2500089B2C3F5807EA3EB08039BB2AEEB010E4F
:10D260001FFA8EFE5E430EFB0B6692F802B010931F
:10D2700001FB0B6690F802B00B9B08FB0B664FEAB4
:10D280002C2B0BF0F80B1BFB03FBC6F3072606FB4E
:10D290000AB6109B95F801B07D783F785D430EFB90
:10D2A0000B5592F801B00B9B01FB0B5590F801B0A8
:10D2B00008FB0B554FEAEC0B0BF0FC0B1BFB03FBC5
:10D2C000109B7B4317780EFB093301FB073307786C
:10D2D0004FEACC0C08FB07370B9B5FFA8CFC1CFB5E
:10D2E00003FCC5F30725C7F3072705FB0AB507FBB2
:10D2F0000AC7B6B2ADB2BFB2731C7A1C05F1010BFE
:10D3000003EB162602EB17220BEB1525C2F3C42202
:10D3100006F478466D090C9B164305F4FC652E4314
:10D3200023F8026B219A0C931F9B13441F93229A9C
:10D33000209B13442093119B013B1193DBE649B1E1
:10D34000B25C02EB4202224428462F4671E728468F
:10D350002A466EE728462A46F7E715B0BDE8F08F63
:10D360002DE9F74F0F88BDF930E0BDF934909DF8F5
:10D3700040009DF844603C02DDE90EC504F4780BE2
:10D380007C0104F47C44FF004BEA0404FFB205FB7B
:10D390000ECA2743002D02EB0A0801977EDBA94540
:10D3A0007CDDBCF1000F77DBE64575DD12F80A7015
:10D3B00007EB47071F441CF1010272D4964570DD4C
:10D3C00000286ED098F8014004EB44041C44013559
:10D3D0006BD4A94569DD002E67D0BCF1000F62DB7C
:10D3E000E64560DD18F80E5005EB45051D441CF1BF
:10D3F00001025DD496455BDD002859D0C6449EF8F5
:10D40000012002EB4202134480B2B2B200FB02F6EA
:10D410000001C6EB0212C0F58078801B1FFA82FC67
:10D4200082B2A07897F802E097F800907F78A8EB96
:10D430000C081FFA88F8504308FB0E0EA8780CFB66
:10D4400000E093F802E006FB0E0E0EF4784094F82C
:10D4500000E002FB0EFE08FB09E995F800E00CFB7A
:10D460000E9993F800E05B7806FB0E9ECEF3C42E77
:10D470004EEA000E607850436A7808FB07000CFB08
:10D48000020206FB03235B0903F4FC634EEA030379
:10D490000B8003B0BDE8F08F01AF8CE701AC2746ED
:10D4A00095E701AC93E701ADA1E701AB1D46ABE702
:10D4B00001ABA9E72DE9F04F8FB0DDE919B50C926A
:10D4C0001D9A0A910693DDE91E130D9050681268AB
:10D4D00000FB031302EB43030793209B1B68089395
:10D4E000209B5C6804340A9B002B03DC0C9B002B04
:10D4F00040F3D681209BB3F90810B3F90C20481EE5
:10D50000561E069B002B40F3B7805FEA2B474FEA7D
:10D51000254306D4874204DA002B02DBB342C0F273
:10D52000AC80013700F19D80B942C0F29A8001338E
:10D5300000F197809A42C0F29480069B0B93079B60
:10D5400009930B9B002B40F3B5802098209AC76865
:10D5500092685FEA2B404FEA2546CBF30333C5F3CD
:10D56000033100F1FB8002F1FF3C604580F2F68060
:10D57000002EC0F2F38007F1FF3C664580F2EE809A
:10D5800012B206FB0200089E3718305C00EB400820
:10D5900004EB080C002B00F0D3807E7806EB4606E7
:10D5A0002644002900F0D480B818BA5C407802EB19
:10D5B000420200EB4000224420449BB289B203FBAC
:10D5C00001F9C9EB01111B0189B2B7789CF802A0DF
:10D5D0009CF801C0C3F5807EA3EB09039BB2AEEBC0
:10D5E000010E1FFA8EFE5F430EFB0A7792F802A02F
:10D5F00001FB0A7790F802A009FB0A7A14F8087078
:10D6000096F80080767803FB08F80EFB07881778F9
:10D6100001FB0788077809FB07870AF4784AC7F3F4
:10D62000C42747EA0A07734392F801A00EFB0C33A4
:10D6300001FB0A3190F801A0099B09FB0A1A4FEA85
:10D640005A1A0AF4FC6A47EA0A071F80099B023348
:10D6500009931B9B9B441C9B1D440B9B013B0B9301
:10D660006FE71B9B9B441C9B1D44069B013B069341
:10D67000079B0233079344E723D0069B1B98013B8B
:10D6800000FB03B000143FF558AF01398842BFF6E4
:10D6900054AF1C9901FB03531B143FF54EAF013AE5
:10D6A0009342BFF64AAF069B0993079B0B93099BD6
:10D6B000002B70DC069B079A23EAE37302EB43031B
:10D6C00007930A9B002B40F3EB8030EE040AB7EE81
:10D6D000007AC7EE007A189B70EEA40A31EE051AA4
:10D6E00020EEA77AF0EE626A61EE277AFEEEC86A53
:10D6F00077EE622A16EE90BAFEEEC82AF0EE436A82
:10D7000037EEC33A12EE902ABEEEC83A92FBF3F31C
:10D7100013EE102A1B93189B92FBF3F31C930A9BA6
:10D720000C9A013BFEEEC86A0A93189B08BF134689
:10D7300016EE905A0693B0EE673AF0EE472AD2E61C
:10D7400049B1BA5C02EB420222446046664634E7C5
:10D750006046624631E760466246F7E710F1010C29
:10D760003FF574AF6245FFF671AF16F1010C3FF55E
:10D770006DAF6745FFF66AAF3FB212B2CDE9043133
:10D78000CDE90206009201972346DDE908210D98B4
:10D79000FFF7E6FD5AE7209AB2F908204FEA2B4638
:10D7A000281402FB0060089E16F80080CBF30333B8
:10D7B00008EB4808C5F30331371804EB080C002BBD
:10D7C00060D07E7806EB46062644002962D0B81861
:10D7D000BA5C407802EB420200EB40002244204455
:10D7E0009BB289B203FB01F9C9EB01111B0189B29C
:10D7F000B7789CF802A09CF801C0C3F5807EA3EB2B
:10D8000009039BB2AEEB010E1FFA8EFE5F430EFBC7
:10D810000A7792F802A001FB0A7790F802A009FBB0
:10D820000A7A14F8087096F80080767803FB08F8F6
:10D830000EFB0788177801FB0788077809FB078725
:10D840000AF4784A7343C7F3C427567847EA0A07AD
:10D850000EFB0C3390F801A001FB063309FB0A3ADA
:10D860004FEA5A1A0B9B0AF4FC6A47EA0A0723F8A4
:10D87000027B0B931B9B9B441C9B1D44099B013B00
:10D88000099314E749B1BA5C02EB420222446046B4
:10D890006646A5E760466246A2E760466246F7E74D
:10D8A0000FB0BDE8F08F2DE9F04F85B0DDE91074C1
:10D8B000BDF938C00291002C04FB0C71BDF93C800D
:10D8C0009DF848609DF84C0002EB010EC0F22281E9
:10D8D000A04540F31F81002FC0F21A81BC4540F3E0
:10D8E0001781525C53F822507A1C00F1168194453E
:10D8F00040F31381002E00F012819EF8012053F8AE
:10D900002210013400F10F81A04540F30C81002862
:10D9100000F00C81002FC0F20481BC4540F301816E
:10D920001EF80C2053F82240013700F10281BC455B
:10D9300040F3FF80002E00F0FE80F4449CF80120AC
:10D9400053F82220B6B280B200FB06FECEEB0010E8
:10D950003601A6EB0E0780B2C6F580734FEA116A56
:10D96000BFB21B1A4FEA156B9BB20AFB07F64FEAD0
:10D9700014690BFB03664FEA126800FB09660EFB95
:10D980000866C6F307260096002E00F0BE8005F05C
:10D99000FF1C0BFB0CFC05F47F450BFB05F54FEA68
:10D9A0001C2B0BF0FF1B0CF1011CDC444FEA1C2C60
:10D9B00001950CF0FF150395019D029E05F5807CF5
:10D9C0000CEB152501F0FF1C0AFB0CFC4FEA152B94
:10D9D0004FEA1C2505F0FF150CF1011C654404F00D
:10D9E000FF1C04F47F4409FB0CFC09FB04F909F556
:10D9F000807404EB192902F0FF1408FB04F401F40D
:10DA00007F4102F47F4208FB02F80AFB01FA220A76
:10DA10000AF5807102F0FF1204F1011401EB1A2AD9
:10DA200014444FEA1C2108F580722D0A02EB1828D5
:10DA300005F0FF15039A368801F0FF110CF1011C67
:10DA40007D436144240A02FB0355090A04F0FF14D4
:10DA500004FB0E5401F0FF1101FB00414FEA1A2AAA
:10DA6000090A0AF47F4A01F0FF1407FB0AF74FEA9C
:10DA700018280BF47F4103FB01714FEA192908F4C0
:10DA80007F480EFB081E09F47F4100FB01E19DF871
:10DA90005000009A87B27A43090A531C01F47F416F
:10DAA000214303EB122335120A0C6FEA1323DBB276
:10DAB00012FB07F205F0F80505FB0325C1F3072467
:10DAC000F210C8B2F60014FB07F402F0FC02F6B242
:10DAD00010FB07F002FB0342ADB206FB030399B251
:10DAE00094B26B1C03EB1525621C4B1C03EB11233A
:10DAF00002EB142205F47845C3F3C423520902F45F
:10DB0000FC622B431343029A138005B0BDE8F08FEB
:10DB10000025E9E600210D46F3E60021F1E6314655
:10DB2000EFE6002400E7002214460BE70246044615
:10DB300008E7002206E7324604E72DE9F04F9FB0E0
:10DB40001B9209932D9A9DF8C4301C931991DDE91D
:10DB50002E131D90506812682A9D00FB031302EBE0
:10DB600043030C93309B1B681293309B5E68BDF897
:10DB700070300D930436199B002B03DC1B9B002B8C
:10DB800040F38883309BB3F90810B3F90C20481E8A
:10DB9000571E099B002B40F39581299C5FEA244C7A
:10DBA0004FEA254306D4844504DA002B02DBBB424E
:10DBB000C0F289811CF1010C00F177816145C0F24E
:10DBC0007481013300F171819A42C0F26E81099B28
:10DBD0000C9F1A931A9B002B40F39381299BC3F34C
:10DBE0000332309BD3E9020E299B1B144FEA254CCC
:10DBF000C5F3033100F1D68100F1FF38434580F2CF
:10DC0000D181BCF1000FC0F2CD810EF1FF38C445C7
:10DC100080F2C88100B20CFB0033129C04EB0308B5
:10DC2000E35C56F823304FEA136E002A00F0AF8110
:10DC300098F801C056F82C400E94240E159479B132
:10DC400008EB000C18F8000056F820000A90000EAF
:10DC500013909CF8010056F820000F90000E1690CB
:10DC600092B289B202FB01F9C9EB01111201A2EBD8
:10DC7000090889B2C2F580721598139C1FFA88F8BA
:10DC8000521A92B208FB00F002FB0E0001FB0400E6
:10DC9000169C09FB0400C0F30720002800F0FA805E
:10DCA000BEF1FF0F1BD003F0FF1A0EFB0AFA03F4BC
:10DCB0007F430EFB03FE4FEA1A2303F0FF130AF122
:10DCC000011A0EF5807C53440CEB1E2C1B0A4FEA04
:10DCD0001C2C03F0FF130CF47F4C43EA0C03159C3F
:10DCE000FF2C21D00E9C04F0FF1B159C04FB0BFBAA
:10DCF0000E9C04F47F4A159C4FEA1B2E04FB0AFA83
:10DD00000EF0FF1E0BF1011B0AF5807CDE440CEBCC
:10DD10001A2A4FEA1E2E4FEA1A2A0EF0FF1E0AF4A4
:10DD20007F4A4EEA0A040E94139CFF2C21D00A9CD1
:10DD300004F0FF1B139C04FB0BFB0A9C04F47F4ABA
:10DD4000139C4FEA1B2E04FB0AFA0EF0FF1E0BF188
:10DD5000011B0AF5807CDE440CEB1A2A4FEA1E2ECA
:10DD60004FEA1A2A0EF0FF1E0AF47F4A4EEA0A040E
:10DD70000A94169CFF2C21D00F9C04F0FF1B169CCC
:10DD800004FB0BFB0F9C04F47F4A169C4FEA1B2EEE
:10DD900004FB0AFA0EF0FF1E0BF1011B0AF5807C52
:10DDA000DE440CEB1A2A4FEA1E2E4FEA1A2A0EF016
:10DDB000FF1E0AF47F4A4EEA0A040F940E9C04F0F8
:10DDC000FF1C0A9C03F0FF1E08FB0CFC02FB0ECCA0
:10DDD00004F0FF1E0F9C01FB0ECC04F0FF1E0E9CF6
:10DDE00009FB0ECC04F47F4E08FB0EF803F47F43CE
:10DDF00002FB03830A9A0D9C02F47F4A0F9A01FBEF
:10DE00000A3302F47F410D9A09FB013942434FEA7C
:10DE10001C2C4FEA19293B88501C0CF0FF1C09F4FC
:10DE20007F494CEA090C00EB122019124FEA1C4200
:10DE30006FEA1020C0B212FB04F201F0F80101FBFE
:10DE40000021CCF3072EDA105FFA8CFCDB001CFB00
:10DE500004FCDBB289B203FB00C31FFA83FC4B1C3A
:10DE600003EB112102F0FC021EFB04FE0CF1010386
:10DE700002FB00E203EB1C2392B201F47841C3F3EE
:10DE8000C4230B43511C01EB1222520902F4FC6221
:10DE900013433B802B9B299A1A442C9B29921D44A7
:10DEA0001A9B013B02371A9394E62B9B299C1C4436
:10DEB0002C9B29941D44099B013B09930C9B023325
:10DEC0000C9366E624D0099B2B98299C013B00FB10
:10DED000034000143FF57BAE01398842BFF677AEB0
:10DEE0002C9901FB03531B143FF571AE013A934289
:10DEF000BFF66DAEDDF824B0DDF83090BBF1000F59
:10DF000070DC099B23EAE3740C9B03EB44030C9342
:10DF1000199B002B40F3BE8130EE040AB7EE007A65
:10DF2000C7EE007A289B70EEA40A31EE051A20EEA7
:10DF3000A77AF0EE626A61EE277AFEEEC86A77EEA3
:10DF4000622ACDED296AFEEEC82AF0EE436A37EE6A
:10DF5000C33A12EE902ABEEEC83A92FBF3F313EEE8
:10DF6000102A2B93289B92FBF3F32C93199B1B9A5B
:10DF7000013BFEEEC86A1993289B08BF134616EEB4
:10DF8000905A0993B0EE673AF0EE472AF3E500297C
:10DF90003FF466AE18F8000056F820000A90000E14
:10DFA00013905DE613F101083FF574AF4045FFF6AD
:10DFB00071AF1CF101083FF56DAFC645FFF66AAFC2
:10DFC0001C9C029300B20FFA8EF3CDE90514CDE943
:10DFD00003C2019300903346129A1D983946FFF709
:10DFE00062FC57E7299B299CC3F30332309BB3F9AA
:10DFF000081027142B1401FB0373129CE718E35C31
:10E0000056F82330C5F303304FEA136C002A00F0B2
:10E01000378197F801E056F82E401094240E17949B
:10E0200070B107EB010E795C56F821100B91090EC7
:10E0300014919EF8011056F821101191090E1891B3
:10E0400092B280B202FB00F8C8EB00101201A2EB02
:10E05000080E80B2C2F580721799149C1FFA8EFECA
:10E06000121A92B20EFB01F102FB0C1100FB04111B
:10E07000189C08FB0411C1F30721002900F0F5806A
:10E08000BCF1FF0F19D003F0FF1A0CFB0AFA03F4DE
:10E090007F430CFB03FC4FEA1A2303F0FF130AF142
:10E0A000011A0CF58077534407EB1C271B0A3F0A23
:10E0B00003F0FF1307F47F473B43179CFF2C20D04E
:10E0C000109C04F0FF17179C6743109C04F47F4AD0
:10E0D000179C4FEA172C04FB0AFA07F101170CF002
:10E0E000FF1CBC440AF5807707EB1A2A4FEA1C2C68
:10E0F0004FEA1A2A0CF0FF1C0AF47F4A4CEA0A0481
:10E100001094149CFF2C20D00B9C04F0FF17149C3F
:10E1100067430B9C04F47F4A149C4FEA172C04FBC2
:10E120000AFA07F101170CF0FF1CBC440AF58077CE
:10E1300007EB1A2A4FEA1C2C4FEA1A2A0CF0FF1C94
:10E140000AF47F4A4CEA0A040B94189CFF2C20D056
:10E15000119C04F0FF17189C6743119C04F47F4A3C
:10E16000189C4FEA172C04FB0AFA07F101170CF070
:10E17000FF1CBC440AF5807707EB1A2A4FEA1C2CD7
:10E180004FEA1A2A0CF0FF1C0AF47F4A4CEA0A04F0
:10E190001194109C04F0FF170B9C03F0FF1C0EFB66
:10E1A00007F702FB0C7704F0FF1C119C00FB0C77B7
:10E1B00004F0FF1C109C08FB0C7704F47F4C0EFB52
:10E1C0000CFE03F47F4302FB03E30B9A0D9C02F465
:10E1D0007F4A119A00FB0A3302F47F4C08FB0C3C87
:10E1E0000D9BB9F800004B433F0A4FEA1C2C0CF47E
:10E1F0007F4C591C07F0FF1747EA0C0701EB13216E
:10E2000002123B0C6FEA1121C9B213FB04F302F0B6
:10E21000F80202FB0132C7F3072CC310FFB2C000A3
:10E2200092B21CFB04FC03F0FC03C0B217FB04F722
:10E2300003FB01C300FB017002F1010C80B20CEB87
:10E24000122202F4784C421C02EB10229BB2C2F361
:10E25000C42242EA0C0203F1010C0CEB13235B090C
:10E2600003F4FC631A43A9F800202B9B299A1A4453
:10E270002C9B299209F102091D440BF1FF3B3DE65D
:10E2800000283FF4DDAE795C56F821100B91090EA1
:10E290001491D5E61FB0BDE8F08F2DE9F04F89B09D
:10E2A00001910198BDF948C00088BDF94C809DF8E6
:10E2B00058509DF85C400612DDE9141706F0F80688
:10E2C0000296C610C000C0B206F0FC060490002FF3
:10E2D00007FB0C10039602EB000EC0F20A81B84552
:10E2E00040F307810029C0F202818C4540F3FF8092
:10E2F000125C53F822004A1C00F1FE80944540F362
:10E30000FB80002D00F0FA809EF8012053F8226077
:10E31000013700F1F780B84540F3F480002C00F09D
:10E32000F48000290EEB0C02C0F2EA808C4540F329
:10E33000E7801EF80C7053F82770013100F1E88077
:10E340008C4540F3E580002D00F0E480527853F8CE
:10E3500022100B0E4FEA106A0093A4B2ABB200F089
:10E36000FF1503FB04F90AFB05F51B01A3EB090EDE
:10E37000C3F5807200F47F43280A00F0FF1005F116
:10E38000011505442D0A0AFB03F305F0FF10059063
:10E3900003F5807000EB13231B0A4FEA166B0693FC
:10E3A00006F0FF130BFB03F31D0A06F47F464FEA4A
:10E3B00017680BFB06F603F1011307F0FF1C05F0CD
:10E3C000FF1507F47F4708FB07F71D4406F5807328
:10E3D00003EB162607F5807303EB172308FB0CFCF1
:10E3E0001B0A07934FEA1C200B0E01F0FF175F4337
:10E3F0000CF1011C00F0FF10C9EB041460444FEA5B
:10E40000172CA4B207F101172D0A01F47F410CF07B
:10E41000FF1C1FFA8EFE5943121B059BBC4405F0DE
:10E42000FF1592B205FB0EF54FEA1C2C03FB0255BB
:10E430000CF0FF1C069B01F58077360A000A0CFBE6
:10E44000095500F0FF1007EB112106F47F4600FB91
:10E4500004550EFB06F603F47F40090A079B02FBF6
:10E46000006001F47F4109FB010003F47F430EFBD0
:10E470000BFE04FB030002FB0AE2009B04FB0824E2
:10E4800009FB03496FEA2929029B049A5FFA89F97B
:10E4900003FB09F1039B2D0A000A03FB09F300F4B7
:10E4A0007F4005F0FF15054302FB09F9581C4A1C83
:10E4B00000EB132002EB11212B0A2A0C03EB102393
:10E4C00002EB1122DB00120202F4784203F4FC6337
:10E4D000134309F1010202EB192905EB1925C5F3D4
:10E4E000C4051D43019B1D8009B0BDE8F08F0020CD
:10E4F00001E7002630460BE7002609E72E4607E72E
:10E5000000271AE700210F4623E72146274620E788
:10E5100000211EE729461CE72DE9F04F9BB0189219
:10E52000299A16910793DDE92A1319905068126809
:10E53000269D00FB031302EB43030A932C9B1B68ED
:10E540000F932C9B5E680436169B002B03DC189BF4
:10E55000002B40F373832C9BB3F90810B3F90C2004
:10E56000481E571E079B002B40F39081259C5FEAB5
:10E57000244C4FEA254306D4844504DA002B02DB01
:10E58000BB42C0F284811CF1010C00F17281614533
:10E59000C0F26F81013300F16C819A42C0F269814F
:10E5A000079B0A9F1793179B002B40F38E81259B97
:10E5B000C3F303322C9BD3E9021E259B1B144FEAA5
:10E5C000254CC5F3033000F1D18101F1FF384345FB
:10E5D00080F2CC81BCF1000FC0F2C8810EF1FF388F
:10E5E000C44580F2C38109B20CFB01330F9C04EBDC
:10E5F0000308E35C56F823304FEA136E002A00F05C
:10E60000AA8198F801C056F82C400B94240E12945D
:10E6100078B108EB010C18F8011056F82110089198
:10E62000090E10919CF8011056F821100C91090E5A
:10E63000139192B280B202FB00F9C9EB00101201F3
:10E64000A2EB090880B2C2F580721299109C1FFAE1
:10E6500088F8121A92B208FB01F102FB0E1100FBBE
:10E660000411139C09FB0411C1F30721002900F0D8
:10E67000F580BEF1FF0F1BD003F0FF1A0EFB0AFA64
:10E6800003F47F430EFB03FE4FEA1A2303F0FF134C
:10E690000AF1011A0EF5807C53440CEB1E2C1B0A68
:10E6A0004FEA1C2C03F0FF130CF47F4C43EA0C03DD
:10E6B000129CFF2C21D00B9C04F0FF1B129C04FB2E
:10E6C0000BFB0B9C04F47F4A129C4FEA1B2E04FBAD
:10E6D0000AFA0EF0FF1E0BF1011B0AF5807CDE44E6
:10E6E0000CEB1A2A4FEA1E2E4FEA1A2A0EF0FF1ED2
:10E6F0000AF47F4A4EEA0A040B94109CFF2C21D0A6
:10E70000089C04F0FF1B109C04FB0BFB089C04F40A
:10E710007F4A109C4FEA1B2E04FB0AFA0EF0FF1EE4
:10E720000BF1011B0AF5807CDE440CEB1A2A4FEA40
:10E730001E2E4FEA1A2A0EF0FF1E0AF47F4A4EEAF6
:10E740000A040894139CFF2C21D00C9C04F0FF1B9E
:10E75000139C04FB0BFB0C9C04F47F4A139C4FEAB4
:10E760001B2E04FB0AFA0EF0FF1E0BF1011B0AF52B
:10E77000807CDE440CEB1A2A4FEA1E2E4FEA1A2A3E
:10E780000EF0FF1E0AF47F4A4EEA0A040C940B9C1A
:10E7900004F0FF1C089C03F0FF1E08FB0CFC02FBAE
:10E7A0000ECC04F0FF1E0C9C00FB0ECC04F0FF1EF0
:10E7B0000B9C09FB0ECC04F47F4E08FB0EF803F40F
:10E7C0007F4302FB0383089AB7F8008002F47F4A74
:10E7D0000C9A00FB0A3302F47F4009FB0039C9435D
:10E7E0004FEA28225FFA81FE4FEA1C2C4FEA1929D2
:10E7F00002F0F80202FB0EF20CF0FF1C09F47F4954
:10E800004CEA090C531C03EB12224FEAE8004FEAD2
:10E810001C4303EB122300F0FC00634A00FB0EF0E4
:10E82000DBB202EA0322431C03EB10204FEA1C2355
:10E830004FEAC80103EB1023C9B2DB0001FB0EF164
:10E8400003F4FC6313434A1C02EB11210CEB112C63
:10E85000CCF3C40C4CEA030CA7F800C0279B259A04
:10E860001A44289B25921D44179B013B023717939E
:10E8700099E6279B259C1C44289B25941D44079BB7
:10E88000013B07930A9B02330A936BE624D0079B54
:10E890002798259C013B00FB034000143FF580AE08
:10E8A00001398842BFF67CAE289901FB03531B1443
:10E8B0003FF576AE013A9342BFF672AEDDF81CB07A
:10E8C000DDF82890BBF1000F70DC079B23EAE374AE
:10E8D0000A9B03EB44030A93169B002B40F3AE8183
:10E8E00030EE040AB7EE007AC7EE007A249B70EE91
:10E8F000A40A31EE051A20EEA77AF0EE626A61EE04
:10E90000277AFEEEC86A77EE622ACDED256AFEEE22
:10E91000C82AF0EE436A37EEC33A12EE902ABEEEF2
:10E92000C83A92FBF3F313EE102A2793249B92FB31
:10E93000F3F32893169B189A013BFEEEC86A1693D0
:10E94000249B08BF134616EE905A0793B0EE673A21
:10E95000F0EE472AF8E500283FF46BAE18F80110F6
:10E9600056F821100891090E109162E613F1010882
:10E970003FF574AF4145FFF671AF1CF101083FF55B
:10E980006DAFC645FFF66AAFCDE9023C09B20FFA9A
:10E990008EF3CDE904200193009133460F9A199824
:10E9A0003946FFF77AFC59E700F8FFFF259B259CC5
:10E9B000C3F303322C9BB3F9081027142B1401FB6B
:10E9C00003730F9CE718E35C56F82330C5F303305C
:10E9D0004FEA136C002A00F0278197F801E056F8FF
:10E9E0002E400D94240E149470B107EB010E795C47
:10E9F00056F821100991090E11919EF8011056F850
:10EA000021100E91090E159192B280B202FB00F80E
:10EA1000C8EB00101201A2EB080E80B2C2F58071A3
:10EA2000149A119C1FFA8EFE091A89B20EFB02F28B
:10EA300001FB0C2200FB0422159C08FB0422C2F3FC
:10EA40000722002A00F0E580BCF1FF0F19D003F087
:10EA5000FF1A0CFB0AFA03F47F430CFB03FC4FEA9A
:10EA60001A2303F0FF130AF1011A0CF580775344BF
:10EA700007EB1C271B0A3F0A03F0FF1307F47F472D
:10EA80003B43149CFF2C20D00D9C04F0FF17149CDA
:10EA900067430D9C04F47F4A149C4FEA172C04FB37
:10EAA0000AFA07F101170CF0FF1CBC440AF5807745
:10EAB00007EB1A2A4FEA1C2C4FEA1A2A0CF0FF1C0B
:10EAC0000AF47F4A4CEA0A040D94119CFF2C20D0D2
:10EAD000099C04F0FF17119C6743099C04F47F4ACA
:10EAE000119C4FEA172C04FB0AFA07F101170CF0EE
:10EAF000FF1CBC440AF5807707EB1A2A4FEA1C2C4E
:10EB00004FEA1A2A0CF0FF1C0AF47F4A4CEA0A0466
:10EB10000994159CFF2C20D00E9C04F0FF17159C27
:10EB200067430E9C04F47F4A159C4FEA172C04FBA4
:10EB30000AFA07F101170CF0FF1CBC440AF58077B4
:10EB400007EB1A2A4FEA1C2C4FEA1A2A0CF0FF1C7A
:10EB50000AF47F4A4CEA0A040E940D9C04F0FF1755
:10EB6000099C03F0FF1C0EFB07F701FB0C7704F078
:10EB7000FF1C0E9C00FB0C7704F0FF1C0D9C08FB97
:10EB80000C7704F47F4C0EFB0CFE03F47F4301FB77
:10EB900003E3099901F47F4A0E9900FB0A3301F45B
:10EBA0007F4C08FB0C3CB9F80030D2431812D2B2AB
:10EBB000D9103F0A4FEA1C2C00F0F800DB0050434C
:10EBC00007F0FF170CF47F4C01F0FC01DBB247EAC1
:10EBD0000C0751435343421C02EB10203A0C02EB4A
:10EBE0001020184AC0B202EA00204A1C02EB112190
:10EBF0003A0A02EB1121C90001F4FC610143581CDF
:10EC000000EB132007EB1027C7F3C4000843A9F853
:10EC10000000279B259A1A44289B259209F1020996
:10EC20001D440BF1FF3B4DE600283FF4EDAE795C4F
:10EC300056F821100991090E1191E5E61BB0BDE8C7
:10EC4000F08F00BF00F8FFFF2DE9F04F85B0DDE940
:10EC50001070BDF93860039100FB067402EB4405A7
:10EC60000028BDF93CB09DF848109DF84CE0019596
:10EC700003EB0409C0F25081834540F34D81002F1E
:10EC8000C0F24681BE4240F3438113F804C032F81B
:10EC900014304FEAEC0223F4FC65554303F4FC63A3
:10ECA0004FF61F040CFB03F204EA551305F60105A9
:10ECB0001D4402F1200303EB12231B0A04EA55143E
:10ECC00003F4FC631C437B1C00F12B819E4240F348
:10ECD0002881002900F02881019A99F8013055888F
:10ECE0004FEAE30825F4FC6208FB02F805F4FC6532
:10ECF0004FF61F0202EA581A5D4308F60108D04495
:10ED000005F1200A0AEB15252D0A02EA581205F42E
:10ED1000FC652A43013000F10D81834540F30A81EF
:10ED2000BEF1000F00F00B81002FC0F20081BE4247
:10ED300040F3FD80019819F8065030F816804FEA2C
:10ED4000E50A28F4FC600AFB00FA4FF61F0B08F4F2
:10ED5000FC680BEA5A1005FB08F80AF6010A82441F
:10ED600008F1200000EB1820000A0BEA5A1B00F4FF
:10ED7000FC604BEA000B013700F1E680BE4240F335
:10ED8000E380002900F0E3800136019819F806704D
:10ED900030F816004FEAE70920F4FC6600F4FC6046
:10EDA00009FB06F907FB00F84FF61F0000EA591AA5
:10EDB00009F60109D14400EA591608F1200000EBD8
:10EDC0001820000A00F4FC6030438EB21FFA8EF95E
:10EDD00006FB09F84FEA044AC8EB091936010AF0A4
:10EDE000FC6A24F4FC6401964AEA04041FFA89F6DA
:10EDF0004FEA024A11FB0EF9C9F3C70902960AF05D
:10EE0000FC6A264622F4FC62CEF11004641A4AEA37
:10EE10000202C9EB41014FEA004A4A4309EB4404AC
:10EE20000AF0FC6A20F4FC6004FB06244AEA0000B5
:10EE300009FB00424FEA0B4404F0FC642BF4FC6B2A
:10EE400044EA0B0B019C029E0399C4F58074A41B39
:10EE5000019E08889DF85010A6EB0806B6B2A4B231
:10EE600073430CFB0433029C04FB053508FB075776
:10EE7000C9EB4E0E89B20EFB0B2EC7F307274F438B
:10EE80004FEA5E524FEA5E1E02F4FC627B1C2EF4D7
:10EE9000FC6E42EA0E0E03EB17271FFA8EF20312E6
:10EEA0006FEA1727FFB2151203F0F80313FB07F3FD
:10EEB00005F0F80505FB0135C310D41003F0FC0381
:10EEC00013FB07F304F0FC0404FB0134C300D2007D
:10EED000DBB213FB07F3D2B202FB0131ADB289B250
:10EEE000A4B26B1C03EB1525621C4B1C03EB112316
:10EEF00002EB142405F47845C3F3C42364092B43BF
:10EF000004F4FC64039A2343138005B0BDE8F08F3A
:10EF10004FF0000C6446D6E600239C461A461C4679
:10EF2000F8E600231A46F5E60B460A46F2E6002507
:10EF3000AB4620E700273D463846BB4645E77746C7
:10EF400075467046F34640E7002738463DE70F46D2
:10EF500008463AE72DE9F04F97B014920893259AA6
:10EF60009DF8A43012931191DDE926131590506895
:10EF7000126800FB031302EB43030993289B1B68F1
:10EF80000B93289B5B680C93BDF848300A93119B48
:10EF9000002B03DC149B002B40F3CB83289BB3F99D
:10EFA0000810B3F90C20481E551E089B002B40F397
:10EFB000A381219E229B36144FEA234306D4864226
:10EFC00004DA002B02DBAB42C0F29781013600F17C
:10EFD0008481B142C0F28181013300F17E819A4285
:10EFE000C0F27B81089B099F13934FF61F06139B6A
:10EFF000002B40F3A481229B219D1814219BC3F375
:10F000000331229BC3F3033C289B2D14D3E9022335
:10F0100000F1F88102F1FF3E754580F2F38100288E
:10F02000C0F2F08103F1FF3E704580F2EB810C9B52
:10F0300012B200FB02501FFA81FE03EB000A4FEAF6
:10F040000E1513F800909AF80180C5F580739BB2F5
:10F05000BCF1000F00F0B9811AF802400D940AEBE0
:10F06000020B1FFA8CFA0AFB0EFECEEB0A1A1FFAED
:10F070008AFAA5EB0E059BF801400E94A3EB0A0358
:10F08000ADB20D9C9BB208FB05F509FB03530AFBCF
:10F0900004330E9C0EFB0433C3F30723002B00F054
:10F0A0000F810B9CB9F1FF0F04EB400534F8100001
:10F0B00000F0908120F4FC6E4FEAE90A00F4FC6055
:10F0C00009FB00F00AFB0EFE06EA5E1900F1200BB8
:10F0D0000EF6010ECE440BEB10294FEA192906EA71
:10F0E0005E1E09F4FC694EEA0909B8F1FF0F688851
:10F0F00019D020F4FC6E4FEAE80A00F4FC6008FB2B
:10F1000000F80AFB0EFE06EA5E1008F1200B0EF670
:10F11000010E86440BEB1820000A06EA5E1E00F47E
:10F12000FC604EEA00004FEA094E4FEA004A0EF03A
:10F13000FC6E29F4FC690AF0FC6A20F4FC604EEADB
:10F1400009094AEA0000BCF1000F00F0458102F114
:10F150000042013A52000D9C0232FF2C05EB020ED8
:10F16000AA5A18D022F4FC6502F4FC6204FB02FAED
:10F170004FEAE40808FB05F80AF1200506EA5812F0
:10F1800005EB1A2508F6010842442D0A06EA521238
:10F1900005F4FC652A430E9CBEF80250FF2C1AD0E1
:10F1A00025F4FC6E05F4FC6504FB05FA4FEAE4085F
:10F1B00008FB0EF80AF1200E06EA58150EEB1A2E7F
:10F1C00008F6010845444FEA1E2E06EA55150EF4CE
:10F1D000FC6E45EA0E051CFB01FE4FEAEE0ECCF17B
:10F1E0001008A8EB01084FEA024ACEEB41010EEBF2
:10F1F00048084FEA054B41430AF0FC6A22F4FC62DE
:10F200004AEA0202CEEB4C0C09FB08110BF0FC6B36
:10F2100025F4FC650CFB02114BEA05050EFB051EEF
:10F220004FEA5E524FEA5E1E02F4FC622EF4FC6E60
:10F2300042EA0E0E1FFA8EF2FF2B03D11299FF291C
:10F2400000F0DE800A9938880A9C4B4303F1010CD8
:10F250000CEB23236FEA23235FFA83FC03121512BE
:10F2600003F0F80313FB0CF305F0F80505FB01357B
:10F27000C310D11003F0FC0313FB0CF301F0FC01ED
:10F2800001FB0431C300D200DBB2D2B213FB0CF39A
:10F29000ADB202FB04339AB26B1C89B203EB1525A5
:10F2A000531C03EB12234A1C02EB112105F4784591
:10F2B000C3F3C42349092B4301F4FC610B433B8096
:10F2C000219B239A13442193229A249B1A44139B33
:10F2D0002292013B0237139389E6219B239E229CB5
:10F2E00033442193249B1C44089B2294013B0893A4
:10F2F000099B0233099358E628D0089B2398219D47
:10F30000013B00FB035000143FF56CAE013988420D
:10F31000BFF668AE2499229801FB03031B143FF546
:10F3200061AE013A9342BFF65DAE089BDDF824E082
:10F3300013934FF61F06139B002B00F38280089B4C
:10F3400023EAE374099B03EB44030993119B002B0D
:10F3500040F3EF8130EE040AB7EE007AC7EE007A90
:10F36000209B70EEA40A31EE051A20EEA77AF0EE8B
:10F37000626A61EE277AFEEEC86A77EE622ACDED08
:10F38000216AFEEEC82AF0EE436A37EEC33A12EE67
:10F39000902ABEEEC83A92FBF3F313EE102A2393A1
:10F3A000209B92FBF3F32493119B149A013BFEEEF6
:10F3B000C86A1193209BCDED226A08BF13460893BB
:10F3C000B0EE673AF0EE472AE1E508FB05F509FBE8
:10F3D000035361E6814688E6C1F11002414309FB0F
:10F3E00002194FEA49094FEA59524FEA591902F4F2
:10F3F000FC6229F4FC6942EA09091FFA89F21BE759
:10F400003A805DE715F1010E3FF55AAF7245FFF600
:10F4100057AF10F1010E3FF553AF7345FFF650AFF4
:10F42000129C02951BB212B2CDE903010193009226
:10F43000CDE905C4DDE90B2339461598FFF704FC37
:10F440003EE7219BC3F30332229BC3F30335289B82
:10F45000B3F90810229B1F14219B1B1401FB0737D3
:10F460000C9B1FFA82FC03EB070A4FEA0C1013F8FF
:10F4700007909AF80180C0F580739BB2002D00F0D0
:10F480003D811AF801400F940AEB010B1FFA85FA2F
:10F490000AFB0CFCCCEB0A1A1FFA8AFAA0EB0C0050
:10F4A000A3EB0A0380B208FB00F09BB209FB030345
:10F4B0000F989BF8014010940AFB00330CFB0433B7
:10F4C000C3F30723002B00F00B810B980B9CB9F1C1
:10F4D000FF0F00EB470034F8177000F0148127F499
:10F4E000FC6C4FEAE90A07F4FC6709FB07F70AFB23
:10F4F0000CFC06EA5C1907F1200B0CF6010CCC445D
:10F500000BEB17294FEA192906EA5C1C09F4FC6980
:10F510004CEA0909B8F1FF0F478819D027F4FC6CB1
:10F520004FEAE80A07F4FC6708FB07F80AFB0CFC43
:10F5300006EA5C1708F1200B0CF6010CBC440BEB3F
:10F5400018273F0A06EA5C1C07F4FC674CEA070729
:10F550004FEA094C4FEA074A0CF0FC6C29F4FC69AD
:10F560000AF0FC6A27F4FC674CEA09094AEA070733
:10F57000002D00F0CA8001F100410139490002313B
:10F5800000EB010C415A0F98FF2819D00F9C21F471
:10F59000FC6001F4FC6104FB01FA4FEAE40808FB9B
:10F5A00000F80AF1200006EA581100EB1A2008F6CC
:10F5B00001084144000A06EA511100F4FC600143CD
:10F5C000109CBCF80200FF2C1AD020F4FC6C00F454
:10F5D000FC6004FB00FA4FEAE40808FB0CF80AF1AF
:10F5E000200C06EA58100CEB1A2C08F601084044CF
:10F5F0004FEA1C2C06EA50100CF4FC6C40EA0C009C
:10F6000015FB02FC4FEAEC0CC5F11008A8EB020850
:10F610004FEA014ACCEB42027A434FEA004B0CEB33
:10F6200048080AF0FC6A21F4FC6109FB08224AEA56
:10F630000101CCEB45050BF0FC6B20F4FC6005FBF5
:10F6400001224BEA00000CFB0022570D520907F47F
:10F65000FC6722F4FC623A43FF2B92B202D112996A
:10F66000FF2963D00A98BEF800100A9C4343581C37
:10F6700000EB23236FEA23230812DBB2151200F0FC
:10F68000F80010FB03F0CF1005F0F805C90005FBEA
:10F690000405C9B2D010D20011FB03F1D2B207F0B9
:10F6A000FC0702FB041217FB03F7ADB292B200F0A5
:10F6B000FC0000FB04706B1C571C03EB152507EBCB
:10F6C000122780B2C7F3C42705F478453D43471C91
:10F6D00007EB10277F0907F4FC673D43AEF80050A5
:10F6E000219B239A13442193229A249B1A44139B0F
:10F6F0002292013B0EF1020E13931CE608FB00F070
:10F7000009FB0303DCE6B94604E7C2F110017A43C2
:10F7100009FB01294FEA49094FEA59504FEA5912AA
:10F7200000F4FC6022F4FC62024395E7AEF800208E
:10F73000D6E717B0BDE8F08F2DE9F04F85B0DDE9D1
:10F740001070BDF93860039100FB067403EB4405AB
:10F750000028BDF93CB09DF848109DF84CE001959B
:10F7600002EB0409C0F24181834540F33E81002F42
:10F77000C0F23781BE4240F3348112F804C033F83E
:10F7800014304FEAEC0223F4FC65554303F4FC63A8
:10F790004FF61F040CFB03F204EA551305F60105AE
:10F7A0001D4402F1200303EB12231B0A04EA551443
:10F7B00003F4FC631C437B1C00F11C819E4240F35C
:10F7C0001981002900F01981019A99F801305588B2
:10F7D0004FEAE30825F4FC6208FB02F805F4FC6537
:10F7E0004FF61F0202EA581A5D4308F60108D0449A
:10F7F00005F1200A0AEB15252D0A02EA581205F434
:10F80000FC652A43013000F1FE80834540F3FB8014
:10F81000BEF1000F00F0FC80002FC0F2F180BE426C
:10F8200040F3EE80019819F8065030F816804FEA40
:10F83000E50A28F4FC600AFB00FA4FF61F0B08F4F7
:10F84000FC680BEA5A1005FB08F80AF6010A824424
:10F8500008F1200000EB1820000A0BEA5A1B00F404
:10F86000FC604BEA000B013700F1D780BE4240F349
:10F87000D480002900F0D4800136019819F8067070
:10F8800030F816004FEAE70920F4FC6600F4FC604B
:10F8900009FB06F907FB00F84FF61F0000EA591AAA
:10F8A00009F60109D14400EA591608F1200000EBDD
:10F8B0001820000A00F4FC6030438EB21FFA8EF963
:10F8C00006FB09F84FEA044AC8EB091936010AF0A9
:10F8D000FC6A24F4FC6401964AEA04041FFA89F6DF
:10F8E0004FEA024A11FB0EF9C9F3C70902960AF062
:10F8F000FC6A264622F4FC62CEF11004641A4AEA3D
:10F900000202C9EB41014FEA004A4A4309EB4404B1
:10F910000AF0FC6A20F4FC6004FB06244AEA0000BA
:10F9200009FB00424FEA0B4404F0FC640198039980
:10F930002BF4FC6B44EA0B0B029C0988C0F5807029
:10F94000001B019CA4EB0806B6B280B273430CFB0B
:10F9500000330298C9EB4E0E00FB05350EFB0B2E53
:10F9600008FB07574FEA5E520B124FEA5E1E6FEA22
:10F970002727FFB202F4FC62C8102EF4FC6E03F0DD
:10F98000F803C9007B4342EA0E0EC9B200F0FC0046
:10F990001FFA8EF278434F43591C01EB13211312C7
:10F9A00023F0070303EB1123411C01EB1020D110BE
:10F9B00021F0030101EB10211B02C90001F4FC61DD
:10F9C00003F478430B43791C01EB1727D20002EBB9
:10F9D0001722C2F3C4021A43039B1A8005B0BDE884
:10F9E000F08F4FF0000C6446E5E600239C461A4673
:10F9F0001C4607E700231A4604E70B460A4601E7C0
:10FA00000025AB462FE700273D463846BB4654E766
:10FA1000774675467046F3464FE7002738464CE771
:10FA20000F46084649E700002DE9F04F93B01092C9
:10FA3000219A0E910693DDE9221311905068126805
:10FA400000FB031302EB43030793249B1B680893FB
:10FA5000249B5B6809930E9B002B03DC109B002BFF
:10FA600040F3B483249BB3F90810B3F90C20481E6B
:10FA7000551E069B002B40F363811D9E1E9B361472
:10FA80004FEA234306D4864204DA002B02DBAB4262
:10FA9000C0F25781013600F14481B142C0F2418188
:10FAA000013300F13E819A42C0F23B81069B079FE1
:10FAB0000F934FF61F060F9B002B40F364811E9B94
:10FAC0001D9D18141D9BC3F303311E9BC3F3033C00
:10FAD000249B2D14D3E9022300F1EE8102F1FF3EB5
:10FAE000754580F2E9810028C0F2E68103F1FF3E0E
:10FAF000704580F2E181099B12B200FB02501FFAAF
:10FB000081FE03EB000A4FEA0E1513F800909AF8F5
:10FB10000180C5F580739BB2BCF1000F00F07981C4
:10FB20001AF802400A940AEB020B1FFA8CFA0AFB3D
:10FB30000EFECEEB0A1A1FFA8AFAA5EB0E059BF809
:10FB400001400B94A3EB0A03ADB20A9C9BB208FBE5
:10FB500005F509FB03530AFB04330B9C0EFB04332E
:10FB6000C3F30723002B00F0CF80089CB9F1FF0FEF
:10FB700004EB400534F8100000F0508120F4FC6ED6
:10FB80004FEAE90A00F4FC6009FB00F00AFB0EFEF4
:10FB900006EA5E1900F1200B0EF6010ECE440BEBC7
:10FBA00010294FEA192906EA5E1E09F4FC694EEA9B
:10FBB0000909B8F1FF0F688819D020F4FC6E4FEAEC
:10FBC000E80A00F4FC6008FB00F80AFB0EFE06EAF7
:10FBD0005E1008F1200B0EF6010E86440BEB182088
:10FBE000000A06EA5E1E00F4FC604EEA00004FEADE
:10FBF000094E4FEA004A0EF0FC6E29F4FC690AF047
:10FC0000FC6A20F4FC604EEA09094AEA0000BCF1F3
:10FC1000000F00F0058102F10042013A52000A9CF7
:10FC20000232FF2C05EB020EAA5A18D022F4FC6512
:10FC300002F4FC6204FB02FA4FEAE40808FB05F850
:10FC40000AF1200506EA581205EB1A2508F6010804
:10FC500042442D0A06EA521205F4FC652A430B9C25
:10FC6000BEF80250FF2C1AD025F4FC6E05F4FC659A
:10FC700004FB05FA4FEAE40808FB0EF80AF1200E2F
:10FC800006EA58150EEB1A2E08F6010845444FEA0D
:10FC90001E2E06EA55150EF4FC6E45EA0E051CFBF9
:10FCA00001FE4FEAEE0ECCF11008A8EB01084FEA76
:10FCB000024ACEEB41010EEB48084FEA054B4143A7
:10FCC0000AF0FC6A22F4FC624AEA0202CEEB4C0C17
:10FCD00009FB08110BF0FC6B25F4FC650CFB021111
:10FCE0004BEA05050EFB051E4FEA5E524FEA5E1E0B
:10FCF00002F4FC622EF4FC6E42EA0E0E1FFA8EF243
:10FD0000FF2B40F0A1803A801D9B1F9A13441D9346
:10FD10001E9A209B1A440F9B1E92013B02370F93A1
:10FD2000C9E61D9B1F9E1E9C33441D93209B1C44B3
:10FD3000069B1E94013B0693079B0233079398E6AC
:10FD400028D0069B1F981D9D013B00FB035000140B
:10FD50003FF5ACAE01398842BFF6A8AE20991E9897
:10FD600001FB03031B143FF5A1AE013A9342BFF61A
:10FD70009DAE069BDDF81CE00F934FF61F060F9B10
:10FD8000002B00F3B680069B23EAE374079B03EB8A
:10FD9000440307930E9B002B40F3188230EE040AB5
:10FDA000B7EE007AC7EE007A1C9B70EEA40A31EE23
:10FDB000051A20EEA77AF0EE626A61EE277AFEEE6F
:10FDC000C86A77EE622ACDED1D6AFEEEC82AF0EE13
:10FDD000436A37EEC33A12EE902ABEEEC83A92FB5F
:10FDE000F3F313EE102A1F931C9B92FBF3F3209363
:10FDF0000E9B109A013BFEEEC86A0E931C9BCDED44
:10FE00001E6A08BF13460693B0EE673AF0EE472A23
:10FE100021E608FB05F509FB0353A1E68146C8E688
:10FE2000C1F11002414309FB02194FEA49094FEAA7
:10FE300059524FEA591902F4FC6229F4FC6942EA6A
:10FE400009091FFA89F25BE7B7F800C0DB434FEA04
:10FE50002C205FFA83FE00F0F80000FB0EF0411C3E
:10FE600001EB102011124FEAEC0521F0070101EB24
:10FE7000102105F0FC05D74805FB0EF5C9B200EAD4
:10FE80000120691C01EB1525D11021F003014FEA77
:10FE9000CC0301EB1521DBB2C90003FB0EF301F427
:10FEA000FC610143581C00EB1323D20002EB132228
:10FEB000C2F3C4020A4326E715F1010E3FF524AF51
:10FEC0007245FFF621AF10F1010E3FF51DAF7345EE
:10FED000FFF61AAF1BB212B2CDE9041CCDE90250F5
:10FEE000019300923946DDE908321198FFF724FCAE
:10FEF0000AE71D9BC3F303321E9BC3F30335249B08
:10FF0000B3F908101E9B1F141D9B1B1401FB073720
:10FF1000099B1FFA82FC03EB070A4FEA0C1013F847
:10FF200007909AF80180C0F580739BB2002D00F015
:10FF3000FE801AF801400C940AEB010B1FFA85FAB7
:10FF40000AFB0CFCCCEB0A1A1FFA8AFAA0EB0C0095
:10FF5000A3EB0A0380B208FB00F09BB209FB03038A
:10FF60000C989BF801400D940AFB00330CFB043302
:10FF7000C3F30723002B00F0CC800898089CB9F14C
:10FF8000FF0F00EB470034F8177000F0D58027F41E
:10FF9000FC6C4FEAE90A07F4FC6709FB07F70AFB68
:10FFA0000CFC06EA5C1907F1200B0CF6010CCC44A2
:10FFB0000BEB17294FEA192906EA5C1C09F4FC69C6
:10FFC0004CEA0909B8F1FF0F478819D027F4FC6CF7
:10FFD0004FEAE80A07F4FC6708FB07F80AFB0CFC89
:10FFE00006EA5C1708F1200B0CF6010CBC440BEB85
:10FFF00018273F0A06EA5C1C07F4FC674CEA07076F
:020000040802F0
:100000004FEA094C4FEA074A0CF0FC6C29F4FC69F2
:100010000AF0FC6A27F4FC674CEA09094AEA070778
:10002000002D00F08B8001F10041013949000231BF
:1000300000EB010C415A0C98FF2819D00C9C21F4BC
:10004000FC6001F4FC6104FB01FA4FEAE40808FBE0
:1000500000F80AF1200006EA581100EB1A2008F611
:1000600001084144000A06EA511100F4FC60014312
:100070000D9CBCF80200FF2C1AD020F4FC6C00F49C
:10008000FC6004FB00FA4FEAE40808FB0CF80AF1F4
:10009000200C06EA58100CEB1A2C08F60108404414
:1000A0004FEA1C2C06EA50100CF4FC6C40EA0C00E1
:1000B00015FB02FC4FEAEC0CC5F11008A8EB020896
:1000C0004FEA014ACCEB42027A434FEA004B0CEB79
:1000D00048080AF0FC6A21F4FC6109FB08224AEA9C
:1000E0000101CCEB45050BF0FC6B20F4FC6005FB3B
:1000F00001224BEA00000CFB0022570D520907F4C5
:10010000FC6722F4FC623A43FF2B92B227D1AEF88F
:1001100000201D9B1F9A13441D931E9A209B1A4476
:100120000F9B1E92013B0EF1020E0F9327E608FB78
:1001300000F009FB03031BE7B94643E7C2F11001D6
:100140007A4309FB01294FEA49094FEA59504FEA1E
:10015000591200F4FC6022F4FC620243D4E7BEF8BA
:1001600000701C4CDB4338125FFA83FC00F0F8008F
:10017000FD1000FB0CF005F0FC0505FB0CF1451C27
:1001800005EB1020151225F0070505EB10204D1C7E
:1001900005EB1125D11021F00301FB0001EB152126
:1001A000DBB2C0B2C90003FB0CF301F4FC6104EA4A
:1001B00000200843591C01EB1323D20002EB132348
:1001C000C3F3C4031843AEF80000A2E713B0BDE8C0
:1001D000F08F00BF00F8FFFF2DE9F047DDE909458A
:1001E00005FB034C002DBDF920A09DF82C909DF837
:1001F00030709DF83460088802EB4C0EC0F2A78086
:10020000AA4540F3A480002CC0F29F80A34240F393
:100210009C8032F81C80621C00F19C80934240F369
:100220009980B9F1000F00F09580BEF802C0013549
:1002300000F19480AA4540F39180002F00F08E8059
:10024000002CC0F28980A34240F386803EF8135010
:10025000013400F18680A34240F38380B9F1000F9E
:100260007FD001333EF813304FEA084404F0FC64B9
:1002700028F4FC6819FB07FE44EA08084FEA0C441E
:10028000CEF3C70EC7F1100204F0FC642CF4FC6C32
:1002900044EA0C0CA2EB0902CEEB49040EEB42023D
:1002A00004FB0CF402FB08481A0402F0FC6223F47D
:1002B000FC6313432A0402F0FC6225F4FC650EFB88
:1002C00003832A43CEEB470707FB0232530D520943
:1002D00003F4FC6322F4FC621A4393B2B4B2021238
:1002E000F643F6B21D1202F0F80212FB06F2C71036
:1002F00005F0F805C00005FB0425C0B2DA10DB00EC
:10030000DBB207F0FC0710FB06F0ADB203FB040004
:1003100002F0FC0217FB06F780B26B1C02FB0472B2
:1003200092B203EB1525431C03EB1023501C00EB8A
:10033000122205F47845C3F3C42352092B4302F477
:10034000FC6213430B80BDE8F087804663E7844678
:1003500080466CE784466AE7054679E7034605462A
:1003600082E7034680E72DE9F04F93B01D461092D7
:10037000219B9DF894200B92DDE922270A91596870
:100380001B68119001FB072703EB47030793249B8E
:100390001B6809930B9BDDE91D46DB43DBB2089329
:1003A0000A9B002B03DC109B002B40F30382249B51
:1003B000B3F90810B3F90C20481E02F1FF3C002DE0
:1003C00040F3DA805FEA244E4FEA264306D486459E
:1003D00004DA002B02DB6345C0F2CF801EF1010E70
:1003E00000F1C1807145C0F2BE80013300F1BB80D5
:1003F0009A42C0F2B880DDF81C80A946B9F1000F1E
:1004000040F3D880249B21144FEA2640C4F30332E2
:10041000C6F3033CD3E902E300F111810EF1FF3A88
:10042000514580F20C810028C0F2098103F1FF3AA6
:10043000504580F204810FFA8EF300FB03110998F6
:1004400000EB410A30F811E0BAF80210BCF1000FDD
:1004500007D05B000AEB03003AF803300C934388A3
:100460000D934FEA0E4012FB0CF32EF4FC6E4FEA94
:10047000014A00F0FC60DB1040EA0E000AF0FC6A62
:10048000CCF1100E21F4FC61AEEB020E4AEA010140
:10049000C3EB420251430D9A089F03EB4E0E0EFB35
:1004A000001E100400F0FC6022F4FC6210430C9A61
:1004B0000C99120403FB00E002F0FC6221F4FC6ED4
:1004C00042EA0E02C3EB4C0303FB02035A0D5B0925
:1004D000B8F8000002F4FC6223F4FC6313439BB2FF
:1004E0000112BDF82C204FEA232C01F0F80111FB7A
:1004F00007F14FEAE00E0CF0F80CC0000CFB021CF8
:10050000C0B2D910DB000EF0FC0EDBB210FB07F01E
:100510001FFA8CFC03FB020301F0FC011EFB07FE2B
:1005200001FB02E19AB20CF1010389B203EB1C2C2E
:10053000531C03EB12234A1C02EB11210CF4784CE0
:10054000C3F3C423490943EA0C0301F4FC610B43E0
:10055000A8F800301F9B1C44209B08F102081E4491
:1005600009F1FF394AE71F9B1C44209B1E44079B4F
:100570000233013D079322E722D01F986B1E00FB38
:10058000034000143FF537AF01398842BFF633AF5F
:10059000209901FB03631B143FF52DAF013A9342F1
:1005A000BFF629AFDDF81C90BDF82CA0A846B8F125
:1005B000000F5EDC079B25EAE57503EB4503079317
:1005C0000A9B002B40F3F68030EE040AB7EE007A67
:1005D000C7EE007A1C9B70EEA40A31EE051A20EEDD
:1005E000A77AF0EE626A61EE277AFEEEC86A77EECD
:1005F000622A16EE904AFEEEC82AF0EE436A37EE03
:10060000C33A12EE902ABEEEC83A92FBF3F313EE11
:10061000102A1F931C9B92FBF3F320930A9B109AC2
:10062000013BFEEEC86A0A931C9B16EE906A14BF4B
:100630001D461546B0EE673AF0EE472AB0E611F1D6
:10064000010A87D4D64585DB10F1010A82D45345CF
:1006500080DB0B9F01911BB2CDE902020093CDE933
:1006600004C70FFA8EF3099A11984146FFF7B4FDBB
:1006700070E7249B099FB3F908103014231401FB81
:100680000030099B37F810C003EB4003C6F3033E6C
:10069000C4F303325888BEF1000F0BD001F10041C2
:1006A00001394900023103EB010B5B5A0E93BBF891
:1006B00002300F934FEA0C4112FB0EF32CF4FC6C4A
:1006C0004FEA004B01F0FC61DB1041EA0C010BF03A
:1006D000FC6BCEF1100C20F4FC60ACEB020C4BEA8E
:1006E0000000C3EB420250430F9A089F03EB4C0CEF
:1006F0000CFB010C4FEA024B22F4FC610E9A0E989F
:100700000BF0FC6B12044BEA010120F4FC6002F0D8
:10071000FC6203FB01C10243C3EB4E0303FB021265
:100720004FEA525B520922F4FC630BF4FC6BB9F8FC
:1007300000204BEA03039BB21112181201F0F801DA
:1007400011FB07F14FEAE20C00F0F800D20000FBC9
:100750000A100CF0FC0CD910D2B2DB001CFB07FC19
:1007600012FB07F201F0FC01DBB280B201FB0AC10F
:1007700003FB0A239BB289B2421C02EB102001F159
:10078000010C5A1C02EB13220CEB112C1F9B00F4E2
:100790007840C2F3C4224FEA5C1C10430CF4FC6C9A
:1007A0001C44209B40EA0C0029F8020B1E4408F16F
:1007B000FF38FCE613B0BDE8F08F2DE9F043DDE92A
:1007C000084E0EFB0347BEF1000FBDF91C909DF8CB
:1007D00028509DF82C60088802EB470860DBF14543
:1007E0005EDD002C5ADBA34258DD32F817C0621CD4
:1007F00059D4934257DD002D55D0B8F802701EF140
:10080000010E54D4F14552DD002E50D0002C4CDBAB
:10081000A3424ADD38F81320013405D4A34203DD96
:1008200015B1013338F813004FEA0C4315FB06F4F9
:1008300003F0FC634FEA074E2CF4FC6CC4F3C704CE
:1008400043EA0C0C0EF0FC6EC6F1100327F4FC67B3
:100850005B1B4EEA0707C4EB450504EB43037D43EE
:1008600003FB0C5C030403F0FC6320F4FC601843FE
:10087000130403F0FC6322F4FC62134304FB00C086
:10088000C4EB460606FB0300430D400903F4FC637A
:1008900020F4FC6018430880BDE8F0838446A6E796
:1008A00007468446ABE70746A9E70246B4E7024697
:1008B000BAE72DE9F04F8FB01D461D9B0C92DDE984
:1008C0001E27079159681B680D9001FB072703EB52
:1008D0004707209BDDE91946D3F80080079B002BD2
:1008E00003DC0C9B002B40F38181209BB3F90810A3
:1008F000B3F90C20481E02F1FF3C002D40F39B8011
:100900005FEA244E4FEA264306D4864504DA002BDC
:1009100002DB6345C0F290801EF1010E00F184807D
:100920007145C0F2818001337ED49A427CDBAA46B5
:10093000B946BAF1000F40F39980209B21144FEA89
:100940002640C4F30332C6F3033CD3E902E300F1CB
:10095000D0800EF1FF3B594580F2CB800028C0F2D9
:10096000C88003F1FF3B584580F2C3800FFA8EFE2A
:1009700000FB0E1108EB410038F811B04188BCF1C2
:10098000000F0BD00EF10043013B5B00023300EB84
:10099000030EC35A0893BEF8023009934FEA0B4086
:1009A00000F0FC602BF4FC6B40EA0B0012FB0CF334
:1009B0004FEA014BDB10CCF1100E0BF0FC6B21F475
:1009C000FC61AEEB020E4BEA0101C3EB4202514364
:1009D000099A03EB4E0E0EFB001E100400F0FC60A3
:1009E00022F4FC621043089A0899120403FB00E009
:1009F00002F0FC6221F4FC6E42EA0E02C3EB4C03EF
:100A000003FB02035A0D5B0902F4FC6223F4FC634E
:100A10001343A9F800301B9B1C441C9B09F10209DD
:100A20001E440AF1FF3A84E71B9B1C441C9B013DBA
:100A30001E44023761E71DD01B986B1E00FB03406C
:100A400000143FF574AF01398842BFF670AF1C99AE
:100A500001FB03631B143FF56AAF013A9342BFF6F3
:100A600066AFA946BA46B9F1000F5ADC25EAE5752A
:100A700007EB4507079B002B40F3B88030EE040AD4
:100A8000B7EE007AC7EE007A189B70EEA40A31EE3A
:100A9000051A20EEA77AF0EE626A61EE277AFEEE82
:100AA000C86A77EE622A16EE904AFEEEC82AF0EE89
:100AB000436A37EEC33A12EE902ABEEEC83A92FB72
:100AC000F3F313EE102A1B93189B92FBF3F31C9382
:100AD000079B0C9A013BFEEEC86A0793189B16EE23
:100AE000906A14BF1D461546B0EE673AF0EE472AED
:100AF000F4E611F1010B8ED4DE458CDB10F1010B15
:100B000089D45B4587DB1BB2CDE90110CDE9032C0D
:100B1000009342460FFA8EF349460D98FFF74DFEBB
:100B200079E7209BB3F908302014311403FB01014D
:100B300008EB4100C6F3033E38F811C04188C4F306
:100B40000332BEF1000F0BD003F10043013B5B0009
:100B5000023300EB030BC35A0A93BBF802300B932A
:100B60004FEA0C4012FB0EF32CF4FC6C4FEA014BE5
:100B700000F0FC60DB1040EA0C000BF0FC6BCEF1E7
:100B8000100C21F4FC61ACEB020C4BEA0101C3EB4D
:100B9000420251430B9A03EB4C0C0CFB001C4FEA36
:100BA000024B22F4FC600A9A0A990BF0FC6B1204C7
:100BB0004BEA000002F0FC6221F4FC6B03FB00C076
:100BC00042EA0B0BC3EB4E0303FB0B00430D400942
:100BD00003F4FC6320F4FC6018431B9B2AF8020B0F
:100BE0001C441C9B09F1FF391E443CE70FB0BDE8D3
:100BF000F08F2DE9F04F85B0DDE90F740291002CE4
:100C000004FB0371BDF938E09DF844609DF848008D
:100C100002EB810CC0F21B81A64540F31881002F26
:100C2000C0F21381BB4240F3108152F821507A1C6C
:100C300000F11081934240F30D81002E00F00C81F1
:100C4000DCF80410013400F10B81A64540F3088163
:100C5000002800F00881002FC0F20081BB4240F361
:100C6000FD805CF82340013700F10081BB4240F376
:100C7000FD80002E00F0FC8001335CF82320B6B22A
:100C800080B200FB06FECEEB00103601A6EB0E078D
:100C900080B2C6F580734FEA116ABFB21B1A4FEAE1
:100CA000156B9BB20AFB07F64FEA14690BFB036650
:100CB0004FEA126800FB09660EFB0866C6F30726BA
:100CC0000096002E00F0BE8005F0FF1C0BFB0CFC14
:100CD00005F47F450BFB05F54FEA1C2B0BF0FF1BC2
:100CE0000CF1011CDC444FEA1C2C01950CF0FF15A3
:100CF0000395019D029E05F5807C0CEB152501F006
:100D0000FF1C0AFB0CFC4FEA152B4FEA1C2505F0D3
:100D1000FF150CF1011C654404F0FF1C04F47F4432
:100D200009FB0CFC09FB04F909F5807404EB192993
:100D300002F0FF1408FB04F401F47F4102F47F4247
:100D400008FB02F80AFB01FA220A0AF5807102F098
:100D5000FF1204F1011401EB1A2A14444FEA1C217A
:100D600008F580722D0A02EB182805F0FF15039A8A
:100D7000368801F0FF110CF1011C7D436144240A07
:100D800002FB0355090A04F0FF1404FB0E5401F0A2
:100D9000FF1101FB00414FEA1A2A090A0AF47F4AAF
:100DA00001F0FF1407FB0AF74FEA18280BF47F4104
:100DB00003FB01714FEA192908F47F480EFB081E56
:100DC00009F47F4100FB01E19DF84C00009A87B2D5
:100DD0007A43090A531C01F47F41214303EB122398
:100DE00035120A0C6FEA1323DBB212FB07F205F08F
:100DF000F80505FB0325C1F30724F210C8B2F6007D
:100E000014FB07F402F0FC02F6B210FB07F002FB41
:100E10000342ADB206FB030399B294B26B1C03EB21
:100E20001525621C4B1C03EB112302EB142205F465
:100E30007845C3F3C423520902F4FC622B431343E5
:100E4000029A138005B0BDE8F08F0025EFE600217F
:100E50000D46F7E60021F5E63146F3E6002402E709
:100E6000002214460BE70246044608E7002206E784
:100E7000324604E72DE9F04F9DB0DDE9274619928F
:100E800007932B9A9DF8BC301A931791DDE92C1328
:100E90001B905068126800FB031302EB43030A9394
:100EA0002E9B1B681093BDF868300B93179B002B8B
:100EB00003DC199B002B40F375832E9BB3F90810BC
:100EC000B3F90C20481E571E079B002B40F38E8160
:100ED0005FEA244C4FEA264306D4844504DA002B0B
:100EE00002DBBB42C0F283811CF1010C00F1738173
:100EF0006145C0F27081013300F16D819A42C0F208
:100F00006A81079B0A9F1893189B002B40F38C81E2
:100F10002E9A2E9BD2F80CE09B6822144FEA264CA6
:100F2000C4F30330C6F3033100F1CD8103F1FF3880
:100F3000424580F2C881BCF1000FC0F2C4810EF1BD
:100F4000FF38C44580F2BF811BB20CFB0322109D09
:100F500005EB820855F822204FEA126E002800F0B7
:100F6000A981D8F804500C952D0E139581B103F189
:100F70008043013B9B00043308EB030C58F803301B
:100F800008931B0E1193DCF804300D931B0E149381
:100F900080B289B200FB01F9C9EB01110001A0EB9D
:100FA000090889B2C0F580731398119D1FFA88F85B
:100FB0005B1A9BB208FB00F003FB0E0001FB05006F
:100FC000149D09FB0500C0F30720002800F0FA80FB
:100FD000BEF1FF0F1BD002F0FF1A0EFB0AFA02F45B
:100FE0007F420EFB02FE4FEA1A2202F0FF120AF1C4
:100FF000011A0EF5807C52440CEB1E2C120A4FEAAB
:101000001C2C02F0FF120CF47F4C42EA0C02139DE0
:10101000FF2D21D00C9D05F0FF1B139D05FB0BFB45
:101020000C9D05F47F4A139D4FEA1B2E05FB0AFA1F
:101030000EF0FF1E0BF1011B0AF5807CDE440CEB69
:101040001A2A4FEA1E2E4FEA1A2A0EF0FF1E0AF441
:101050007F4A4EEA0A050C95119DFF2D21D0089D6F
:1010600005F0FF1B119D05FB0BFB089D05F47F4A56
:10107000119D4FEA1B2E05FB0AFA0EF0FF1E0BF125
:10108000011B0AF5807CDE440CEB1A2A4FEA1E2E67
:101090004FEA1A2A0EF0FF1E0AF47F4A4EEA0A05AA
:1010A0000895149DFF2D21D00D9D05F0FF1B149D6B
:1010B00005FB0BFB0D9D05F47F4A149D4FEA1B2E8B
:1010C00005FB0AFA0EF0FF1E0BF1011B0AF5807CEE
:1010D000DE440CEB1A2A4FEA1E2E4FEA1A2A0EF0B3
:1010E000FF1E0AF47F4A4EEA0A050D950C9D05F095
:1010F000FF1C089D02F0FF1E08FB0CFC03FB0ECC3E
:1011000005F0FF1E0D9D01FB0ECC05F0FF1E0C9D92
:1011100009FB0ECC05F47F4E08FB0EF802F47F426B
:1011200003FB0282089B0B9D03F47F4A0D9B01FB8E
:101130000A2203F47F4109FB01290B9A3B884243B1
:101140004FEA1C2C4FEA1929501C0CF0FF1C09F423
:101150007F494CEA090C00EB122019124FEA1C429D
:101160006FEA1020C0B212FB05F201F0F80101FB9A
:101170000021CCF3072EDA105FFA8CFCDB001CFB9D
:1011800005FCDBB289B203FB00C31FFA83FC4B1CD6
:1011900003EB112102F0FC021EFB05FE0CF1010322
:1011A00002FB00E203EB1C2392B201F47841C3F38B
:1011B000C4230B43511C01EB1222520902F4FC62BE
:1011C00013433B80299B1C442A9B1E44189B013BD4
:1011D0000237189398E6299B1C442A9B1E44079BC0
:1011E000013B07930A9B02330A936DE623D0079BCA
:1011F0002998013B00FB034000143FF582AE013902
:101200008842BFF67EAE2A9901FB03631B143FF5AB
:1012100078AE013A9342BFF674AEDDF81CB0DDF84B
:101220002890BBF1000F6CDC079B23EAE3750A9B57
:1012300003EB45030A93179B002B40F3B38130EE79
:10124000040AB7EE007AC7EE007A269B70EEA40A75
:1012500031EE051A20EEA77AF0EE626A61EE277A87
:10126000FEEEC86A77EE622A16EE904AFEEEC82AB3
:10127000F0EE436A37EEC33A12EE902ABEEEC83A59
:1012800092FBF3F313EE102A2993269B92FBF3F3C0
:101290002A93179B199A013BFEEEC86A1793269B67
:1012A00008BF134616EE906A0793B0EE673AF0EE69
:1012B000472AFBE500293FF46BAE58F8233008932A
:1012C0001B0E119364E612F101083FF57BAF434515
:1012D000FFF678AF1CF101083FF574AFC645FFF685
:1012E00071AF1A9D01920FFA8EF2CDE90415CDE986
:1012F00002C000921BB2109A1B983946FFF779FC86
:1013000060E72E9B109DB3F908102714331401FBDE
:10131000037305EB830755F82330C4F30332C6F398
:1013200003304FEA136C002A00F033817D680E957C
:101330002D0E159578B101F18041013989000431F4
:1013400007EB010E79580991090E1291DEF804108D
:101350000F91090E169192B280B202FB00F8C8EB11
:1013600000101201A2EB080E80B2C2F5807215992E
:10137000129D1FFA8EFE121A92B20EFB01F102FBB1
:101380000C1100FB0511169D08FB0511C1F3072187
:10139000002900F0F580BCF1FF0F19D003F0FF1A0F
:1013A0000CFB0AFA03F47F430CFB03FC4FEA1A23FD
:1013B00003F0FF130AF1011A0CF58077534407EB91
:1013C0001C271B0A3F0A03F0FF1307F47F473B4328
:1013D000159DFF2D20D00E9D05F0FF17159D6F4325
:1013E0000E9D05F47F4A159D4FEA172C05FB0AFA5E
:1013F00007F101170CF0FF1CBC440AF5807707EBDE
:101400001A2A4FEA1C2C4FEA1A2A0CF0FF1C0AF485
:101410007F4A4CEA0A050E95129DFF2D20D0099DAA
:1014200005F0FF17129D6F43099D05F47F4A129D39
:101430004FEA172C05FB0AFA07F101170CF0FF1C05
:10144000BC440AF5807707EB1A2A4FEA1C2C4FEAB6
:101450001A2A0CF0FF1C0AF47F4A4CEA0A05099587
:10146000169DFF2D20D00F9D05F0FF17169D6F4391
:101470000F9D05F47F4A169D4FEA172C05FB0AFACB
:1014800007F101170CF0FF1CBC440AF5807707EB4D
:101490001A2A4FEA1C2C4FEA1A2A0CF0FF1C0AF4F5
:1014A0007F4A4CEA0A050F950E9D05F0FF17099D2E
:1014B00003F0FF1C0EFB07F702FB0C7705F0FF1C87
:1014C0000F9D00FB0C7705F0FF1C0E9D08FB0C77B1
:1014D00005F47F4C0EFB0CFE03F47F4302FB03E399
:1014E000099A0B9D02F47F4A0F9A00FB0A3302F41B
:1014F0007F4C08FB0C3C0B9BB9F8000059433F0A9A
:101500004FEA1C2C0CF47F4C4B1C07F0FF1747EAEA
:101510000C0703EB112102123B0C6FEA1121C9B237
:1015200013FB05F302F0F80202FB0132C7F3072CAC
:10153000C310FFB2C000C0B217FB05F700FB01707B
:1015400092B21CFB05FC80B203F0FC0303FB01C359
:10155000511C00F1010C01EB12220CEB102C9BB280
:10156000CCF3C42C02F478424CEA020203F1010CE1
:101570000CEB13235B0903F4FC631A43A9F8002066
:10158000299B1C442A9B09F102091E440BF1FF3BD5
:1015900047E600283FF4DFAE57F821100991090E05
:1015A0001291D8E61DB0BDE8F08F2DE9F04F85B05F
:1015B000DDE90F740291002C04FB0371BDF938E0E2
:1015C0009DF844609DF8480002EB810CC0F20C814C
:1015D000A64540F30981002FC0F20481BB4240F3CD
:1015E000018152F821507A1C00F10181934240F3AD
:1015F000FE80002E00F0FD80DCF80410013400F1C4
:10160000FC80A64540F3F980002800F0F980002F07
:101610000CEB8302C0F2EF80BB4240F3EC805CF83D
:101620002340013700F1EF80BB4240F3EC80002EF5
:1016300000F0EB805268B6B280B200FB06FECEEB43
:1016400000103601A6EB0E0780B2C6F580734FEA94
:10165000116ABFB21B1A4FEA156B9BB207FB0AF661
:101660004FEA14690BFB03664FEA126800FB096638
:101670000EFB0866C6F307260096002E00F0AF802A
:1016800005F0FF1C0BFB0CFC05F47F450BFB05F57F
:101690004FEA1C2B0BF0FF1B0CF1011CDC444FEA42
:1016A0001C2C01950CF0FF150395019D029E05F57C
:1016B000807C0CEB152501F0FF1C0AFB0CFC4FEAAB
:1016C000152B4FEA1C2505F0FF150CF1011C654494
:1016D00004F0FF1C04F47F4409FB0CFC09FB04F933
:1016E00009F5807404EB192902F0FF1408FB04F4D7
:1016F00001F47F4102F47F4208FB02F80AFB01FA81
:10170000220A0AF5807102F0FF1204F1011401EBC4
:101710001A2A14444FEA1C2108F580722D0A02EBA4
:10172000182805F0FF15039A368801F0FF110CF117
:10173000011C7D436144240A02FB0355090A04F09D
:10174000FF1404FB0E5401F0FF1101FB00414FEAAE
:101750001A2A090A0AF47F4A01F0FF144FEA1828EE
:101760000BF47F4107FB0AF703FB01714FEA1929CC
:10177000009B08F47F480EFB081E09F47F4100FB24
:1017800001E1DA433312D2B2F010090A03F0F80390
:10179000F600534301F47F4100F0FC00F6B2214310
:1017A000504356435A1C02EB13220B0C03EB12233B
:1017B000421C02EB10200A0A02EB10221B02D2008C
:1017C00002F4FC6203F478431343721C02EB162606
:1017D00001EB1621C1F3C4011943029B198005B026
:1017E000BDE8F08F0025FEE600210D4606E700214A
:1017F00004E7314602E7002413E7002214461AE703
:101800000246044617E7002215E7324613E70000B8
:101810002DE9F04F9BB0DDE925461892299A1691E3
:101820000793DDE92A1319905068126800FB03132F
:1018300002EB43030A932C9B1B680F93169B002B10
:1018400003DC189B002B40F386832C9BB3F9081014
:10185000B3F90C20481E571E079B002B40F36681EE
:101860005FEA244C4FEA264306D4844504DA002B71
:1018700002DBBB42C0F25B811CF1010C00F14B8129
:101880006145C0F24881013300F145819A42C0F2BE
:101890004281079B0A9F1793179B002B40F365819A
:1018A0002C9A2C9BD2F80CE09B6822144FEA264C11
:1018B000C4F30331C6F3033000F1D58103F1FF38DF
:1018C000424580F2D081BCF1000FC0F2CC810EF114
:1018D000FF38C44580F2C7811BB20CFB03220F9D69
:1018E00005EB820855F822204FEA126E002900F01D
:1018F0008281D8F804500B952D0E129580B103F11A
:101900008043013B9B00043308EB030C58F8033081
:1019100008931B0E1093DCF804300C931B0E1393EA
:1019200089B280B201FB00F9C9EB00100901A1EBFB
:10193000090880B2C1F58071129B109D1FFA88F8CA
:10194000091A89B208FB03F301FB0E3300FB0533D0
:10195000139D09FB0533C3F30723002B00F0D2804E
:10196000BEF1FF0F1BD002F0FF1A0EFB0AFA02F4C1
:101970007F420EFB02FE4FEA1A2202F0FF120AF12A
:10198000011A0EF5807C52440CEB1E2C120A4FEA11
:101990001C2C02F0FF120CF47F4C42EA0C02129D48
:1019A000FF2D21D00B9D05F0FF1B129D05FB0BFBAE
:1019B0000B9D05F47F4A129D4FEA1B2E05FB0AFA88
:1019C0000EF0FF1E0BF1011B0AF5807CDE440CEBD0
:1019D0001A2A4FEA1E2E4FEA1A2A0EF0FF1E0AF4A8
:1019E0007F4A4EEA0A050B95109DFF2D21D0089DD8
:1019F00005F0FF1B109D05FB0BFB089D05F47F4EBA
:101A0000109D05FB0EFA4FEA1B2E0EF0FF1E0BF188
:101A1000011B0AF5807CDE440CEB1A2A4FEA1E2ECD
:101A20004FEA1A2A0EF0FF1E0AF47F4A4EEA0A0510
:101A30000895139DFF2D21D00C9D05F0FF1B139DD4
:101A400005FB0BFB0C9D05F47F4A139D4FEA1B2EF3
:101A500005FB0AFA0EF0FF1E0BF1011B0AF5807C54
:101A6000DE440CEB1A2A4FEA1E2E4FEA1A2A0EF019
:101A7000FF1E0AF47F4A4EEA0A050C950B9D05F0FD
:101A8000FF1C089D02F0FF1E08FB0CFC01FB0ECCA6
:101A900005F0FF1E0C9D00FB0ECC05F0FF1E0B9DFC
:101AA00009FB0ECC05F47F4E02F47F4208FB0EF8D2
:101AB00001FB0282089901F47F4A0C9900FB0A227B
:101AC00001F47F4009FB00294FEA1C2C4FEA192939
:101AD0000CF0FF1C09F47F494CEA090CFF2B4FEA7C
:101AE0001C2240F091804FEA5C1322F4FF6203F461
:101AF000FC6322F007021A43CCF3C40C4CEA020C3C
:101B0000A7F800C0279B1C44289B1E44179B013B41
:101B100002371793C0E6279B1C44289B1E44079B53
:101B2000013B07930A9B02330A9395E624D0079B57
:101B30002798013B00FB034000143FF5AAAE013992
:101B40008842BFF6A6AE289901FB03631B143FF53C
:101B5000A0AE013A9342BFF69CAEDDF81CB0DDF8B2
:101B60002880BBF1000F00F39A80079B23EAE375FE
:101B70000A9B03EB45030A93169B002B40F3EB8172
:101B800030EE040AB7EE007AC7EE007A249B70EEBE
:101B9000A40A31EE051A20EEA77AF0EE626A61EE31
:101BA000277AFEEEC86A77EE622A16EE904AFEEEBB
:101BB000C82AF0EE436A37EEC33A12EE902ABEEE20
:101BC000C83A92FBF3F313EE102A2793249B92FB5F
:101BD000F3F32893169B189A013BFEEEC86A1693FE
:101BE000249B08BF134616EE906A0793B0EE673A3F
:101BF000F0EE472A22E600283FF492AE58F8233050
:101C000008931B0E10938BE63988D44DDB434FEAC3
:101C1000212E5FFA83F80EF0F80E0EFB08FEC810B6
:101C2000CB0000F0FC000EF1010101EB1E2E00FBC9
:101C300008F04FEA1C4101EB1E2100F1010E0EEBF2
:101C4000102002EB1022DBB2C9B2D20003FB08F372
:101C500005EA012102F4FC620A43591C01EB13233B
:101C60000CEB132C48E712F101083FF54BAF43454D
:101C7000FFF648AF1CF101083FF544AFC645FFF63B
:101C800041AFCDE9012C0FFA8EF2CDE9031000929D
:101C90001BB20F9A19983946FFF787FC32E72C9B45
:101CA0000F9DB3F908702114331407FB03130F9928
:101CB00001EB830155F82330C4F30332C6F303303C
:101CC0004FEA136C002A00F007814D680D952D0E28
:101CD000149578B107F18047013FBF00043701EB4D
:101CE000070EC9590991090E1191DEF804100E91E1
:101CF000090E159192B280B202FB00F9C9EB0010F7
:101D00001201A2EB090E80B2C2F58071149A119DE6
:101D10001FFA8EFE091A89B20EFB02F201FB0C2299
:101D200000FB0522159D09FB0522C2F30722002AAC
:101D300000F0C980BCF1FF0F19D003F0FF1A0CFBB3
:101D40000AFA03F47F430CFB03FC4FEA1A2303F067
:101D5000FF130AF1011A0CF58077534407EB1C2797
:101D60001B0A3F0A03F0FF1307F47F473B43149D10
:101D7000FF2D20D00D9D05F0FF17149D6F430D9D85
:101D800005F47F4A149D4FEA172C05FB0AFA07F168
:101D900001170CF0FF1CBC440AF5807707EB1A2AE8
:101DA0004FEA1C2C4FEA1A2A0CF0FF1C0AF47F4A57
:101DB0004CEA0A050D95119DFF2D20D0099D05F0D7
:101DC000FF17119D6F43099D05F47F4C119D05FB85
:101DD0000CFA4FEA172C0CF0FF1C07F10117BC445A
:101DE0000AF5807707EB1A2A4FEA1C2C4FEA1A2AC9
:101DF0000CF0FF1C0AF47F4A4CEA0A050995159D70
:101E0000FF2D20D00E9D05F0FF17159D6F430E9DF1
:101E100005F47F4A159D4FEA172C05FB0AFA07F1D6
:101E200001170CF0FF1CBC440AF5807707EB1A2A57
:101E30004FEA1C2C4FEA1A2A0CF0FF1C0AF47F4AC6
:101E40004CEA0A050E950D9D05F0FF17099D03F05C
:101E5000FF1C0EFB07F701FB0C7705F0FF1C0E9D26
:101E600000FB0C7705F0FF1C0D9D09FB0C7705F4BA
:101E70007F4C0EFB0CFE03F47F4301FB03E3099947
:101E800001F47F4A0E9900FB0A3301F47F4C09FBF1
:101E90000C3C3F0A4FEA1C2C07F0FF170CF47F4C58
:101EA00047EA0C07FF2A4FEA17231ED17A0923F4C9
:101EB000FF6302F4FC6223F007031343C7F3C40774
:101EC0001F43A8F80070279B1C44289B08F10208B8
:101ED0001E440BF1FF3B44E600283FF40BAF51F8E2
:101EE00027100991090E119104E7B8F80010D243A8
:101EF0004FEA212C5FFA82FE0CF0F80C0CFB0EFC72
:101F0000C810CA000CF1010101EB1C2C390C01EBCB
:101F10001C2C00F0FC00114900FB0EF05FFA8CFC59
:101F200001EA0C2CD2B2411C02FB0EF201EB102094
:101F300003EB1020511CC00001EB122200F4FC60E6
:101F400007EB12274CEA000CC7F3C40747EA0C0C56
:101F5000A8F800C0B7E71BB0BDE8F08F00F8FFFF9E
:101F60002DE9F047DDE90A05002DBDF92080BDF916
:101F700024909DF830709DF834C005FB030EC0F22C
:101F80008C80A94540F389800028C0F28480804578
:101F900040F381804FEA5E041EF0010F165D0CBF16
:101FA00006F00F06361106EB0616F6B2441C77D47F
:101FB000A04575DD002F75D00EF1010A4FEA5A04D5
:101FC0001AF0010F145D0CBF04F00F04241104EB90
:101FD0000414E4B2013569D4A94567DDBCF1000FF2
:101FE00067D0002860DB80455EDD03EB0E094FEA19
:101FF000590519F0010F555D0CBF05F00F052D11A6
:1020000005EB0515EDB2013056D4804554DD002FA7
:1020100054D001339E444FEA5E031EF0010FD05CA2
:102020000CBF00F00F00001100EB0010C3B2BAB2F9
:102030001FFA8CFC02FB0CF0C0EB0C1C12011FFA07
:102040008CFCC2F58077121AA7EB0C0792B2BFB2D4
:10205000624306FB07220CFB052500FB0353C3F379
:102060000723B3B19DF838205A43531C03EB1223C6
:102070002D4A1B121268FF2B4FEA122620D12B4B40
:10208000500900F4FC6033401843C2F3C402024319
:102090000A80BDE8F087002688E70024264699E7F5
:1020A000002497E73C4695E70025ACE700231D4652
:1020B000BDE763466546BAE70023B8E73B46B6E7A7
:1020C0000D889FB22C12C2F30740DB43DBB210FB3A
:1020D00007F004F0F80404FB0304F6B2E810D2B2EF
:1020E000ED0000F0FC0012FB07F216FB07F6EDB264
:1020F000A4B200FB036605FB03239AB2631CB0B2D3
:1021000003EB1424531C03EB1223421C02EB10209C
:1021100004F47844C3F3C4234009234300F4FC606F
:1021200003430B80B5E700BFCC39012000F8FF0066
:102130002DE9F04F97B0DDE9214614920993259AD5
:102140009DF8A4300D910F93DDE92613159050688A
:10215000126800FB031302EB4309289B9B680133C1
:1021600023F001030A93289B1F680D9B002B03DCBF
:10217000149B002B40F38782289BB3F90810B3F916
:102180000C20481E02F1FF3C099B002B40F3C48049
:102190005FEA244E4FEA264306D4864504DA002B34
:1021A00002DB6345C0F2B9801EF1010E00F1AA8086
:1021B0007145C0F2A780013300F1A4809A42C0F2B9
:1021C000A180099BBDF928A00E93C8460E9B002B49
:1021D00040F3C380289BD3E902CE23144FEA264064
:1021E000C4F30332C6F3033100F14D810CF1FF3B20
:1021F0005B4580F248810028C0F245810EF1FF3B2B
:10220000584580F240810A9D00FB05335808DD07E0
:1022100017F800C054BF0CF00F0C4FEA2C1C0CEB4D
:102220000C1C5FFA8CFC002A00F0DB80581C4FEA83
:10223000500EC00717F80EE054BF0EF00F0E4FEA15
:102240002E1E0EEB0E1E5FFA8EF01090C9B1534495
:102250005808DD07385C54BF00F00F00001100EB98
:1022600000100133C0B20B905808DD0717F800E0EA
:1022700054BF0EF00F034FEA2E1303EB0313DBB230
:10228000119392B289B202FB01F3C3EB0111120167
:1022900089B2C2F58070109DD21A401A92B26A4378
:1022A00080B20CFB002C0B9A01FB02C1119A03FBBC
:1022B0000213C3F30723DBB10F9A53435A1C02EBFB
:1022C0001323C64A1B121268FF2B4FEA122C40F050
:1022D000998053092CF4FF6C03F4FC632CF0070C79
:1022E00043EA0C0CC2F3C4024CEA0202A8F8002034
:1022F000239B1C44249B1E440E9B013B08F10208B7
:102300000E9363E7239B1C44249B1E44099B013BC3
:10231000099309F1020937E724D0099B2398013B6F
:1023200000FB034000143FF54CAF01398842BFF673
:1023300048AF249901FB03631B143FF542AF013AF8
:102340009342BFF63EAFBDF92830DDF824B00E93BE
:10235000C846BBF1000F00F3B780099B23EAE37581
:1023600009EB45090D9B002B40F38D8130EE040AEB
:10237000B7EE007AC7EE007A209B70EEA40A31EE29
:10238000051A20EEA77AF0EE626A61EE277AFEEE79
:10239000C86A77EE622A16EE904AFEEEC82AF0EE80
:1023A000436A37EEC33A12EE902ABEEEC83A92FB69
:1023B000F3F313EE102A2393209B92FBF3F3249361
:1023C0000D9B149A013BFEEEC86A0D93209B08BF3B
:1023D000134616EE906A0993B0EE673AF0EE472A7C
:1023E000C3E600293FF44DAF0AEB03004308C007E2
:1023F000FB5C54BF03F00F031B1103EB0313DBB2B1
:102400000B933EE7B8F800E01FFA83FB4FEA2E205B
:10241000C2F30741DB43DBB211FB0BF100F0F80024
:1024200000FB03105FFA8CFC4FEAEE01D2B24FEAD8
:10243000CE0E80B201F0FC011CFB0BFC5FFA8EFE9D
:1024400012FB0BFB01FB03CC0EFB03BB431C1FFA6F
:102450008CFC1FFA8BFB03EB102000F478430CF18B
:1024600001010BF1010000EB1B2001EB1C2CC0F360
:10247000C4204FEA5C1C18430CF4FC6C40EA0C00CE
:10248000A8F8000034E713F1010B3FF531AFDC454C
:10249000FFF62EAF10F1010B3FF52AAFDE45FFF638
:1024A00027AF0F9D02930FFA8EF301930FFA8CF36F
:1024B000CDE90302CDE9051500933A46534641465E
:1024C0001598FFF74DFD13E70A9D2214331405FB01
:1024D00003235A08DD07BA5C54BF02F00F02121141
:1024E00002EB0212C4F30331C6F30330D2B2002967
:1024F00076D003F1010E4FEA5E0C1EF0010F17F8C3
:102500000CC00CBF0CF00F0C4FEA2C1C0CEB0C1C7D
:102510005FFA8CF5129500B30E9D2B444FEA530CD5
:10252000DD0717F80CC054BF0CF00F0C4FEA2C1C41
:1025300001330CEB0C1C5FFA8CF54FEA530C0C9535
:1025400017F80CC0DD0754BF0CF00F0C4FEA2C1C21
:102550000CEB0C1C5FFA8CF3139389B280B201FB75
:1025600000F3C3EB0010090180B2C1F5807C129D1D
:10257000C91AACEB000C89B269431FFA8CFC02FB50
:102580000C120C9900FB0120139A03FB0203C3F306
:102590000723D3B10F9A53435A1C02EB13230F4A5C
:1025A0001B121268FF2B4FEA122C2DD153092CF469
:1025B000FF6C03F4FC632CF0070C43EA0C0CC2F331
:1025C000C4024CEA0202A8F80020239B1C44249B6E
:1025D00008F102081E440BF1FF3BBAE6CC3901209A
:1025E0000028BAD00E9D2B444FEA530CDB0717F896
:1025F0000CC054BF0CF00F0C4FEA2C1C0CEB0C1C45
:102600005FFA8CF30C93A8E7B8F800E01FFA83FA9E
:102610004FEA2E20C2F30741DB43DBB211FB0AF184
:1026200000F0F80000FB0310D2B24FEAEE014FEACF
:10263000CE0E5FFA8EFE12FB0AF20EFB03225FFA49
:102640008CFC80B201F0FC0192B21CFB0AFC01FB85
:1026500003CC431C511C03EB102001EB12211FFA89
:102660008CFCC1F3C42100F4784008430CF1010153
:1026700001EB1C2C4FEA5C1C0CF4FC6C40EA0C00D7
:10268000A8F80000A1E717B0BDE8F08F2DE9F047EA
:10269000DDE90A05002DBDF92080BDF924909DF8E3
:1026A00030709DF834C005FB030EC0F2B080A94520
:1026B00040F3AD800028C0F2A880804540F3A5809B
:1026C0004FEA5E041EF0010F165D0CBF06F00F0608
:1026D000361106EB0616F6B2441C00F19B80A045AD
:1026E00040F39880002F00F097800EF1010A4FEA26
:1026F0005A041AF0010F145D0CBF04F00F042411EA
:1027000004EB0414E4B2013500F18A80A94540F3DA
:102710008780BCF1000F00F0868000287EDB8045BA
:102720007CDD03EB0E094FEA590519F0010F555DE9
:102730000CBF05F00F052D1105EB0515EDB20130AD
:1027400074D4804572DD002F72D001339E444FEA6D
:102750005E031EF0010FD05C0CBF00F00F000011F3
:1027600000EB0010C3B2BAB21FFA8CFC02FB0CF0F3
:10277000C0EB0C1C12011FFA8CFCC2F58077121AF8
:10278000A7EB0C0792B2BFB2624306FB07220CFB19
:10279000052500FB0353C3F30723A3B3254A0E8883
:1027A000156834129AB2C5F30740DB43DBB210FB65
:1027B00002F004F0F80404FB0304C5F30727F0104B
:1027C000EDB2F60017FB02F700F0FC0015FB02F279
:1027D000F6B2A4B200FB037006FB03239AB2631C9B
:1027E00080B203EB1424531C03EB1223421C02EBB4
:1027F000102004F47844C3F3C4234009234300F4B5
:10280000FC6003430B80BDE8F087002664E70024EA
:10281000264678E7002476E73C4674E700258EE7F5
:1028200000231D469FE7634665469CE700239AE721
:102830003B4698E7CC3901202DE9F04F93B01D4677
:102840000C92219A0791DDE92213119050681268C9
:1028500000FB031302EB4309249B9B68013323F025
:1028600001030693249BDDE91D461F68079B002B8F
:1028700003DC0C9B002B40F36782249BB3F9081008
:10288000B3F90C20481E02F1FF3C002D40F3B88044
:102890005FEA244E4FEA264306D4864504DA002B2D
:1028A00002DB6345C0F2AD801EF1010E00F1A08095
:1028B0007145C0F29D80013300F19A809A42C0F2C6
:1028C0009780BDF918A00995C846099B002B40F3D5
:1028D000B680C4F303330893249BD3E902CE2314B8
:1028E0004FEA2640C6F3033100F13E810CF1FF3B75
:1028F0005B4580F239810028C0F236810EF1FF3B42
:10290000584580F23181069A00FB02335808DA07F5
:1029100017F800C0089A54BF0CF00F0C4FEA2C1C9B
:102920000CEB0C1C5FFA8CFC002A00F0CB80581CCE
:102930004FEA500EC00717F80EE054BF0EF00F0E0E
:102940004FEA2E1E0EEB0E1E5FFA8EFECDF834E01F
:10295000B9B153445808DA07385C54BF00F00F008F
:10296000001100EB0010C0B20A90581C4308C207C7
:10297000FB5C54BF03F00F031B1103EB0313DBB22B
:102980000E93BDF8202089B202FB01F3C3EB0111C5
:10299000120189B2C2F58070401A1FFA80FED21A65
:1029A0000D9892B242430CFB0E2C0A9A01FB02C115
:1029B0000E9A03FB0213C3F30723FF2B40F093800F
:1029C000BE4B1A68BE4B510903EA122301F4FC61A5
:1029D0000B43C2F3C4021343A8F800301F9B1C44EE
:1029E000209B1E44099B013B08F1020809936CE7F8
:1029F0001F9B1C44209B013D1E4409F1020944E732
:102A000021D01F986B1E00FB034000143FF559AF07
:102A100001398842BFF655AF209901FB03631B14AF
:102A20003FF54FAF013A9342BFF64BAFBDF91830B7
:102A30000893A846CE46B8F1000F00F3B58025EA0A
:102A4000E57509EB4509079B002B40F37D8130EECE
:102A5000040AB7EE007AC7EE007A1C9B70EEA40A57
:102A600031EE051A20EEA77AF0EE626A61EE277A5F
:102A7000FEEEC86A77EE622A16EE904AFEEEC82A8B
:102A8000F0EE436A37EEC33A12EE902ABEEEC83A31
:102A900092FBF3F313EE102A1F931C9B92FBF3F3AC
:102AA0002093079B0C9A013BFEEEC86A07931C9B80
:102AB00016EE906A14BF1D461546B0EE673AF0EE6A
:102AC000472AD3E600293FF45CAF0AEB0300430832
:102AD000C007FB5C54BF03F00F031B1103EB031390
:102AE000DBB20A934DE7002B3FF478AF734AB8F896
:102AF00000C010681FFA83FE4FEA2C21C0F3074282
:102B0000DB43DBB212FB0EF201F0F80101FB032103
:102B1000C0F3072B4FEAEC02C0B24FEACC0C1BFB10
:102B20000EFB89B210FB0EFE02F0FC025FFA8CFC79
:102B300002FB03B2481C0CFB03E392B29BB200EB16
:102B4000112101F4784002F1010B591C01EB132112
:102B50000BEB1222C1F3C4215209014302F4FC62BF
:102B60001143A8F8001039E713F1010B3FF536AF18
:102B7000DC45FFF633AF10F1010B3FF52FAFDE451B
:102B8000FFF62CAF089A02930FFA8EF301930FFA17
:102B90008CF3CDE90302059100933A465346414632
:102BA0001198FFF773FD19E706992214331401FBFE
:102BB00003235A08D907BA5C54BF02F00F0212115E
:102BC00002EB0212C4F30330C6F3033CD2B2002876
:102BD00062D003F1010A4FEA5A011AF0010F795C41
:102BE0000CBF01F00F01091101EB0111C9B20F91E6
:102BF000BCF1000F19D008990B44590813F0010FCC
:102C0000795C0CBF01F00F01091101EB0111C9B290
:102C100001330B915908DB07795C54BF01F00F01B8
:102C2000091101EB0111C9B2109180B21FFA8CFC9D
:102C300000FB0CF3C3EB0C1C00011FFA8CFCC0F56D
:102C40008071A1EB0C011FFA81FAC01A0F9980B2B2
:102C500048430B9902FB0A020CFB012C109A03FB60
:102C600002C3C3F30723FF2B2CD1144B1A68144B58
:102C7000510903EA122301F4FC610B43C2F3C402BD
:102C80001343AEF800301F9B1C44209B0EF1020E34
:102C90001E4408F1FF38CEE6BCF1000FC5D00899FC
:102CA0000B445908DB07795C54BF01F00F0109118F
:102CB00001EB0111C9B20B91B7E700BFCC3901207C
:102CC00000F8FFFF002BDED0214ABEF800C01068DC
:102CD0001FFA83FA4FEA2C21C0F30742DB43DBB231
:102CE00012FB0AF201F0F80101FB0321C0F3072BEC
:102CF0004FEAEC02C0B24FEACC0C5FFA8CFC10FB3E
:102D00000AF00CFB030089B21BFB0AFB80B202F045
:102D1000FC0202FB03B24B1C00F1010B03EB11217F
:102D20000BEB102B92B2CBF3C42B01F478414BEA9E
:102D3000010102F1010B0BEB1222520902F4FC62B9
:102D40001143AEF800109EE713B0BDE8F08F00BF4E
:102D5000CC39012070B508129EB2BDF81050131284
:102D600000F0F80003F0F80313FB05F310FB06F086
:102D70001844CC10D31004F0FC0403F0FC0313FB44
:102D800005F314FB06F4C900D2001C44D2B2CBB246
:102D900012FB05F280B213FB06F31344421C9BB2F4
:102DA00002EB102000F47842581C00EB1320A4B270
:102DB000C0F3C4201043621C02EB1424640904F421
:102DC000FC64204370BD00002DE9F04F8FB01C461D
:102DD0009DF8647004900D461646189B002F00F075
:102DE000F680206861680AAA03C2186859680CAAAC
:102DF00003C20AA8EDF7F6FD21460CA8EDF736FE52
:102E0000BDF93020BDF936B0BDF9349002F00103B0
:102E10000693BDF92C3003F0010105910598BDF929
:102E20003210034401FB03234FF0020893FBF8F335
:102E30001D44BDF828301A44BDF82A30ADF83020C2
:102E40001944644BADF8321018680368DB6A984780
:102E5000614ABDF932401388BDF930A0FF2F03FB52
:102E600004A400EB440406F10406114603FB0BFB2B
:102E70006BD0C7F1FF03039304EB4B03CDE907329B
:102E8000CDF82480079BA34240F29C80069B002B38
:102E900039D02B782288049803F00F0305F101083C
:102EA00036F81310039B00933B46FFF753FF24F8BB
:102EB000020B09F1FF3BBBF1010FA24604F1040430
:102EC00024DD98F8003034F8042C04981B09ABF189
:102ED000020B36F81310039B00933B46FFF73AFFB3
:102EE00024F8040C18F8013B34F8022C049803F081
:102EF0000F0336F81310039B00933B46FFF72AFF9E
:102F000024F8020CD7E7A846CB46D4E70ED198F8B0
:102F10000030BAF8002004981B0936F81310039B00
:102F200000933B46FFF716FF2AF8020B089B059A11
:102F30001C88BDF92C30A4EB090413440AEB4404AB
:102F4000099A93FBF2F31D449CE704EB4B0BA3455A
:102F500038D9069BF3B12B7803F00F036A1C36F8BF
:102F60001330238009F1FF3002340128234604F195
:102F7000040412DD13781B09023836F8133024F8E4
:102F8000043C12F8013B03F00F0336F8133024F829
:102F9000023CEAE72A464846E7E706D112781209DA
:102FA000023336F8122023F8022C0C88059AA4EB81
:102FB000090403EB4404BDF92C30134493FBF8F3EC
:102FC0001D44C4E7034B186803681B6B98470FB098
:102FD000BDE8F08FBC390120B6390120F0B59DF86D
:102FE0001450FF2D4FEA11270CD1FF2B0AD1254B8E
:102FF000480900F4FC603B401843C1F3C401084396
:1030000080B2F0BD15FB03F5ABB25D1C05EB1325DB
:103010001412C5F307251FFA85FCD610D000ED4326
:1030200004F0F804C1F30742EBB2C0B212FB0CF299
:1030300044EA541404FB032440EA5012C8B206F0D8
:10304000FC06FDB210FB0CF0A4B202FB030046EA42
:10305000961615FB0CF506FB035583B2601CADB24A
:1030600000EB1424581C00EB13206B1C03EB1525FC
:1030700004F47844C0F3C4206D09204305F4FC65D2
:103080002843BEE700F8FF002DE9F04F1C468DB045
:103090000D46169B61689DF85C9080462068164638
:1030A00008AA03C2186859680AAA03C208A8EDF75B
:1030B00099FC21460AA8EDF7D9FCBDF92820BDF9F5
:1030C0002E70BDF92CB002F001030393BDF924303A
:1030D00003F0010102910298BDF92A10034401FB9B
:1030E00003234FF0020A93FBFAF31D44BDF820308E
:1030F0001A44ADF82820BDF822303F4A0592194401
:103100001068ADF82A100368DB6A98473B4BBDF99D
:103110002A401988BDF928C001FB04C400EB44040F
:103120004F43CDE9063A04EB470204360492049B70
:103130009C4258D2039B002B34D02B7803F00F0312
:103140006F1C56F823100B0E06D0228800934046C1
:103150004B46FFF743FF208002340BF1FF3ABAF1F0
:10316000010F22DD3B781B0956F823100B0E06D009
:103170002288009340464B46FFF730FF208017F827
:10318000013B03F00F0356F823100B0E06D06288A4
:10319000009340464B46FFF721FF60800434AAF1BC
:1031A000020ADCE72F46DA46D9E70DD13B781B0946
:1031B00056F823100B0E06D02288009340464B464B
:1031C000FFF70CFF20800234069B029A1B88A3EBBA
:1031D0000B0304EB4304BDF924301344079A93FB1B
:1031E000F2F31D44A3E7059B186803681B6B98471F
:1031F0000DB0BDE8F08F00BFBC390120B639012009
:1032000070B514128D789DF8106004F0F80444EA4B
:10321000541415FB03F504FB0655D0104C780978BF
:10322000D20000F0FC00D2B240EA901014FB03F48C
:1032300042EA521211FB03F300FB064402FB063381
:10324000ADB29BB2A4B2681C00EB1525621C581CE1
:1032500000EB132002EB142405F47845C0F3C420DE
:103260006409284304F4FC64204370BD2DE9F04F49
:103270008FB01C469DF86470189B82460E4615461A
:10328000002F00F04281206861680AAA03C2186812
:1032900059680CAA03C20AA8EDF7A4FB21460CA8A2
:1032A000EDF7E4FBBDF93020BDF936B002F00103C3
:1032B0000693BDF92C3003F0010105910598BDF985
:1032C0003210034401FB03234FF0020893FBF8F391
:1032D0001E44BDF828301A44BDF82A30ADF830201D
:1032E0001944BDF934300393894BADF83210186896
:1032F0000368DB6A9847874ABDF932401388BDF9F5
:103300003090FF2F03FB049400EB440405F1040507
:10331000944603FB0BF371D004EB4303F943CDE96F
:103320000732C9B20491CDF82480079BA34240F232
:10333000E780069B002B3DD03178049B22880093C8
:1033400001F00F0101EB41013B4629445046FFF7D4
:1033500057FF039B24F8020B06F1010803F1FF3B22
:10336000BBF1010FA14604F1040427DD98F8001019
:10337000049B34F8042C0093090901EB41013B46FE
:1033800029445046FFF73CFF24F8040C18F8011BB1
:10339000049B34F8022C009301F00F0101EB410172
:1033A0003B4629445046FFF72BFFABF1020B24F8B4
:1033B000020CD5E7B046DDF80CB0D1E70FD198F894
:1033C0000010049BB9F800200093090901EB4101AA
:1033D0003B4629445046FFF713FF29F8020B089B90
:1033E000059A1C88039BE41ABDF92C3009EB4404B0
:1033F0001344099A93FBF2F31E4496E7464F04EBFD
:103400004303A3427CD9069A002A54D0307800F0B6
:103410000F0000EB400005EB000E285C9EF8022038
:103420009EF801E04FEACE0E0EF4FC6E07EA02228F
:1034300042EA0E0242EAD00224F8022B039A711CDF
:1034400002F1FF3EBEF1010F204604F1040436DD17
:103450000878000900EB400005EB000AAEF1020E0F
:103460009AF801209AF80290D20007EA092902F49A
:10347000FC6249EA020215F8009042EAD90224F8F7
:10348000042C11F8010B00F00F0000EB400005EBDD
:10349000000A9AF801209AF80290D20007EA092956
:1034A00002F4FC6249EA020215F8009042EAD902ED
:1034B00024F8022CC6E73146DDF80CE0C2E711D152
:1034C0000978090901EB41016C18695CA2786478FC
:1034D000E40007EA022204F4FC64224342EAD10237
:1034E00020F8022B039ABCF800400599A41ABDF9F4
:1034F0002C2000EB44040A4492FBF8F2164480E7C7
:10350000034B186803681B6B98470FB0BDE8F08F3A
:10351000BC390120B639012000F8FFFF30B52D4A33
:10352000136823F0010313602B4B1C684FF6F072F5
:1035300014404CF24025AC4205D01C684CF270257A
:103540001440AC4225D1254B1B68002B39D1244BAC
:103550001A68C2F30B02B2F58A6F0DD01A6840F2F6
:103560008344C2F30B02A24206D01B6840F285429C
:10357000C3F30B03934224D11A4B01221A601A6839
:10358000002AFCD1184B18601868431A5842584159
:103590000EE01B6813404DF22022934211D1134BD1
:1035A0001B6840F28642C3F30B03934201D0002014
:1035B00030BD0F4B01221A601A68002AFCD10D4B56
:1035C000E1E70D4B01221A601A68002AFCD10B4B6F
:1035D000D9E700BF002000E000ED00E0002004E09B
:1035E0000010005C084C0258004C0258F08F004656
:1035F000084C0246004C02460830024000300240AF
:1036000001617047837B4BB1038901339BB2072B68
:10361000038181BF0023438183818373704700004E
:103620002DE9FF4198468388ADF80630A8EB0303E7
:103630001BB20446002B1746184A0092B8BF5B42E3
:10364000A28ABDF82850ADF80A801BB20E469342FC
:10365000C188ADF808104FF000008DF80400ADF8F7
:103660000C5007DC691A09B20029B8BF494209B2F7
:103670008A4210DA2069036869465B689847A8EBBC
:1036800006060023EF1B012023816681A781A4F891
:103690000480E580A07304B0BDE8F081607E02087C
:1036A000F0B51E464B1E012B85B004460D4617464D
:1036B0004BD8B0F90A20D31C9BB2062B16D9DFF8E1
:1036C000A0C0CDF804C0B4F90410B4F90630006904
:1036D000ADF80C104FF0000C8DF808C0ADF80A20C2
:1036E000ADF80E30036801A99B689847B4F90C2027
:1036F000D31C9BB2062B16D9DFF864C0CDF804C0EA
:10370000B4F90410B4F906302069ADF80C104FF08C
:10371000010C8DF808C0ADF80A20ADF80E30036832
:1037200001A99B6898470D4B019320698DF80850BB
:103730000023ADF80A70ADF80C60ADF80E300368E8
:1037400001A91B68984705B0F0BD0029EBD1A28004
:10375000C680A160A181A173E5E700BF4C7E02088D
:10376000747E0208C9100029B8BF4942012808D157
:10377000C1F30800B0F5807F014602DDC0F500709E
:103780007047FF29A8BFFF210846704710B4D0E951
:1037900001349C4203D85DF8044BEBF72DB85DF87B
:1037A000044B70472DE9F04F8BB0CDE906239DF80F
:1037B0005030089306469DF8543009938A46EBF73B
:1037C00088F9B5680446002D44D07368AB423DD3F8
:1037D000B0F90230B6F9342002EB030BDDE9061232
:1037E00002FB031205926A1E04924FF00008B4F91E
:1037F0000290B4F900704B453A4608D0B6F934301F
:1038000003EB090BDDE9061303FB09130593B4F978
:103810000430B4F906109844049B013B0493049BC4
:10382000013315D034F9083FBB4217D1B4F9020077
:10383000049B484503F1FF337FD1B4F906000144EE
:10384000B4F904008044E9E71F4644E0002002E0A8
:1038500000296FD101200BB0BDE8F08F002930D0D6
:10386000002F29DBB6F93630BB4225DDC1EB8811CC
:1038700096F83000FFF776FF099B10FB03F080B24B
:10388000411C01EB1021091211F0FF0F14D0089810
:10389000738EC9B2BAB2029101211344019102445C
:1038A0000FFA8BF1DAF80000009141691BB20D4666
:1038B00012B205995046A847049B013307F1010253
:1038C000C8D0B4F90070BB1A002B31DD002ABBDA76
:1038D000002F2DDD0022B6F93630D119994202DBD6
:1038E0009F1A002F24DD4FEA881196F83000FFF769
:1038F00039FF099B10FB03F080B2411C01EB102142
:10390000091211F0FF0F13D00898738E92B2C9B24A
:103910001344029102443FB2DAF8000001970FFA13
:103920008BF10091476905991BB212B25046B84716
:103930004B465CE7002F95DA8CE70029F8D08FE73B
:103940002DE9F3411E46364BC0E90031B2F904308F
:10395000038100259DF82030837200F1140804468D
:103960008581C5810582458240461746EAF77CFA83
:10397000C4E91355C4E91555C4E91855C4E91B55E4
:1039800084F84450A4F84650A4F84850A4F84A508B
:1039900084F85C5084F85D50A4F868503068716811
:1039A000728835886B4603C37B88B6F90400B6F984
:1039B000061013443A88E3812A44A281208261825E
:1039C00068463946EDF752F804F10C00EDF70AF8B5
:1039D000BDF90230BDF80020A4F84620A4F8483014
:1039E0004046EAF725FABDF90030B4F912205B0130
:1039F000E364BDF902305B012365BDF904305B016E
:103A00006365BDF906305B01A365B4F91030A4F815
:103A10004A302046C4E90F3202B0BDE8F08100BF51
:103A2000B081020838B590F85C30044693B190F844
:103A3000683090F8692013420CD100F1140523B1CD
:103A4000D0E918122846FFF7A1FED4E91B12284638
:103A5000FFF79CFE002384F85C30D4E9060398420B
:103A600034BF0020012038BD2DE9F341857A694338
:103A70004D1C05EB11252D12044600F0998090F89D
:103A80005D30002B00F09480FFF7CCFF0746002844
:103A900045D06068474E036837689B689847014681
:103AA0003846E7F793FA0746DFF748F803681B6BD9
:103AB00098478046DFF742F80368DB6A98470B288F
:103AC0005BD8DFE800F0515C6C065A3040656565F4
:103AD0006565B4F90E30B4F90C10082291FBF2F2CE
:103AE00008FB03231F444B4203F0070301F00701C7
:103AF00058BF5942C9B2EDB23A46CDE900150FFAA6
:103B000088F3616804F11400FFF74CFE0746606813
:103B100003681B699847306803681B6B98473846F1
:103B200002B0BDE8F081B4F90E30B4F90C100422F3
:103B300091FBF2F208FB03231F444B4203F0030303
:103B400001F00301D4E7B4F90C10B4F90E300029E8
:103B50004FF0020291FBF2F201F0010108FB032396
:103B60001F44B8BF4942C5E7B4F90E30B4F90C2080
:103B700008FB03F303EB42031F440021BBE7B4F946
:103B80000E3008FB03F2A389032113FB0123F3E7A3
:103B9000B4F90E30B4F90C2008FB0323ECE7B4F9B8
:103BA0000E30B4F90C2008FB03F303EB8203E3E7C8
:103BB0000127B4E7BC39012010B5064B1B78012B57
:103BC00007D1B0F908000B681468C3EB4013136009
:103BD0000C6010BDB439012013B590F85C30044678
:103BE000CDE90021A3B96A4601A92046FFF7E4FF09
:103BF000E36C0199009AC91A236D0191D21A002A27
:103C000000920BDA012300290EDA43F0040313E0DB
:103C1000FFF708FF0028E6D102B010BDA36D9A425D
:103C2000ACBF02230023EEE7606D8142ACBF0820E9
:103C300000201843C3B258B1002284F85C200199D7
:103C4000009AE1662267C4E9181284F86830E3E755
:103C500084F86900D4E90630984203D804F11400CE
:103C6000EAF7E4FD012384F85C3084F85D3000233A
:103C7000E5E773B502AB044643F8082D01911A46F7
:103C800001A9FFF799FFE36C0199009AC91A236D06
:103C90000191D21A002A00921CDBA36D9A42ACBF9C
:103CA00002200020002917DB636D9942ACBF082376
:103CB0000023034394F86800DDB278B904F11400DE
:103CC000FFF764FD019B2366009B636684F86850E0
:103CD00002B070BD0120E5E70423EAE713B110EA62
:103CE00005031CD194F85C3004F11406D4E91812D1
:103CF0008BB984F86900D4E90630984202D830467E
:103D0000EAF794FD012384F85C3084F85D30DDE946
:103D100000213046D4E73046FFF738FDF7E71D466F
:103D2000D0E7000038B52DED108BF6EE00BA9FED10
:103D30005ABA0546B0EE40CAF0EE60CAB0EE41DABB
:103D4000F0EE61DAB0EE42EAF0EE62EA0C46F0EE36
:103D50006BAA082C6ED87EEE4C6A7DEEEE7A3DEEB4
:103D60004E6A3EEEEC7A66EEE77A3CEE0DFAE6EE4F
:103D7000077A7CEEADFA7DEE0E9A3DEEAEAAF5EE38
:103D8000C07AF1EE10FA2FEE2BFA6FEEABFA69EE75
:103D9000AB9A2AEE2BAA48BFF1EE677A7FEE298A0A
:103DA0003FEE8A9AF4EECB7AF1EE10FA68EEAB8A27
:103DB00029EE2B9AB5EE006A3FDD27EE077A67EE13
:103DC000A77AA6EEA67A27EE067AF4EEC77AF1EE87
:103DD00010FA47D87EEE4D0A3EEEED0A00F059FA91
:103DE0007DEE4C0AB0EE408A3DEEEC0A00F051FA4E
:103DF00038EE400ADFED297AB5EEC00AF1EE10FA8E
:103E000048BFB1EE400AB4EEE70AF1EE10FAA4BFE3
:103E1000DFED237A37EEC00ADFED227AB4EEE70A4F
:103E2000F1EE10FA1ED5F0EE490AB0EE680A284607
:103E3000E8F7D2FABDEC108B38BD7CEE0E7AB0EE0E
:103E4000687AA7EEEA7A7CEEAE7AF0EE496AE7EE9F
:103E5000EA6A66EEA67AE7EE077AF4EEC67AF1EE43
:103E600010FAE0D90134F0EE6C0AB0EE4C0A2146AB
:103E7000F0EE492AB0EE682AF0EE6F1AB0EE4F1A53
:103E80002846FFF74FFFF0EE4ADAB0EE69DAF0EEBF
:103E900049CAB0EE68CA5CE7FFE6DB2EDB0F49409B
:103EA000DB0FC940CDCCCC3D30B52DED108B044699
:103EB00085B0F0EE408AF0EE609AF0EE41FAB0EE96
:103EC00061FAF0EE42BAB0EE62CAF0EE43AAB0EE8A
:103ED00063BA0D46082D00F215813BEEAA6AF6EE94
:103EE000007A7FEEAB6A26EE276A38EEAFDA8DED08
:103EF000016AA6EEA76A2DEE27DA7CEE0BCAB0EEB9
:103F00004DEAA6EEA7EA6CEEA7CA66EE276A3FEE78
:103F10000C7ACDED036A79EE8FDAF0EE6C6AE7EE9B
:103F2000276A6DEEA7DA2EEE27EAF0EE6DEAE7EEED
:103F300027EA26EEA77A6EEEA7EA8DED027A9DEDCE
:103F4000037A3EEE079A9DED027A3EEE87AA29EEAD
:103F5000279A2AEE27AAF0EE676A002D00F00D815D
:103F60007AEEE85A3FEE4B7A7BEE697A3FEEEA6AE8
:103F700025EEC77A3BEEEA5AA6EE277A3CEE4B6A6C
:103F8000B5EEC07A25EEC66AF1EE10FAA5EE276A04
:103F9000DFED8B4AB5EEC06A48BFB1EE477AF1EE6D
:103FA00010FAB4EEE47A48BFB1EE466AF1EE10FAC8
:103FB000B5EE005A40F3AA80B4EEE46AF1EE10FACE
:103FC0005CDD65EEA55A37EE067AE7EEA75A27EED6
:103FD000077A65EE857AB4EEE77AF1EE10FA00F230
:103FE000CC807BEEEF0A3CEE4F0A00F052F97FEEF8
:103FF000E80AB0EE408A3FEE690A00F04AF938EE6E
:1040000040FA7AEEEB0AB5EEC0FAF1EE10FA3BEEAA
:104010004C0A48BFB1EE4FFA00F03BF930EE480AC7
:10402000DFED687AB5EEC00AF1EE10FAB4EEE7FA09
:1040300048BFB1EE400ADFED637AF1EE10FAA8BF97
:104040009FED617AB4EEE70AA8BF37EE4FFAF1EEC2
:1040500010FAA8BF9FED5C7ADFED5C7AA8BF37EE5F
:10406000400A3FEE000AB4EEE70AF1EE10FA40F122
:104070008480F0EE4A0AB0EE490A40E067EEA77A83
:1040800027EE077AE5EEA57A67EE857AB4EEE77A51
:10409000F1EE10FA71D87BEEEF0A3CEE4F0A00F019
:1040A000F8F87FEEE80AB0EE408A3FEE690A00F0C9
:1040B000F0F838EE400ADFED437AB5EEC00AF1EED3
:1040C00010FA48BFB1EE400AB4EEE70AF1EE10FA7A
:1040D000A4BFDFED3D7A37EEC00ADFED3C7AB4EEE7
:1040E000E70AF1EE10FA48D5F0EE4F0AB0EE6F0A8B
:1040F0002046E8F771F9F0EE4C0AB0EE6B0A204664
:10410000E8F76AF905B0BDEC108B30BD9FED2C7A55
:10411000B4EEC76AF1EE10FA19DD67EEA77A26EE63
:10412000067AE5EEA57A67EE857AB4EEE77AF1EEE7
:1041300010FA22D87AEEEB0A3BEE4C0A00F0A9F80E
:104140007BEEEF0AB0EE408A3CEE4F0AAFE778EE26
:10415000AA7AB0EE497AA7EEE67A79EE8B7AB0EEDB
:104160004A6AA7EEE66A66EE067AE7EE077AF4EEAA
:10417000C57AF1EE10FA7FF67CAF0135F0EE690AF0
:10418000B0EE680A2946F0EE4A3AB0EE493AF0EE4F
:104190006E2AB0EE4E2AF0EE6D1AB0EE4D1A2046A1
:1041A000FFF782FEB0EE6CCADDED01BA9DED02FABA
:1041B000DDED03FAF0EE4A9AF0EE498A8AE600BF96
:1041C000FFE6DB2EDB0F4940DB0FC940CDCCCC3DF9
:1041D00010B5044B044640F8143BE9F721FE204695
:1041E00010BD00BFB081020810B50446FFF7F0FF14
:1041F0002046742100F026F8204610BD70B50B79DA
:1042000090F82C50002B0CBF0123002304460E46CF
:1042100080F82C3009D14DB13379012B0CD12368B2
:1042200020461B6EBDE8704018472DB1236820461C
:104230005B699847002DEFD170BD0B4601461846CB
:1042400001F01EB800F012B80268D207034605D488
:10425000427802B1FFDE012058707047002070479D
:1042600001230360704708B500F00EF800F052BF5C
:1042700008B5804700F01AFF024B1868BFF35B8F48
:10428000704700BF0401002008B5FFF7F5FFFFF7F6
:10429000EFFF00F04DB9000008B52DED028BB0EE38
:1042A000408A00F0A1F8B4EE488AF1EE10FA0CD67C
:1042B000DFED078AB4EEE88AF1EE10FA05D501F0D9
:1042C000A7F988EEA80A21230360BDEC028B08BD84
:1042D0000000000010EE103A07B51E4A23F000431C
:1042E000934206D8DFED1C0A03B05DF804EB00F042
:1042F0007FB8B3F1FF4F04D330EE400A03B05DF84E
:1043000004FB684600F0B4F900F00300012809D06E
:10431000022810D0B0B9DDED010A9DED000A00F0D1
:1043200067F8EBE7DDED010A9DED000A00F0B8F853
:10433000B1EE400AE2E7DDED010A9DED000A00F072
:1043400057F8F5E7DDED010A9DED000A012000F0C8
:10435000A7F8D3E7D80F493F0000000010EE103A4D
:1043600007B51F4A23F00043934207D8DFED1D0A2B
:10437000002003B05DF804EB00F092B8B3F1FF4FFA
:1043800004D330EE400A03B05DF804FB684600F049
:104390006FF900F0030001280AD002280FD0C0B93D
:1043A000DDED010A9DED000A012000F079F8EAE751
:1043B000DDED010A9DED000A00F01AF8E3E7DDEDFE
:1043C000010A9DED000A012000F06AF8B1EE400AF2
:1043D000D9E7DDED010A9DED000A00F009F8F5E7E7
:1043E000D80F493F00000000B1EEC00A704700003E
:1043F00010EE103A23F00043B3F1485FF0EE406A4C
:10440000B7EE000A04D2FDEEE67A17EE902A42B328
:1044100026EEA67ADFED1A7A9FED1A6A1A4AA7EEFF
:10442000276A9342DFED197AE6EE077A9FED186A64
:10443000A7EE876ADFED177AE6EE077A9FED166A38
:10444000A7EE876A60EEE60A26EE076AF6EE007AC5
:10445000E7EE060A67EE277A04D877EEE07A30EEC8
:10446000670A70470D4A93429ABF03F17F4307EEF4
:10447000103AB5EE027A30EE470A77EEC77AECE7EB
:104480004ED747ADF6740F319999993E7CF293B4AB
:10449000010DD037610BB6BAABAA2A3D0000483FE8
:1044A00010EE103A23F00043B3F1485F04D2FDEE62
:1044B000C07A17EE903A5BB320EE007ADFED157A02
:1044C0009FED156AA7EE276ADFED147AE6EE077A0C
:1044D0009FED136AA7EE876ADFED127A60EE076A36
:1044E000E6EE077A30B99FED106AA7EE276AA6EECE
:1044F000260A704767EEE67AB6EE006AE0EE867A44
:10450000D7EE870ADFED097AE6EEA70A30EE600AF9
:10451000704700BFD3C92E2F342FD7B21BEF3836C8
:10452000010D50B98988083CABAA2ABEABAA2A3E25
:1045300010EE902A22F00041B1F1FF4F10B5F0EEDD
:10454000407A06D810EE100A20F00043B3F1FF4F76
:1045500004D977EEA07AB0EE670A10BDB2F17E5FA3
:1045600003D1BDE8104000F0B3B9941704F0020481
:1045700044EAD07443B9022C5ED09FED347A032C08
:1045800008BFF0EE477AE6E741B9DFED317A9FEDFB
:10459000317A0028A8BFF0EE477ADCE7B1F1FF4F8F
:1045A00010D1B3F1FF4F04F1FF3407D1022C46D8EC
:1045B000294B03EB8403D3ED007ACCE7022C41D8DE
:1045C000264BF6E7B3F1FF4FDFD05B1AB3F1F45F90
:1045D0004FEAE3511ADA002A01DA3C3119DB87EE9F
:1045E000A00A00F049FA00F073F9F0EE407A012CCD
:1045F00012D0022C17D0002CADD09FED197A77EE97
:10460000877A9FED187A77EEC77AA4E7DFED117A03
:10461000EDE7DFED157AEAE717EE903A03F1004394
:1046200007EE903A97E79FED0E7A77EE877A9FED47
:104630000D7A77EE677A8EE7DFED0A7A8BE7DFEDAA
:104640000B7A88E7DFED087A85E700BFDB0F49C00A
:10465000DB0FC9BFDB0FC93FC8810208BC8102085C
:104660002EBDBB33DB0F494000000000DB0F493F8C
:10467000F0B510EE106A884B26F000459D4287B0D9
:10468000044605D8002380ED000A4360002022E0A4
:10469000824B9D423AD826F00043002E9FED807A4F
:1046A000804A23F00F0318DD934270EE477A09BF6A
:1046B0009FED7D7ADFED7D6ADFED7D6A77EEC77A6B
:1046C00037EEE67A77EEC77A80ED007A77EEE67A13
:1046D000C0ED017A012007B0F0BD934270EE077A79
:1046E00009BF9FED717ADFED716ADFED716A77EED8
:1046F000877A37EEA67A77EEC77A80ED007A77EE82
:10470000A67AC0ED017A4FF0FF30E4E7694B9D4295
:1047100073D800F0B1F99FED687AF6EE007AE0EE1A
:10472000077AFDEEE77AB8EEE77A17EE900ADFED4A
:104730005C7AA7EE670A1F28DFED5C7A67EE277ABE
:10474000B1EE476A70EE676A16EE901A09DC5B4AB2
:10475000471E26F0004352F8272023F0FF03934220
:1047600007D1C1F3C752C2EBD552082A4FEAE5532D
:1047700014DC216094ED007A30EE470A002E30EE12
:10478000670A84ED010AA6DAB1EE477AB1EE400A73
:1047900084ED007A84ED010A40429CE7DFED425A45
:1047A000F0EE406AE6EE256A70EE667AE6EE257A6D
:1047B000DFED3F5AD7EE257A76EEE75A15EE902ACE
:1047C000C2F3C7515B1A192B04DCC4ED005AB0EEDA
:1047D000660ACFE7DFED3A5AB0EE660AA6EE250A82
:1047E00076EEC07ADFED376AE6EE257AD7EE267AE6
:1047F00030EE677A84ED007ABCE7B5F1FF4F06D35F
:1048000070EE407AC0ED017AC0ED007A3EE7EA151D
:10481000863AA5EBC25307EE903ABDEEE77ADFED9C
:104820002A6AB8EEC77A77EEC77A8DED037A67EE1B
:10483000A67ABDEEE77AB8EEC77A77EEC77A8DED45
:10484000047A67EEA67AF5EE407AF1EE10FACDED35
:10485000057A1ED1B5EE407AF1EE10FA0CBF0123B5
:1048600002231A4901910221009103A8214600F078
:104870000BF9002EBFF62FAFD4ED007AF1EE677A78
:10488000C4ED007AD4ED017AF1EE677AC4ED017AD5
:1048900082E70323E5E700BFD80F493FE3CB16408B
:1048A000800FC93FD00FC93F0044353743443537E7
:1048B00008A3852E800F494384F9223FD481020842
:1048C00000A3852E32318D240000804354820208DB
:1048D00038B510EE105A25F00044B4F1A14FF0EEB7
:1048E000407A10D3B4F1FF4F04D970EE007AB0EEE5
:1048F000670A38BDDFED4D7A9FED4D7A002DC8BFB8
:10490000F0EE477AF3E74B4B9C4210D8B4F1445F8A
:104910000AD29FED497A30EE077AF7EE006AB4EEDC
:10492000E67AF1EE10FAE2DC4FF0FF3313E000F02C
:10493000A3F8424B9C424FD8A3F5D0039C4241D8E8
:10494000F0EE007ABFEE007AA0EE277A002330EE78
:10495000270AC7EE007A5A1C27EEA76A9FED387A1D
:10496000DFED385A9FED385A66EE066AE6EE875A52
:104970009FED367AA5EEA67ADFED355AE7EE265A98
:104980009FED347AA5EEA67ADFED335AE7EE265A8C
:104990009FED327AA6EE875A9FED317AA5EE267A00
:1049A0009FED305AA7EE265A9FED2F7AA5EE267A74
:1049B00027EE267AA5EE867A27EE877A21D177EE42
:1049C000C77A94E7F7EE007A30EE677A30EE270A7E
:1049D0000123C7EE007ABEE7244B9C420BD8F7EECA
:1049E000087AB7EE007AA0EE277A022370EE676AA3
:1049F000C6EE877AAFE7BFEE007AC7EE007A0323F0
:104A0000A9E71B4A1B4902EB830201EB8303D3EDA9
:104A1000006A37EE667A002D37EE677AD2ED007ABB
:104A200077EEC77AB8BFF1EE677A60E7DB0FC9BFF0
:104A3000DB0FC93FFFFFDF3ECAF24971FFFF973F1F
:104A4000D769853C59DA4B3D6BF16EBD356B883DBE
:104A50006E2EBA3D2549123EABAAAA3E21A215BD33
:104A600095879DBD388EE3BDCDCC4CBEFFFF1B406E
:104A70007C8502086C85020810EE103A23F0004392
:104A800000EE103A704700002DE9F04F2DED048B39
:104A9000D9B090460190B64A669818F1040F52F8C2
:104AA00020A00F4603F1FF3B26DBB8F1030248BF0D
:104AB00008F10402D210551C67999FEDB17AE80005
:104AC000A2EB0B060290A8EBC5050AEB0B0C1CAC85
:104AD00001EB860E0020604510DD1CA901EB830070
:104AE0000DF588790026564524DCDDF804E0DFED7D
:104AF000A47A8446002416E00022DCE7C6425DBFAB
:104B00005EF8201007EE901AF8EEE77AF0EE477A9A
:104B1000E4EC017A0130DEE7FEEC016A3CED017A5B
:104B2000E6EE877A01345C45F6DDE9EC017A013680
:104B30000430D8E708A901EB8A0104916799DFEDF9
:104B40008F8A9FED8D9A01EB820203925446A20058
:104B5000059258AA02EB840212ED140A44A908AA8D
:104B600001EB840094462646002E4CDC2846CDE915
:104B7000062300F0F1F9B0EE408AB4EE000A28EE08
:104B8000000A00F04FFAF2EE007AA0EE678A002DDC
:104B9000DDE90623FDEEC87A17EE909AF8EEE77A83
:104BA00038EE678A41DD04F1FF3C08A9C5F1080E23
:104BB00051F82C6046FA0EF0814400FA0EF0361AD5
:104BC000C5F1070041F82C600641002E3CDD4FF096
:104BD000000E09F101097046744568DC002D03DD03
:104BE000012D74D0022D7DD0022E2DD1B7EE000AFA
:104BF00030EE488A40B32846069300F0ADF9069B94
:104C000038EE408A20E060EE287A013EFDEEE77A39
:104C1000F8EEE77AA7EEC90ABDEEC00AACEC010ACD
:104C200030ED010A37EE800A9EE705D1601E08A923
:104C300051F82060F611C8E7F6EE007AB4EEE78A84
:104C4000F1EE10FA31DA0026B5EE408AF1EE10FAF4
:104C500040F09880601E002250454BDA002A65D053
:104C6000013C08AB083D53F82430002BF8D028460F
:104C7000B7EE000A00F070F9631C44AA9FED3F7A7A
:104C8000990002EB83022346002B80F2A980234681
:104C9000002BC0F2C78044AA02EB8305DFF8D4C022
:104CA000DFED377A0020E21AB1E002268FE752F8F2
:104CB000041B48B921B1C1F5807142F8041C0121DF
:104CC0000EF1010E084687E7C1F1FF01F5E704F197
:104CD000FF3C08AA52F82C2002F07F0208A941F8F4
:104CE0002C2081E704F1FF3C08AA52F82C2002F0A6
:104CF0003F02F3E708A951F8201001380A43ABE757
:104D0000013250F8046D002EFAD0059901F5B0710A
:104D10000DEB0100E6181CA904F1010C4C3801EB65
:104D200086062244624504DA144610E704980122FC
:104D3000E7E70399DDF804E051F82C10059107EE40
:104D4000901AF8EEE77A0024E6EC017ADFED0C7AAF
:104D5000B1465C4504DDE0EC017A0CF1010CE1E7C1
:104D6000FEEC016A39ED017A0134E6EE877AF0E76C
:104D7000B88502088C850208000080430000803B53
:104D800000000000029BB0EE480AA3EB080000F010
:104D9000E3F81FED077AB4EEC70AF1EE10FA19DB5B
:104DA0005FED0A7A60EE277A08AAFDEEE77A083509
:104DB000F8EEE77AA7EEC70AFDEEE77ABDEEC00A85
:104DC00010EE103A42F8243017EE903A013442F8CF
:104DD00024304CE7BDEEC00A08AA10EE103AF6E700
:104DE00008A850F82300019007EE900AF8EEE77A41
:104DF000013B67EE807A20EE070A62ED017A43E715
:104E0000FCEC016AB5EC017AE6EE877A0130504598
:104E100001DC9042F4DD58A800EB820242ED287AD2
:104E2000013B35E7669B022B09DC002B27DC40D0D9
:104E300009F0070059B0BDEC048BBDE8F08F669B0C
:104E4000032BF5D130AA0B1F13441A462046002825
:104E500050DC2246012A5DDC30AB5FED377A0B4433
:104E6000012C67DCDDED306A9DED317A002E67D1D3
:104E7000C7ED006A87ED017AC7ED027AD8E730AB5B
:104E80001FED417A0B442246002A24DA4EB3F1EE9C
:104E9000477AC7ED007ADDED307A77EEC77A31AA2E
:104EA00001239C4220DA0EB1F1EE677AC7ED017A58
:104EB000BEE730AB5FED4E7A0B44002C05DA0EB145
:104EC000F1EE677AC7ED007AB2E733ED017A013C83
:104ED00077EE877AF1E773ED017A013A37EE277AB8
:104EE000D2E7F0EE477AD4E7B2EC017A013377EEFD
:104EF000877AD6E772ED017AD2ED016A37EEA67AAB
:104F0000013877EEC77A82ED007A77EEA67AC2EDA5
:104F1000017A9CE773ED017AD3ED016A37EEA67A48
:104F2000013A77EEC77A83ED007A77EEA67AC3ED81
:104F3000017A8FE733ED017A013C77EE877A8FE7CC
:104F4000F1EE666AB1EE477AC7ED006A87ED017A45
:104F5000F1EE677A90E700BF10EE103A33F00042AE
:104F60002BD0B2F1FF4F02D330EE000A704713F09E
:104F7000FF4F23D1244BDFED257A984220EE270AFC
:104F800017DB10EE103AC3F3C752193A4CF2503106
:104F9000884215DDDFED1E7ADFED1E6A10EE103A55
:104FA000B0EE677A002BB8BFF0EE667A27EE870A7C
:104FB0007047DFED197A27EE800A7047D20DE5E7DA
:104FC0001044FE28E6DC002806DD23F0FF4343EA18
:104FD000C05300EE103A704710F1160F09DADFEDFA
:104FE0000E7ADFED0E6A10EE103AB0EE677A002B03
:104FF000D9E7193023F0FF4343EAC0539FED080A75
:1050000007EE903AD7E700BFB03CFFFF0000004C2E
:10501000CAF24971CAF249F16042A20D6042A28D02
:105020000000003310EE103AC3F3C7527F3A162A3D
:1050300023F000412BDC002A12DADFED197A30EE82
:10504000270AB5EEC00AF1EE10FA06DD002B24DACD
:105050000029144B08BF4FF0004300EE103A704790
:10506000114911410B42FAD0DFED0D7A30EE270ADB
:10507000B5EEC00AF1EE10FAEFDD002BBEBF4FF423
:10508000000040FA02F29B1823EA0103E5E7B1F1C0
:10509000FF4FE4D330EE000A70470023DDE700BF86
:1050A000CAF24971000080BFFFFF7F0008B50620EB
:1050B00000F03CFA0120DCF791FB00001FB514461C
:1050C0001A46094B1B680546D8684CB1074B00913E
:1050D000CDE9013406492B4600F084F9FFF7E6FFDD
:1050E000044B1C46F3E700BF14010020516C02087A
:1050F0005E6C02088C6C0208002301461A461846B2
:1051000000F0C2BA024B0146186800F02DB800BF8B
:1051100014010020024B0146186800F011BB00BFCB
:105120001401002070B50F4E0C463168054611B9C8
:1051300000F04CFA30602146284600F047FA431C44
:1051400003D14FF0FF34204670BDC41C24F003048B
:10515000A042F8D0211A284600F038FA0130F2D1E6
:10516000EFE700BF184401202DE9F843CD1C25F0DE
:10517000030508350C2D38BF0C25002D064601DB34
:10518000A94204D90C2333600020BDE8F883DFF87E
:10519000D48000F069F8D8F800301C4644BB29469A
:1051A0003046FFF7BFFF431C044658D1D8F80040F3
:1051B0002746002F43D1002C4BD023683946304678
:1051C00004EB030900F002FA814542D121686D1A0F
:1051D00029463046FFF7A6FF01303AD023682B441A
:1051E0002360D8F800305A6862BBC8F800700FE03E
:1051F0002268521B20D40B2A17D96119A3422560BB
:1052000018BF5960636808BFC8F8001062514B604E
:10521000304600F02FF804F10B00231D20F00700AA
:10522000C21A1CBF1B1AA350AFE76268A3420CBF8F
:10523000C8F800205A60EBE723466468AEE73C46B6
:105240007F68B6E71A465B68A342FBD10023536030
:10525000DEE70C233360304600F00CF894E705607D
:10526000D6E700BF1C440120014800F0FCB900BF94
:1052700060450120014800F0F7B900BF60450120FA
:1052800010B504460448134620B10A4602202146C0
:1052900000F0FAF910BD00BF89560208002310B5CE
:1052A0000446C0E90033C0E904338360818143666A
:1052B000C2818361194608225C3000F006F90D4B6B
:1052C00063620D4BA3620D4BE3620D4B23630D4BE9
:1052D00024629C4206D003F16802944202D0D0338B
:1052E0009C4205D104F15800BDE8104000F0BAB965
:1052F00010BD00BF45540208675402089F540208BD
:10530000C354020820440120024A0349034800F024
:105310007BB800BF08010020795E02081801002058
:1053200041680C4B994210B5044601D000F0A4FD31
:10533000A168094B994202D0204600F09DFDE1682A
:10534000064B994204D02046BDE8104000F094BDC1
:1053500010BD00BF2044012088440120F0440120FA
:1053600010B50B4B0B4C0C4A1A602046002204214E
:10537000FFF794FF04F1680001220921FFF78EFF77
:1053800004F1D0000222BDE810401221FFF786BFD1
:10539000584501202044012009530208014800F02B
:1053A00062B900BF62450120014800F05DB900BF4D
:1053B0006245012010B50446FFF7F0FF236A1BB1D8
:1053C000BDE81040FFF7F0BF044B2362044B1B689D
:1053D000002BF5D1FFF7C4FFF2E700BF215302080D
:1053E000584501200EB403B5014603AB054853F8F8
:1053F000042B0068019300F017FA02B05DF804EB8B
:1054000003B07047140100202DE9F8430746884691
:1054100014460026D4E90195B9F1010905D524689F
:10542000002CF7D13046BDE8F883AB89012B07D9B2
:10543000B5F90E30013303D029463846C04706433C
:105440006835E9E710B50C46B1F90E1000F098F890
:105450000028ABBF636DA3891B1823F48053ACBF36
:105460006365A38110BD2DE9F0411F468B89DB05E3
:1054700005460C46164605D5B1F90E10022300224A
:1054800000F06CF8A389B4F90E1023F48053A381C3
:1054900032463B462846BDE8F04100F0A7B810B5BB
:1054A0000C46B1F90E1000F059F8431CA38915BF42
:1054B000606523F4805343F48053A38118BFA38114
:1054C00010BDB1F90E1000F039B802440346934202
:1054D00000D1704703F8011BF9E71F2938B50546CD
:1054E0000C4604D9162303604FF0FF3038BDC26B61
:1054F00012B152F821304BB9284600F065F8224627
:1055000001462846BDE8384000F04CB8012B0AD0CF
:10551000591C03D1162303600120E7E7002142F85C
:105520002410204698470020E0E70000024B014687
:105530001868FFF7D2BF00BF1401002038B5064D30
:105540000023044608462B60DCF76AF9431C02D1AD
:105550002B6803B1236038BD5C45012038B5074D89
:1055600004460846114600222A601A46DCF762F912
:10557000431C02D12B6803B1236038BD5C45012078
:1055800038B5074D04460846114600222A601A46DF
:10559000DCF72AF9431C02D12B6803B1236038BD24
:1055A0005C45012038B5074D0023044608461146E6
:1055B0002B60DCF70BF9431C02D12B6803B123608D
:1055C00038BD00BF5C450120DCF7FEB838B5064D9C
:1055D0000023044608462B60DCF72EF9431C02D159
:1055E0002B6803B1236038BD5C45012038B5074DF9
:1055F00004460846114600222A601A46DCF702F9E2
:10560000431C02D12B6803B1236038BD5C450120E7
:10561000014B1868704700BF1401002070B50D4D94
:105620000D4C641BA4100026A64209D10B4D0C4C56
:1056300000F062FD641BA4100026A64205D170BDD7
:1056400055F8043B98470136EEE755F8043B984778
:105650000136F2E708890408088904080889040863
:105660001C8904087047704770470A44914200F152
:10567000FF3300D1704710B511F8014B03F8014F0B
:105680009142F9D110BD00002DE9F843274D07469E
:10569000286891460E469846FFF7E5FF244A1468AD
:1056A0003CB9244B1360244A12B11268C3F8882015
:1056B000204C63681F2B06DD2868FFF7D5FF4FF0ED
:1056C000FF30BDE8F8832FB3D4F8880068B91B4BCE
:1056D000002BF1D04FF48470FFF714FD0028EBD0BD
:1056E0000023C0E94033C4F88800636840F8239081
:1056F00001229A4000EB8301D0F800311343C0F837
:105700000031022FC1F8808002BFD0F8043113436A
:10571000C0F80431636828685A1C0233626044F898
:105720002360FFF7A1FF0020CBE700BF640100204A
:10573000F045012064450120C48502080551020896
:1057400038B50546002941D051F8043C0C1F002B08
:10575000B8BFE418FFF788FD1D4A136833B96360CA
:1057600014602846BDE83840FFF784BDA34208D93D
:10577000206821188B4201BF19685B6809182160F5
:10578000EDE71A465B680BB1A342FAD911685018CD
:10579000A0420BD120680144501883421160E0D12F
:1057A00018685B68536008441060DAE702D90C237C
:1057B0002B60D6E7206821188B4204BF19685B680C
:1057C000636004BF091821605460CAE738BD00BF98
:1057D0001C4401209368013B002B10B4936008DA4D
:1057E0009469A34201DB0A2903D15DF8044B00F060
:1057F0006BBB1368581C1060197008465DF8044BA9
:105800007047F8B506460F461446D518AC4201D18C
:10581000002007E014F8011B3A463046FFF7DAFF94
:10582000431CF3D1F8BD00002DE9F04F0D469DB0AB
:1058300014469846064618B1036A0BB9FFF7BAFD3D
:105840006B6ED90705D4AB899A0502D4A86DFFF712
:105850000AFFAB891B0701D52B699BB92946304646
:1058600000F070FB70B16B6EDC0704D54FF0FF30B9
:105870001DB0BDE8F08FAB899805F7D4A86DFFF790
:10588000F3FEF3E70023099320238DF82930CDF8A8
:105890000C803023DFF8AC818DF82A304FF00109FD
:1058A00023469A4613F8012B0AB1252AF9D1BAEBFF
:1058B000040B0BD05B46224629463046FFF7A1FF7A
:1058C000013000F0A780099A5A4409929AF80030F2
:1058D000002B00F09F8000234FF0FF32CDE905231D
:1058E0000AF1010A049307938DF853301A93544632
:1058F000052214F8011B5348DAF77AFC049AD8B948
:10590000D10644BF20238DF85330130744BF2B2307
:105910008DF853309AF800302A2B15D0079A544648
:1059200000204FF00A0C214611F8013B303B092BB7
:105930004BD9B0B1079214E0A0EB080309FA03F3C6
:1059400013430493A246D2E7039B191D1B680391DE
:10595000002BBBBF5B4242F0020207930793B8BF24
:10596000049223782E2B0AD163782A2B32D1039B01
:105970001A1D1B68039243EAE37302340593DFF8B0
:10598000D4A0217803225046DAF732FC38B1049BC8
:10599000A0EB0A004022824013430134049314F820
:1059A000011B29488DF828100622DAF721FC00286F
:1059B0003FD0264B1BBB039B073323F00703083361
:1059C0000393099B3B4409936AE70CFB02320C46A4
:1059D0000120A8E700230134059319464FF00A0C73
:1059E000204610F8012B303A092A03D9002BC6D0E3
:1059F0000591C4E70CFB012104460123F0E703AB4A
:105A000000932A46124B04A93046AFF300800746A4
:105A1000781CD6D16B6ED90705D4AB899A0502D410
:105A2000A86DFFF721FEAB895B063FF51FAF099814
:105A30001EE703AB00932A46054B04A9304600F04D
:105A400079F8E4E78D6C0208976C0208000000000A
:105A500003580208936C02082DE9F0471646984651
:105A60008A680B69DDF820909342B8BF1346336013
:105A700091F8432007460C460AB10133336023688E
:105A8000990642BF336802333360256815F0060576
:105A900006D104F1190AE36832689B1AAB4226DC8E
:105AA00094F843302268003B18BF012392062BD4A0
:105AB00004F1430241463846C84701301ED02368EE
:105AC000226903F00603042B02BFE5683368ED1A70
:105AD000A3680CBF25EAE57500259342C4BF9B1A55
:105AE000ED1800261A34B5421AD1002008E001232F
:105AF000524641463846C847013003D14FF0FF3087
:105B0000BDE8F0870135C6E7E1185A1C302081F85E
:105B10004300224494F8451082F843100233C7E74B
:105B20000123224641463846C8470130E6D00136B7
:105B3000D9E700002DE9FF470F7E0C9E782F914694
:105B400080460C469A4601F1430207D8622F0AD8D4
:105B5000002F00F0D180582F00F0B88004F14206E9
:105B600084F842703AE0A7F16303152BF6D801A13F
:105B700051F823F0CD5B0208E15B02085D5B02088F
:105B80005D5B02085D5B02085D5B0208E15B020889
:105B90005D5B02085D5B02085D5B02085D5B0208FD
:105BA000DF5C02080B5C0208995C02085D5B02087E
:105BB0005D5B0208015D02085D5B02080B5C020888
:105BC0005D5B02085D5B0208A15C020833681A1D78
:105BD0001B68326004F1420684F8423001239CE0E5
:105BE00033682068191D3160060601D51D6803E081
:105BF0004506FBD5B3F90050002D03DA2D236D4285
:105C000084F8433058480A2311E0216833680806B5
:105C100053F8045B02D4490648BFADB26F2F524817
:105C2000336014BF0A230823002184F843106668F8
:105C3000A660002E05DB21682E4321F004012160BF
:105C40004BD01646B5FBF3F103FB1157C75D06F8C1
:105C5000017D2F46BB420D46F4D9082B0BD123689A
:105C6000DF0708D5236961689942DEBF302306F853
:105C7000013C06F1FF36921B2261CDF800A04B4695
:105C800003AA21464046FFF7E7FE01304AD14FF014
:105C9000FF3004B0BDE8F087236843F020032360A1
:105CA0003248782784F84570236831681F0651F818
:105CB000045B02D45F0648BFADB23160D90744BF70
:105CC00043F0200323601DB11023ADE72648E9E728
:105CD000236823F020032360F6E71646BDE7336808
:105CE00025686169181D30602E061B6801D5196092
:105CF00002E06806FBD51980002323611646BCE745
:105D000033681A1D32601E68626800213046DAF777
:105D10006FFA08B1801B606063682361002384F818
:105D20004330AAE72369324649464046D04701300E
:105D3000ADD023689B0713D4E068039B9842B8BF9B
:105D40001846A6E70123324649464046D04701306F
:105D50009DD00135E36803995B1AAB42F2DCEBE7B7
:105D6000002504F11906F5E79E6C0208AF6C0208E5
:105D7000B1F90C202DE9F041160705460C4654D424
:105D80004B68002B02DC0B6C002B48DDE66A002E12
:105D900045D0002312F480522F68216A2B6030D046
:105DA000626DA389590705D56368D21A636B0BB17D
:105DB000236CD21A0023E66A216A2846B047431CA6
:105DC000A38906D129681D292BD82A4ACA40D6079B
:105DD00027D500226260D9042269226004D5421CC2
:105DE00001D12B6803B96065616B2F60B9B104F113
:105DF0004403994202D02846FFF7A2FC00236363C4
:105E00000DE001232846B0470246501CC9D12B683B
:105E1000002BC6D01D2B01D0162B1ED12F600020C9
:105E200022E043F040031BB21BE00F69002FF6D0C5
:105E300093070E6808BF4B690F6018BF0023A6EBDD
:105E400007088B60B8F1000FE9DD216AA66A4346B6
:105E50003A462846B047002808DCB4F90C3043F035
:105E60004003A3814FF0FF30BDE8F0810744A8EB69
:105E70000008E7E70100402038B50B6905460C46ED
:105E800013B90025284638BD18B1036A0BB9FFF7CE
:105E900091FAB4F90C30002BF3D0626ED00704D421
:105EA000990502D4A06DFFF7DEFB28462146FFF7D7
:105EB0005FFF636EDA070546E4D4A3899B05E1D44E
:105EC000A06DFFF7D1FBDDE7F8B50E461446054699
:105ED00018B1036A0BB9FFF76DFAA369A360A38930
:105EE0001A0701D5236943B92146284600F02AF84C
:105EF00018B14FF0FF373846F8BD23682269981A69
:105F00006369F6B28342374605DC21462846FFF72F
:105F1000B3FF0028EDD1A368013BA36023685A1C9E
:105F200022601E706269431C9A4204D0A389DB0779
:105F3000E1D50A2EDFD121462846FFF79DFF002834
:105F4000D9D0D6E738B5294B054618680C4618B1A4
:105F5000036A0BB9FFF72EFAB4F90C30190722D4F3
:105F6000DA0607D409222A6043F04003A3814FF0E8
:105F7000FF3033E0580712D5616B41B104F144039F
:105F8000994202D02846FFF7DBFB00236363A38915
:105F900023F02403A3810023636023692360A38982
:105FA00043F00803A38123694BB9A38903F4207349
:105FB000B3F5007F03D02146284600F03FF8B4F93E
:105FC0000C3013F001020AD00022A2606269524232
:105FD000A261226942B913F08000C5D138BD99078A
:105FE00058BF6269A260F4E70020F7E714010020BF
:105FF00070B50C46B1F90E10002996B015461E4634
:106000000DDAA38913F0800F4FF0000114BF402375
:106010004FF48063002031602B6016B070BD6A467B
:1060200000F048F80028ECDB019901F47041A1F57B
:106030000053594259414FF48063EBE78B89F7B520
:106040009D0706460C4607D504F1470323602361EC
:106050000123636103B0F0BD01AB6A46FFF7C8FFDF
:10606000009F054639463046FFF77EF848B9B4F937
:106070000C309A05EED423F0030343F00203A3810E
:10608000E2E7A389206043F08003A381019BC4E978
:1060900004075BB1B4F90E10304600F01DF828B1CA
:1060A000A38923F0030343F00103A381A3891D43C4
:1060B000A581CFE738B5074D0023044608461146B1
:1060C0002B60DBF7B0FB431C02D12B6803B12360CC
:1060D00038BD00BF5C45012038B5064D002304469D
:1060E00008462B60DBF7A4FB431C02D12B6803B1ED
:1060F000236038BD5C450120F8B500BFF8BC08BC82
:106100009E467047F8B500BFF8BC08BC9E46704775
:1061100000000000FFFFFFFFFFFFFFFF0000000087
:10612000010000000000000000000000010000006D
:10613000FFFFFFFFFFFFFFFF01000000FFFFFFFF6A
:10614000FFFFFFFF01000000010000000100000050
:106150004755495F5461736B0064656661756C7483
:106160005461736B006672616D6542756666657237
:1061700020213D2030202626202241206672616D9C
:10618000656275666665722061646472657373200A
:106190006D75737420626520736574220076697270
:1061A0007475616C20766F696420746F75636867BD
:1061B00066783A3A48414C3A3A7365744672616D72
:1061C0006542756666657253746172744164647287
:1061D000657373657328766F69642A2C20766F69FE
:1061E000642A2C20766F69642A29002E2E2F2E2EE9
:1061F0002F4D6964646C6577617265732F53542FFA
:10620000746F7563686766782F6672616D65776F06
:10621000726B2F696E636C7564652F746F7563683C
:106220006766782F68616C2F48414C2E687070004B
:106230007769647468203E3D20444953504C41596D
:106240005F5749445448202626206865696768746A
:10625000203E3D20444953504C41595F48454947F1
:10626000485420262620224672616D656275666656
:1062700065722063616E6E6F7420626520736D615C
:106280006C6C6572207468616E20646973706C61F7
:106290007922007669727475616C20766F6964206A
:1062A000746F7563686766783A3A48414C3A3A7356
:1062B00065744672616D6542756666657253697A8A
:1062C000652875696E7431365F742C2075696E743B
:1062D00031365F742900286672616D655F6275668C
:1062E0006665725F73656D20213D204E554C4C29CB
:1062F00020262620224372656174696F6E206F66C6
:10630000206672616D656275666665722073656D83
:106310006170686F7265206661696C6564220073E4
:10632000746174696320766F696420746F75636843
:106330006766783A3A4F5357726170706572733A74
:106340003A696E697469616C697A65282900433A13
:106350002F546F75636847465850726F6A6563744F
:10636000732F47616D65323034382F546F75636811
:106370004746582F7461726765742F67656E657242
:10638000617465642F4F5357726170706572732E1C
:1063900063707000287673796E635F7175657565DB
:1063A00020213D204E554C4C292026262022437288
:1063B000656174696F6E206F66207673796E6320F5
:1063C0006D657373616765207175657565206661BC
:1063D000696C65642200302026262022556E737574
:1063E00070706F7274656420466F726D61742122E3
:1063F0000075696E7433325F742053544D333244E8
:106400004D413A3A6765744368726F6D4152544F1B
:106410007574707574466F726D617428746F7563EE
:10642000686766783A3A4269746D61703A3A4269CF
:10643000746D6170466F726D61742900433A2F5418
:106440006F75636847465850726F6A656374732F3F
:1064500047616D65323034382F546F756368474635
:10646000582F7461726765742F67656E6572617409
:1064700065642F53544D3332444D412E6370700088
:1064800075696E7433325F742053544D3332444D0A
:10649000413A3A6765744368726F6D415254496E70
:1064A000707574466F726D617428746F7563686778
:1064B00066783A3A4269746D61703A3A4269746D2D
:1064C0006170466F726D617429003020262620228B
:1064D000556E737570706F7274656420666F726D3F
:1064E000617422007669727475616C20766F6964DC
:1064F0002053544D3332444D413A3A7365747570AC
:1065000044617461436F707928636F6E7374207493
:106510006F7563686766783A3A426C69744F7026A3
:106520002900636F6D70617469626C654672616D9C
:1065300065627566666572284269746D61703A3A83
:1065400052474235363529202626202254686520B8
:1065500063686F73656E207061696E746572206F19
:106560006E6C7920776F726B732077697468205234
:10657000474235363520646973706C617973220047
:10658000746F7563686766783A3A416273747261D2
:1065900063745061696E7465725247423536353A9C
:1065A0003A41627374726163745061696E746572AA
:1065B0005247423536352829002E2E2F2E2E2F4DAC
:1065C0006964646C6577617265732F53542F746FBF
:1065D0007563686766782F6672616D65776F726B39
:1065E0002F696E636C7564652F746F756368676679
:1065F000782F776964676574732F63616E76617352
:106600002F41627374726163745061696E74657254
:106610005247423536352E6870700073697A656F5F
:10662000662853637265656E5479706529203C3D18
:1066300020686561702E73637265656E53746F7246
:106640006167652E656C656D656E745F73697A65EB
:10665000282920262620225669657720616C6C6FD8
:10666000636174696F6E206572726F723A2043685D
:1066700065636B207468617420616C6C2076696559
:1066800077732061726520616464656420746F2093
:1066900046726F6E74656E64486561703A3A566909
:1066A00065775479706573220050726573656E74F6
:1066B0006572547970652A20746F756368676678AF
:1066C0003A3A6D616B655472616E736974696F6E8D
:1066D0002853637265656E2A2A2C20507265736593
:1066E0006E7465722A2A2C204D56504865617026BA
:1066F0002C205472616E736974696F6E2A2A2C2083
:106700004D6F64656C547970652A29205B776974D4
:10671000682053637265656E54797065203D20472B
:10672000616D6553637265656E566965773B205090
:10673000726573656E74657254797065203D20478B
:10674000616D6553637265656E50726573656E74D5
:1067500065723B205472616E7354797065203D20E0
:106760004E6F5472616E736974696F6E3B204D6F2A
:1067700064656C54797065203D204D6F64656C5D77
:10678000002E2E2F2E2E2F4D6964646C657761725A
:1067900065732F53542F746F7563686766782F661F
:1067A00072616D65776F726B2F696E636C7564656E
:1067B0002F6D76702F4D56504170706C6963617407
:1067C000696F6E2E6870700073697A656F66285005
:1067D000726573656E7465725479706529203C3DED
:1067E00020686561702E70726573656E7465725392
:1067F000746F726167652E656C656D656E745F732D
:10680000697A652829202626202250726573656ED4
:1068100074657220616C6C6F636174696F6E206562
:1068200072726F723A20436865636B20746861749A
:1068300020616C6C2070726573656E746572732074
:1068400061726520616464656420746F2046726FB4
:106850006E74656E64486561703A3A50726573652E
:106860006E7465725479706573220073697A656F0E
:1068700066285472616E735479706529203C3D20FE
:10688000686561702E7472616E736974696F6E539E
:10689000746F726167652E656C656D656E745F738C
:1068A000697A65282920262620225472616E736930
:1068B00074696F6E20616C6C6F636174696F6E20B8
:1068C0006572726F723A20436865636B2074686109
:1068D0007420616C6C207472616E736974696F6E80
:1068E000732061726520616464656420746F204662
:1068F000726F6E74656E64486561703A3A54726185
:106900006E736974696F6E5479706573220074795F
:10691000706564546578747320213D2030202626EC
:1069200020225479706564546578742064617461C0
:106930006261736520686173206E6F7420626565A3
:106940006E20696E697469616C697A65642E2200D3
:10695000636F6E737420746F7563686766783A3A14
:10696000466F6E742A20746F7563686766783A3A6A
:106970005479706564546578743A3A676574466F03
:106980006E74282920636F6E7374002E2E2F2E2EA6
:106990002F4D6964646C6577617265732F53542F52
:1069A000746F7563686766782F6672616D65776F5F
:1069B000726B2F696E636C7564652F746F75636895
:1069C0006766782F5479706564546578742E6870A2
:1069D000700068617356616C6964496428292026D7
:1069E0002620227479706564546578744964206C3B
:1069F0006172676572207468616E206E756D626584
:106A0000724F66547970656454657874732E2200F1
:106A1000636F6E737420746F7563686766783A3A53
:106A2000556E69636F64653A3A556E69636F646564
:106A3000436861722A20746F7563686766783A3AB2
:106A40005479706564546578743A3A67657454652E
:106A50007874282920636F6E737400257300757332
:106A60006564203E203000746F7563686766783A0D
:106A70003A556E69636F64653A3A556E69636F643F
:106A8000654368617220746F7563686766783A3A27
:106A90005465787450726F76696465723A3A6369C6
:106AA0007263756C61724275666665723C73697A71
:106AB000653E3A3A7065656B436861722829205BD0
:106AC0007769746820756E7369676E656420696E96
:106AD000742073697A65203D2031303B20746F75D6
:106AE00063686766783A3A556E69636F64653A3AE7
:106AF000556E69636F646543686172203D207368F9
:106B00006F727420756E7369676E656420696E7448
:106B10005D002E2E2F2E2E2F4D6964646C657761DB
:106B20007265732F53542F746F7563686766782F7F
:106B30006672616D65776F726B2F696E636C7564D9
:106B4000652F746F7563686766782F546578745025
:106B5000726F76696465722E687070006F66667316
:106B60006574203C207573656400746F7563686795
:106B700066783A3A556E69636F64653A3A556E695C
:106B8000636F64654368617220746F7563686766DC
:106B9000783A3A5465787450726F76696465723ADF
:106BA0003A63697263756C61724275666665723CC0
:106BB00073697A653E3A3A7065656B43686172281D
:106BC00075696E7431365F7429205B77697468204B
:106BD000756E7369676E656420696E742073697A77
:106BE00065203D2031303B20746F7563686766789F
:106BF0003A3A556E69636F64653A3A556E69636FE8
:106C0000646543686172203D2073686F72742075FB
:106C10006E7369676E656420696E743B2075696E7A
:106C20007431365F74203D2073686F727420756E06
:106C30007369676E656420696E745D002564004940
:106C4000444C4500546D725100546D72205376636C
:106C5000002C2066756E6374696F6E3A2000617354
:106C600073657274696F6E202225732220666169D4
:106C70006C65643A2066696C6520222573222C209D
:106C80006C696E65202564257325730A00232D30F9
:106C90002B2000686C4C0065666745464700303124
:106CA0003233343536373839414243444546003073
:106CB00031323334353637383961626364656600A2
:106CC0005061020800000000000000000000000009
:106CD000000000000080000018000000000000001C
:106CE00000000000596102080000000000000000E0
:106CF000000000000000000000020000180000007A
:106D00000000000000000000000000000000000083
:106D10008118000883180008D5180008E119000838
:106D200000000000000000007F1B0008071C000896
:106D3000311B00089D1C0008811B00089D1B0008DA
:106D4000031C0008EF1B0008B1A30008BFA3000844
:106D50003D1B000895AF000809A60008E71B0008C6
:106D600061260008E11C0008D9AB0008C7A3000891
:106D70000DA8000805AB00086FAB000869A8000863
:106D800069AD0008A1AC0008FDAE0008CDA8000860
:106D900019A60008EDAD000871AE0008D11B00086F
:106DA000F31B0008F71B0008FB1B0008FF1B000873
:106DB0003F1B00085D1C0008451B000841A7000898
:106DC000ADA70008591B00085B1B00085F1B0008EB
:106DD000691B00086F1B000883A3000821A9000895
:106DE000771B00086DA400085526000859260008E6
:106DF000EB1B000821A600081FA70008151C0008AF
:106E0000791B00087B1B00087D1B000800000000A8
:106E100000000000C71D000821B10008B51D0008D2
:106E2000051E000889B10008BF1D0008BB1D000831
:106E3000CD1D0008ED1D000837B00008ADB10008F9
:106E400031B000084D1F0008951E0008C3B00008AF
:106E5000C5B00008C3B000086DB100080000000014
:106E60000000000081220008952200082D9E0008E5
:106E7000419E0008019E0008059E0008279E00080C
:106E80000F22000813220008172200081F22000802
:106E900000000000000000005522000869220008E0
:106EA0002D9E0008419E0008019E0008059E0008D6
:106EB000279E0008ED210008F1210008F7210008B5
:106EC0000322000800000000000000002D2200083E
:106ED000412200082D9E0008419E0008019E0008E6
:106EE000059E0008279E0008D1210008D521000832
:106EF000D9210008E3210008000000000000000084
:106F0000A9220008E522000827220008000000004E
:106F1000000000000000000000000000372500080D
:106F20003B250008432500086742020800000000D6
:106F300000000000992500080526000829CA00085D
:106F4000672500084121010819CB000865260008C3
:106F5000ED240008C1200108732600080121010862
:106F6000DB200108F1240008F5240008F9240008BA
:106F7000FD24000801250008032500080525000858
:106F80000725000809250008A12101080B25000894
:106F900023250008452500084B2500085125000839
:106FA0008925000800000000000000009B25000863
:106FB0001326000843B80008732500087725000849
:106FC0007D25000883250008E9B7000839C90008B5
:106FD000FFB7000805B8000829B8000881B8000804
:106FE0002DB800088D25000891250008952500087A
:106FF000000000000000000053280008512800088D
:1070000099280008789D0208000000006400240010
:10701000030000005E002440B8D502080000000014
:107020000A001100000000000A0011000CD702083D
:107030000000000032003200100021000400034074
:107040001CFE020800000000640025000000000093
:1070500064002500041B0308000000003700130033
:107060000000000037001300302303080000000078
:10707000C800C60000000000C800C6009058040800
:1070800000000000C8001F0000000000C8001F0032
:107090000000000000000000052900080729000882
:1070A00000000000000000002D2900089D290008B4
:1070B000592900087929000800000000000000009C
:1070C000C10A0108390B01084D0B0108690B0108C1
:1070D000850E0108CB2900082F290008AB290008DC
:1070E00031290008E10D0108172900089D0A01084F
:1070F00019290008610B0108BD160108090B0108D8
:10710000C10F0108D90A01081D0C01080000000088
:1071100000000000572900088F29000851290008A5
:107120002529000827290008BB290008292900086B
:107130000000000000000000E32B00081D2C0008E8
:10714000E92B0008072C00080000000000000000E8
:10715000E52B00082B2C0008B7A200089F9E000812
:10716000412101089F20010865260008DD2B000849
:10717000C1200108519F000801210108DB200108FE
:10718000F1240008F5240008F9240008FD24000873
:10719000012500080325000805250008072500082B
:1071A00009250008A12101080B25000829A30008D2
:1071B0006D9E0008EF9E0008879E0008999E0008BB
:1071C000599E00081D9F0008B19F0008C79E000837
:1071D00019A20008AB9E0008E72B0008E12B00086D
:1071E0000000000000000000FD2E0008352F000800
:1071F000F5D80008C72E0008412101089F2001088A
:10720000752F0008ED240008C1200108732600082E
:1072100001210108DB200108F1240008F524000801
:107220007F2E0008A32E0008012500080325000872
:10723000052500080725000809250008A1210108E7
:107240000B25000823250008D32E00088D2F0008E9
:10725000D92E0008B5CF0008E1CF000831D00008D2
:10726000A5D00008F72E0008F32E0008F92F00081B
:107270000000000000000000FF2E0008432F00085F
:10728000012F00081F2F0008000000000000000070
:1072900009300008553000087F300108512F0008E0
:1072A000772E0008792E0008592B0108012C0108BF
:1072B000012B01087B2E00087D2E0008FB2E000804
:1072C0000000000000000000493400089F3400085E
:1072D000172A0108B5280008D5280008D928000871
:1072E0001946000835460008EF1E01080D20010868
:1072F000071F0108A71F0108DD2800089D1F0108BE
:10730000E1280008E5280008ED2800086534000899
:10731000AD1F01084134000845340008F328000877
:10732000F92800084B3400080000000000000000AD
:107330000D3500083735000819D70008FBD60008BE
:10734000412101089F20010855350008ED2400085F
:10735000C12001087326000801210108DB20010873
:10736000F1240008F5240008F9240008FD24000891
:107370000125000803250008052500080725000849
:1073800007360008A12101080B2500082325000865
:10739000213500082535000800000000000000002D
:1073A0000F35000829350008F5D80008C72E000859
:1073B000412101089F200108752F0008ED240008D5
:1073C000C12001087326000801210108DB20010803
:1073D000F1240008F52400087F2E0008A32E0008E1
:1073E00001250008032500080525000807250008D9
:1073F00063350008A12101080B250008232500089A
:10740000D32E00088D2F0008D92E0008B5CF000814
:10741000E1CF000831D00008A5D00008F72E000801
:10742000F32E0008F92F0008153500081B35000859
:10743000000000000000000011350008453500087C
:10744000B7A200089F9E0008412101089F20010863
:1074500065260008DD2B0008C1200108519F0008A7
:1074600001210108DB200108F1240008F5240008AF
:10747000F9240008FD240008012500080325000860
:10748000052500080725000809250008A121010895
:107490000B25000829A300086D9E0008EF9E000838
:1074A000879E0008999E0008599E00081D9F0008AD
:1074B000B19F0008C79E000819A20008AB9E0008F3
:1074C000133500080000000000000000F34700082A
:1074D0002D480008F9470008174800080000000080
:1074E00000000000F54700083B480008B7A200086C
:1074F0009F9E0008412101089F2001086526000881
:10750000DD2B0008C1200108519F0008012101085E
:10751000DB200108F1240008F5240008F924000804
:10752000FD240008012500080325000805250008A2
:107530000725000809250008A12101080B250008DE
:1075400029A300086D9E0008EF9E0008879E000892
:10755000999E0008599E00081D9F0008B19F0008D1
:10756000C79E000819A20008AB9E0008F747000854
:10757000EF470008F147000800000000000000008D
:10758000C10A0108390B01084D0B0108690B0108FC
:10759000334A0008CB290008214A0008234A000882
:1075A00031290008E10D0108172900089D0A01088A
:1075B00019290008610B0108BD160108090B010813
:1075C000C10F0108D90A01081D0C010800000000C4
:1075D00000000000714A0008854A0008B7A20008B0
:1075E0009F9E0008412101089F2001086526000890
:1075F000DD2B0008C1200108519F0008012101086E
:10760000DB200108F1240008F5240008F924000813
:10761000FD240008012500080325000805250008B1
:107620000725000809250008A12101080B250008ED
:1076300029A300086D9E0008EF9E0008879E0008A1
:10764000999E0008599E00081D9F0008B19F0008E0
:10765000C79E000819A20008AB9E0008AD4A0008AA
:107660005D4A00080000000000000000B74A000862
:10767000B74A0008B14A0008B94A0008FCFFFFFFFA
:1076800000000000B34A0008C74A000800000000DC
:1076900000000000E54A0008F94A00087F300108B0
:1076A000254B0008772E0008E14A0008592B0108F5
:1076B000012C0108012B0108A14C00087D2E0008B7
:1076C000894B00080000000000000000194D000870
:1076D0002D4D0008B7A200089F9E00084121010817
:1076E0009F20010865260008DD2B0008C120010845
:1076F000519F000801210108DB200108F124000846
:10770000F5240008F9240008FD24000801250008DC
:10771000032500080525000807250008092500089D
:10772000A12101080B25000829A300086D9E00086F
:10773000EF9E0008879E0008999E0008599E000849
:107740001D9F0008B19F0008C79E000819A20008ED
:10775000AB9E00085D4E0008000000000000000025
:107760008D4F0008A14F0008B7A200089F9E000897
:10777000412101089F20010865260008DD2B000833
:10778000C1200108519F000801210108DB200108E8
:10779000F1240008F5240008F9240008FD2400085D
:1077A0000125000803250008052500080725000815
:1077B00009250008A12101080B25000829A30008BC
:1077C0006D9E0008EF9E0008879E0008999E0008A5
:1077D000599E00081D9F0008B19F0008C79E000821
:1077E00019A20008AB9E0008CD4F0008694F0008A1
:1077F0007D4F0008000000000102030400000000AB
:107800000000000001020304060708090403020245
:107810000201010200000000000000000000000062
:10782000000000002D9E0008419E0008019E0008F7
:10783000059E0008279E000867420208674202086A
:1078400067420208674202080000000000000000D2
:10785000DF9E0008E19E0008B7A200089F9E000876
:10786000412101089F20010865260008DD2B000842
:10787000C1200108519F000801210108DB200108F7
:10788000F1240008F5240008F9240008FD2400086C
:107890000125000803250008052500080725000824
:1078A00009250008A12101080B25000829A30008CB
:1078B0006D9E0008EF9E0008879E0008999E0008B4
:1078C000599E00081D9F0008B19F0008C79E000830
:1078D00019A20008AB9E0008101820000000000844
:1078E00008080808000000000000000001B00008BF
:1078F0000DB00008C9B00008C7B000087BB100088F
:107900000DB1000825B000080000000000000000D4
:1079100057B7000859B70008372500083B2500086D
:1079200055B7000899B200080000000000000000F0
:10793000ADB70008D5B7000891B700083B2500088F
:10794000D1B70008B3B7000869B70008F8FFFFFF18
:1079500000000000AFB70008E3B7000889B70008CF
:107960000000000000000000F9C30008E1C60008A4
:10797000D1C100080000000000000000000000006D
:107980000000000043B800087325000877250008B0
:107990007D25000883250008E9B7000839C90008DB
:1079A000FFB7000805B8000829B8000881B800082A
:1079B0002DB80008674202086742020867420208C1
:1079C00000000000000000000000000000000000B7
:1079D00029CA0008672500084121010819CB0008C1
:1079E00065260008ED240008C12001087326000860
:1079F00001210108DB200108F1240008F52400081A
:107A0000F9240008FD2400080125000803250008CA
:107A1000052500080725000809250008A1210108FF
:107A20000B25000823250008452500084B250008E4
:107A30005125000867420208000000000000000015
:107A4000A3CB0008A5CB0008A9CE0008B3CB000843
:107A5000412101089F20010889CB0008ED2400087E
:107A6000C12001087326000801210108DB2001085C
:107A7000F1240008F5240008F9240008FD2400087A
:107A80000125000803250008052500080725000832
:107A900009250008A12101080B250008232500085D
:107AA00057DB000897CB00089DCB000800000000C2
:107AB00000000000DDCF0008C1D400083DD500085B
:107AC000C72E0008412101089F200108D1D40008D9
:107AD000ED240008C12001087326000801210108D7
:107AE000DB200108F1240008F52400087F2E00089F
:107AF000A32E00080125000803250008052500081D
:107B00000725000809250008A12101080B25000808
:107B100023250008D32E00088D2F0008D92E000839
:107B2000B5CF0008E1CF000831D00008A5D000088B
:107B3000B1CF0008F32E000875D100080000000046
:107B40000000000055D7000857D7000819D70008D3
:107B5000FBD60008412101089F2001085535000887
:107B6000ED240008C1200108732600080121010846
:107B7000DB200108F1240008F5240008F92400089E
:107B8000FD2400080125000803250008052500083C
:107B90000725000809250008A12101080B25000878
:107BA000232500080000000000000000CFD90008D5
:107BB000D1D900082DDA0008C3D7000841210108F7
:107BC0009F200108E1D80008ED240008C120010829
:107BD0007326000801210108DB200108F1240008B8
:107BE000F5240008F9240008FD24000801250008F8
:107BF000FD410208052500080725000809250008A1
:107C0000A12101080B25000823250008A3D700089F
:107C100065D70008CDD90008DFD9000800000000B2
:107C20000000000055DB000889DB0008B9DB000814
:107C300097DB0008412101089F20010889CB00083B
:107C4000ED240008C1200108732600080121010865
:107C5000DB200108F1240008F5240008F9240008BD
:107C6000FD2400080125000803250008052500085B
:107C70000725000809250008A12101080B25000897
:107C80002325000857DB000800000000000000006A
:107C90003DDC00083FDC00084DDC0008C3D70008CD
:107CA000412101089F200108E1D80008ED240008C7
:107CB000C12001087326000801210108DB2001080A
:107CC000F1240008F5240008F9240008FD24000828
:107CD00001250008FD4102080525000807250008C8
:107CE00009250008A12101080B250008232500080B
:107CF000A3D7000865D700086BD700080000000074
:107D00000000000021DE000823DE00080000000063
:107D100000000000C10A0108390B01084D0B0108E1
:107D2000690B0108850E0108D50A01087D0B0108C1
:107D30007F0B010815290008E10D0108172900082B
:107D40009D0A010819290008610B0108BD160108E8
:107D5000090B0108C10F0108D90A01081D0C01080F
:107D60000000000000000000000000000000000013
:107D70006742020867420208412101089F2001086A
:107D800065260008ED240008C120010867420208AA
:107D900001210108DB200108F1240008F524000876
:107DA000F9240008FD240008012500080325000827
:107DB000052500080725000809250008A12101085C
:107DC0000B2500082325000800000000000000002B
:107DD000F9210108FB210108B1250108000000007C
:107DE000000000000000000000000000172A010849
:107DF000B5280008D5280008D92800081946000829
:107E000035460008EF1E01080D200108071F010874
:107E1000A71F0108DD2800089D1F0108E1280008B0
:107E2000E5280008ED28000867420208AD1F010898
:107E30001146000815460008F3280008F928000834
:107E4000674202080000000000000000C72A010885
:107E5000C92A0108B52A010800000000000000003E
:107E6000C52A0108D72A0108B92A01080000000024
:107E700000000000C32A0108E52A0108BD2A010804
:107E80000000000000000000C12A0108F32A0108D8
:107E90007F300108752E0008772E0008792E000823
:107EA000592B0108012C0108012B01087B2E000829
:107EB0007D2E00080000000000000000397A010853
:107EC000B37D0108C92D0208893002086D3202080D
:107ED0000000000000000000377A0108C17D0108A1
:107EE00015850108BD9101083594010800000000C6
:107EF00000000000357A0108CF7D0108698701087C
:107F0000B9960108A19A01080000000000000000D5
:107F1000337A0108DF7D0108658B0108797F01084C
:107F20000000000000000000417A0108697F01089C
:107F3000F173010800000000000000003F7A010812
:107F40005B7F0108197701080000000000000000B5
:107F50003D7A01084D7F0108312102080000000030
:107F6000000000003B7A01083F7F01083928020821
:107F70000000000000000000557A0108DD7E0108C5
:107F80001B6A01080000000000000000537A01088D
:107F9000CF7E0108A96C010800000000000000006D
:107FA000717A0108197E01082356010800000000BB
:107FB00000000000697A0108517E0108475A010853
:107FC0000000000000000000597A0108F97E010855
:107FD0007D6401080000000000000000497A0108EB
:107FE000317F01081B6E0108000000000000000046
:107FF0006F7A01080B7E0108C358010800000000D9
:1080000000000000677A0108437E0108F15C010866
:108010000000000000000000577A0108EB7E010814
:108020004B67010800000000000000004D7A0108C5
:10803000A57E0108670302080000000000000000A0
:10804000477A0108237F0108117101080000000030
:1080500000000000617A0108897E0108D15E0108F4
:1080600000000000000000004B7A0108977E010824
:10807000B308020800000000000000006D7A01084B
:10808000FD7D01083DC30108000000000000000064
:10809000657A0108357E010867CE010800000000FE
:1080A00000000000517A0108C17E010855EF010867
:1080B00000000000000000005F7A01087B7E0108DC
:1080C0008D6101080000000000000000457A0108F1
:1080D000157F0108750E0208000000000000000076
:1080E0006B7A0108EF7D0108E3C801080000000079
:1080F00000000000637A0108277E0108B5D401085A
:1081000000000000000000004F7A0108B37E010863
:1081100029FA01080000000000000000437A01086D
:10812000077F01081118020800000000000000008D
:108130005D7A01086D7E01083BDB0108000000004C
:10814000000000005B7A01085F7E010819E5010864
:108150000000000000000000317A0108A57D010840
:10816000B1B00108C97B0108D9A70108737A0108D9
:10817000C19E0108B97A0108E9A001087DA10108A2
:10818000895401088D5401089154010855EB0008E9
:1081900069EB0008F9ED000875EB0008A15401082F
:1081A00059EC0008C5B40108000000000000000000
:1081B000D1410208E9410208733C02080000008036
:1081C000DB0F4940DB0F49C0DB0F49BFE4CB164052
:1081D000E4CB16C0000FC93F000F494000CB9640CA
:1081E000000FC9400053FB4000CB164100ED2F416A
:1081F000000F49410031624100537B41003A8A41FE
:1082000000CB9641005CA34100EDAF41007EBC4134
:10821000000FC94100A0D5410031E24100C2EE414A
:108220000053FB4100F20342003A0A42008310422D
:1082300000CB164200141D42005C234200A52942D7
:1082400000ED2F4200363642007E3C4200C74242DB
:10825000000F4942A2000000F90000008300000066
:108260006E0000004E0000004400000015000000F9
:1082700029000000FC00000027000000570000005B
:10828000D1000000F500000034000000DD00000017
:10829000C0000000DB00000062000000950000004C
:1082A000990000003C000000430000009000000026
:1082B00041000000FE0000005100000063000000CB
:1082C000AB000000DE000000BB000000C5000000A5
:1082D00061000000B7000000240000006E000000F4
:1082E0003A000000420000004D000000D2000000F3
:1082F000E000000006000000490000002E00000021
:10830000EA00000009000000D10000009200000017
:108310001C000000FE0000001D000000EB0000003B
:108320001C000000B100000029000000A7000000B0
:108330003E000000E8000000820000003500000060
:10834000F50000002E000000BB000000440000000B
:1083500084000000E90000009C00000070000000A4
:1083600026000000B40000005F0000007E00000056
:10837000410000003900000091000000D60000001C
:1083800039000000830000005300000039000000A5
:10839000F40000009C000000840000005F0000006A
:1083A0008B000000BD000000F90000002800000064
:1083B0003B0000001F000000F800000097000000D4
:1083C000FF000000DE000000050000009800000033
:1083D0000F000000EF0000002F000000110000005F
:1083E0008B0000005A0000000A0000006D00000031
:1083F0001F0000006D000000360000007E0000003D
:10840000CF00000027000000CB00000009000000A2
:10841000B70000004F000000460000003F000000D1
:10842000660000009E0000005F000000EA000000FF
:108430002D0000007500000027000000BA000000B9
:10844000C7000000EB000000E5000000F1000000A4
:108450007B0000003D000000070000003900000024
:10846000F70000008A0000005200000092000000A7
:10847000EA0000006B000000FB0000005F0000004D
:10848000B10000001F0000008D0000005D00000032
:10849000080000005600000003000000300000004B
:1084A00046000000FC0000007B0000006B000000A4
:1084B000AB000000F0000000CF000000BC00000096
:1084C000200000009A000000F400000036000000C8
:1084D0001D000000A9000000E30000009100000062
:1084E000610000005E000000E60000001B000000CC
:1084F00008000000650000009900000085000000F1
:108500005F00000014000000A000000068000000F0
:10851000400000008D000000FF000000D8000000B7
:10852000800000004D0000007300000027000000E4
:1085300031000000060000000600000015000000E9
:1085400056000000CA00000073000000A8000000F0
:10855000C900000060000000E20000007B00000095
:10856000C00000008C0000006B0000006937AC31D7
:1085700068212233B40F14336821A2333863ED3EEF
:10858000DA0F493F5E987B3FDA0FC93F0000C93FD1
:108590000000F0390000DA370000A2330000842E1A
:1085A0000000502B0000C2270000D0220000C41F92
:1085B0000000C61B00004417040000000700000074
:0885C00009000000F445012050
:1085C800D2CE1302C500300C105C004D00C0000074
:1085D8000200F00030FC4D10EEE81FF509F7667F49
:1085E800508FF607F5589F706FE17EFE02C3DF05D6
:1085F80040AF00FBAF0052AF0030AF0030AF0030EB
:10860800AF0074CF15FBFF2F90FD5D00ADF92F1063
:1086180000FB0400D01F00907F00908F00B0CF7740
:1086280014FFFF9FB1FE7D209DE82F0021EC0190F3
:10863800FF060053FC1300806FD599FE32ECCE057F
:108648000080BF0040FF0B108DBF00CAF10BF5245E
:10865800BF91FFFFBF4354CF0300F10BE0FFFF04BE
:10866800EE7727E01D0000FEFF084064FD0400804F
:108678006FD399FE22EBCE0400D7EF00F9AD0AF1D3
:108688003D1440EFFF1DF519F9489F508FD06EFB40
:1086980004B3DE06F4FFFF2777C76F0010EE010072
:1086A800F80700F21E00907F0020EF0100FA060094
:1086B80060FD8D30CFC65FF41CF704FAEF08C19C4B
:1086C800FF736F509FF56CFA06D7DF0750EC4C200C
:1086D800DFE61EF607F865AF816FC1FFFE0530B310
:1086E8002F90DAAF00FD8D00EEEE0000EEEEC3EE47
:1086F80019B4C77F00508F00C23F10DF03108E00EF
:1087080010460040BF00F1FFCF02F17DFB09F11CCC
:10871800F707F1FFDF03F14DF60EF10CD02FF16DE5
:10872800F90DF1FFBF0340ECCE24DF877DF61B0077
:1087380032FFCF0740EAFF380170BFE778FB36EB1E
:10874800DF0750EC5DF36D88F70500F70500F36D62
:108758008750EC5D50EC5D309FC31EF7EEFF736FE2
:108768002212F36DC602C5EE1B50ED4C30CFD52E4C
:10877800F705F7755F705FF35CED02D5CE04F3BBC8
:108788003CEF9CF309309F00F309309F0080EE3CDA
:10879800F64948F6AE0660EB7F87847FD5EF19F17E
:1087A8000A10AF00FCFF45CF14F10A10AF00F04DDE
:1087B80001E74E0000C6EE5C0060FFFFFF05D0DF5A
:1087C80011FD0CF28F00F91FF37F00F72FF37F00E4
:1087D800F72FF18F00F90FD0DF11FE0D60FFFFFFBB
:1087E8000500C6EF5C0000E38F00F3FF8F00A2FADC
:1087F8008F0000F08F0000F08F0000F08F0000F075
:108808008F0000F08F00C2FCEF7CF3FFFF9FA3ED09
:10881800CE0570FFFFFF058612F5AF000000FE0AC7
:108828000000F55F0000E3AF0000E5AF0010F97F3E
:108838000000FAFFFFFFB4FFFFFF4F50DBEF8C0192
:10884800FBFFFF9F501420FE0900D8FE1A00A0FF6E
:10885800BF020000E3CF000000FB1E6D12E5CFF160
:10886800FFFFFF05C8FEBE030000E2FF000010FC8A
:10887800FF0000A0CFFF0000F788FF0040BF80FF87
:1088880000E21D80FF00F6FFFFFF6FD6DDEDFF5D04
:10889800000080FF00000080FF00F8FFFFBFF8FF26
:1088A800FFBFF80F0000F8DFAC04F8FFFF7F3211BC
:1088B800E4EF0000A0FF6B12E5CFFDFFFF4FC7FEFE
:1088C800AD030050EBEF0500FAFFFE0660FF18004D
:1088D80001C0CF743700F0FFFFFF08F1AF32FC1F73
:1088E800F09F00F73FB0DF01FA1F40FFDEFF0800EE
:1088F800B3FE6D00FEFFFFFFE1FFFFFF1F0000E179
:10890800CF000090FF030030FF090000FC1E0000AC
:10891800F67F0000E1DF000090FF050030FF0B004C
:108928000000C7EE8D01A0FFDCFF0BF0AF00FA0FCF
:10893800D0EF16FC0930FCFFAF0060DEE9FF09F25A
:108948006F10FA2FF48F00F73FD1FFCDFF0C10D92D
:10895800EF7C0100C6EE3B00F9CFFE4FF29F10FE00
:108968004BFF06A0EFF2CF23FA0FF8FFFFEF0074DA
:1089780048FD0B0110F85F70DEFF9F00E6EF5B001B
:10898800C9EE7CF0FFFF8F2820FE0C00E0BF00A29C
:10899800EF03F5AF0250FF010042040070CC030062
:1089A800F84F0000B7FD9D01FEFFFF1D7D44FD5FF0
:1089B8000000F76F0000FB3F0091FF0920FF7E00D9
:1089C80030FF060020DD05000011000050FF0900FF
:1089D80050FF09000040EBDF5B0090FFFFFF3F50B6
:1089E800FF8F64FC03FC5F000027F1DF000000300C
:1089F800FF0B000000F3BF00000020FF0D00000087
:108A0800D0FF05006002F6FF48B53F00F9FFFFFF01
:108A18000300B5FEAE050030DAEF9C0370FFFFFFE0
:108A2800FF40FF9F34C60FFC7F000060F1DF0000AD
:108A38000030FF0BF0FFFFF3BF00FFFF1FFF0E30FA
:108A4800D3FFC0FF0600FC0FF5FF49D2FF00F8FF77
:108A5800FFFF0F00A4FECE49F9EF0140FF95FF9FED
:108A680000F45FF9FF3F40FF95FFFF0CF45FF99FAB
:108A7800FF45FF95FFE2DFF55FF90FF7CFFF95FFA1
:108A880010FDFF5FF90F60FFFF95FF00C0FF5FF962
:108A98000F00F4FF95FF0000FA5F60ECEF7C00FA2E
:108AA800EFFF6F500330FE0B40A8EBDFA0FFDFFEA7
:108AB8004DFF09C0DFF56F10FD2DFEDFFFDF40FC25
:108AC8006DFC0D00B3FE8D0050FFCDFF0AE09F0046
:108AD800F82FF4BFAAFB5FF5FFFFFF5FF47F0000EC
:108AE80000E1EF04403A50FFFFFF3F00A3FECE181D
:108AF800FCCEEF22B2DFFBBDDFFBBDDFFBBDDFFB42
:108B0800BDDFFB5DFC4D92EE08FBFFFFEFFEFF5F54
:108B1800FB5EB2FF29F69FFB0D60FF04F0AFFB0D73
:108B280050FF04E0AFFB0D50FF04E0AFFB0D50FF1A
:108B380004E0AFFB0D50FF04E0AFFB0D50FF04E075
:108B4800AFFB5DFC5DB0FFFFFF2FFB5E92FFB6DF62
:108B580000F37FFB0D20FFB8DF00F28FFB0D20FF35
:108B6800B8DF00F28FFB0D20FF0800B4FE7D006027
:108B7800FFFFFF0AE1DF12FA4FF48F00F38FF56F62
:108B880000F1AFF47F00F38FE1DF02FA4F60FFFFDF
:108B9800FF0B00B5FE7D0090FF0000F90F0090FF6D
:108BA80000A0FFFF8FE9FFDD07F90F0090FF00002D
:108BB800F90F0090FF0000F84F1050FFEF0870FD0C
:108BC8006EFC0C30FFC7CF00F37FFC0C30FFC7CF23
:108BD80000F37FFC0C30FFC7DF00F37FFB4F71FF12
:108BE80077FFFFFF7F90EE6BFF07F83F00FD0B70EC
:108BF800FF43FF07F2EF00FA0EE0AF70FF4FE0AF60
:108C080000FA0DFBFA28FF0660FFF23ECFF51F00C1
:108C1800F2AFAFE0AFCF0000FDFF06FAFF0800900B
:108C2800FF1F60FF4F0000F4CF00F2EF00000000CC
:108C3800F5FFFF42FFFF2FF3FFFF31FFFF0FF2FFAA
:108C4800FF10FFFF0EF1FFDF00FFFF0DE0FFCF0079
:108C5800FEFF0BD0FFBF00FCFF0AC0FF9F00B8BBA0
:108C68000600000010666616F4FFFF41FFFF1FF4C0
:108C7800FFFF011095ECFFBE270010FFFFFFFFFF6D
:108C88006E00F1FFFFFFFFFF6F10FFCFAAFDFFFF90
:108C98000EE1180000F8FFFF0200000010FFFF2F90
:108CA80000000000F1FFEF0000000080FFFF090056
:108CB800000091FFFF1D000050E9FFFF1B000000AE
:108CC800FEFFCF05000000E0FFBF0000000000FE2F
:108CD800FF0B00000000C0EEAE0000000000000026
:108CE80000000000006166660100000040FFFF1FF1
:108CF80000000000F4FFFF0100000040FFFF1F001C
:108D0800000000000084DCFEDE7B03000050FDFF55
:108D1800FFFFFFFF5C0090FFFFFFFFFFFFFF0C90CE
:108D2800FFFFFFBEAAFCFFCF50FFFFEF0500005179
:108D3800FC0CFDFFDF020000000085F3FFFF0400CC
:108D48000000000070FFFF0E000000000000F8FFA8
:108D5800BF0030FFFFFFFF9DFFFF0A00F3FFFFFF8B
:108D6800DFF8FFBF0030FFFFFFFF7DFFFF0E00A20F
:108D7800AAFBFFDFF3FFFF05000040FFFF0DFDFF2B
:108D8800DF020000F4FFDF50FFFFEF060040FFFFA7
:108D98000DA0FFFFFFBE99FAFFDF00A0FFFFFFFF56
:108DA800FFFFFF0D0060FDFFFFFFFFFF8E000000CB
:108DB80095ECFFCE7A0300000010A6EDEFAD16008B
:108DC80000000080FEFFFFFFFF7E000000C1FFFFE4
:108DD800FFFFFFFFBF0100B0FFFFFFABFBFFFFAFCF
:108DE8000060FFFFAF0100A1FFFF5F00FDFFBF00B4
:108DF8000000B0FFFF0DF3FFFF03000000F3FFFFCB
:108E080073FFFF0D00000000FEFF6FF8FFAF0000CA
:108E18000000B0FFFF98FFFF0A00000000FAFF9F64
:108E2800F8FFAF00000000B0FFFF78FFFF0D000063
:108E38000000FEFF6FF3FFFF02000000F3FFFF03D7
:108E4800FDFFBF000000B0FFFF0D60FFFFAF010096
:108E5800A2FFFF5F00B0FFFFFFABFBFFFFAF00000B
:108E6800C1FFFFFFFFFFFFBF01000080FEFFFFFF04
:108E7800FF7E0000000010A6EDEFAD1600000030E8
:108E8800A8ECFFDE7B0200F9FFFFFFFFFF0690FF63
:108E9800FFFFFFFFFF04F97A3474FDFFAF200100E4
:108EA8000010FEFF0D00004265E7FFEF00A4FEFF83
:108EB800FFFFFF0EF8FFFFFFFFFFEFF5FFFF7A351B
:108EC800FCFFBEFFFF0400C0FFEFFCFF0F0000FC2B
:108ED800FFBEFFFF0500E6FFEFF6FFFFCDFEFFFF39
:108EE8000EFAFFFFFFEDFFEF00C6FEAE05FCFF0E1A
:108EF800000093ECEF9D040000B2FFFFFFFFAF01FD
:108F080020FDFFFFFEFFFF0AB0FFCF0320FAFF4F4F
:108F1800F4FF3F0000F1FF9FF9FFBFBBBBFBFFBFA2
:108F2800FBFFFFFFFFFFFFCFFCFFFFFFFFFFFFCFB0
:108F3800FCFF0F0000000000F9FF5F0000000000C8
:108F4800F5FFDF020000308BC0FFFF9F5675FB8FD7
:108F580020FDFFFFFFFFFF8F00A2FFFFFFFFFF7F46
:108F6800000083DBFEDE7B02FCFF0F93FDBE0500E5
:108F780093FDAE03C0FFFFFAFFFFFF19FAFFFFFFE3
:108F880004FCFFFFFFFFFFFFFEFFFFFFDFC0FFFF47
:108F9800AF98FFFFFF9EA8FFFF3FFCFF2F0060FF79
:108FA800FF1C00A0FFFFC6FFFF0000F2FFBF00008C
:108FB800F6FF7FFCFF0F0010FFFF0B0050FFFFC7FD
:108FC800FFFF0000F1FFBF0000F5FF7FFCFF0F006F
:108FD80010FFFF0B0050FFFFC7FFFF0000F1FFBFAE
:108FE8000000F5FF7FFCFF0F0010FFFF0B0050FF94
:108FF800FFC7FFFF0000F1FFBF0000F5FF7FFCFF88
:109008000F0010FFFF0B0050FFFFC7FFFF0000F12C
:10901800FFBF0000F5FF7FFCFF0F0010FFFF0B00F4
:1090280050FFFF07FCFF0F71ECCFFFFFD4FFFFFCE1
:10903800FFFFFFFFCFFFFFFFFFFFFCFFBF7877C6F3
:10904800FFFF000000FCFF0F0000C0FFFF00000052
:10905800FCFF0F0000C0FFFF000000FCFF0F000036
:10906800C0FFFF000000FCFF0F0000C0FFFF000072
:1090780000FCFF0F000000F6FF9F000000FEFF1E2F
:10908800FFFF0E0000F4FF9FA0FFFF040090FFFF0A
:1090980003F4FF9F0000FEFF0C00FDFF0E00F4FF2D
:1090A8007F0080FFFF0490FFFF0100F2FF9F00FD9B
:1090B800FF0A0000FCFF0EF4FF4F000060FFFF8472
:1090C800FFEF000000E1FF9FFDFF08000000FAFF2E
:1090D800FFFF2F00000040FFFFFFCF00000000D07F
:1090E800FFFFFF0600000000F8FFFF1E0000000061
:1090F80020FFFF9F00000000F8FFFF9FF7FFFF8F92
:10910800F6FFFF8FF6FFFF7FF5FFFF6FF4FFFF6F9E
:10911800F4FFFF5FF3FFFF4FF3FFFF4FF2FFFF3F47
:10912800F1FFFF2FF1FFFF2FF0FFFF1FE0FFFF0F01
:10913800E0FFFF0FD0FFFF0EC0FFFF0EC0FFFF0DC7
:109148003044440400000000000000008388884880
:10915800F6FFFF8FF6FFFF8FF6FFFF8FF6FFFF8FFB
:1091680000004176773500000051DAFFFFFFFF8EDF
:109178000100F7FFFFFFFFFFFF5E00F7FFFFFFFFA4
:10918800FFFFFF04F7FFFFFFFFFFFFFF1EF7FF7B57
:1091980065D8FFFFFF6FF728000000FAFFFF9F2246
:1091A80000000000F2FFFFAF0000000000F0FFFF2A
:1091B8009F0000000000F2FFFF6F0000000000F8B1
:1091C800FFFF2F0000000040FFFFFF0A0000000023
:1091D800F7FFFFDF01000020D7FFFFFF2D00000091
:1091E800F6FFFFFF9F01000000F6FFFFAF0300003E
:1091F8000000F6FFFF090000000000F6FFFF09006D
:1092080000000000F6FFFF090000000000F6FFFF65
:10921800090000000000101111000000000000000B
:109228000000000000000000878888180000000087
:1092380000FCFFFF1F0000000000FCFFFF1F0000F4
:10924800000000FCFFFF1F0000000000FCFFFF1FE4
:10925800000000FBFFFF1F00000080FFFFFF04006D
:109268000000F6FFFF3FF7FFFF5F000000C0FFFFB1
:10927800FF07000000FAFFFF0EF3FFFF8F0000005A
:10928800F1FFFFFF0B000000FDFFFF0BE0FFFFBF3A
:10929800000000F5FFFFFF0F000020FFFFFF07A001
:1092A800FFFFEF000000F9FFFFFF4F000050FFFF36
:1092B800FF0360FFFFFF030000FDFFFFFF7F0000CB
:1092C80090FFFFEF0020FFFFFF060020FFFFFFFFDA
:1092D800BF0000C0FFFFAF0000FDFFFF090060FFF7
:1092E800FFFFFFEF0000F1FFFF6F0000FAFFFF0D27
:1092F80000A0FFFFFFFFFF0400F4FFFF2F0000F6B0
:10930800FFFF1F00E0FFFFFCFFFF0700F7FFFF0D57
:109318000000F2FFFF4F00F3FFFFE5FFFF0B00FB2C
:10932800FFFF090000D0FFFF7F00F7FFFFA1FFFF4D
:109338000E00FEFFFF05000090FFFFBF00FAFFCF01
:1093480060FFFF4F30FFFFFF01000050FFFFEF00FD
:10935800FEFF8F20FFFF7F60FFFFCF00000010FFA0
:10936800FFFF32FFFF4F00FDFFBFA0FFFF8F000090
:109378000000FCFFFF76FFFF0F00F9FFEFD0FFFFB3
:109388004F00000000F8FFFFB9FFFF0B00F5FFFFDB
:10939800F5FFFF1F00000000F4FFFFFDFFFF0700BF
:1093A800F1FFFFFCFFFF0B00000000E0FFFFFFFFE5
:1093B800FF0300C0FFFFFFFFFF0700000000B0FF32
:1093C800FFFFFFEF000080FFFFFFFFFF030000002B
:1093D8000070FFFFFFFFAF000030FFFFFFFFEF004F
:1093E8000000000030FFFFFFFF6F000000FEFFFFDE
:1093F800FFAF000000000000FEFFFFFF2F0000008D
:10940800FAFFFFFF7F000000000000FAFFFFFF0ED9
:10941800000000F6FFFFFF3F000000000000F6FF1D
:10942800FFFF0A000000F2FFFFFF0E00000000002F
:1094380000F2FFFFFF06000000D0FFFFFF0A000058
:1094480000F8FFFFDF0000000000FDFFFF5FE1FF05
:10945800FFFF0600000060FFFFFF0B60FFFFFF1E1D
:10946800000000D0FFFFFF0300FCFFFF8F0000009B
:10947800F6FFFF9F0000F3FFFFEF020010FEFFFF63
:109488001E000090FFFFFF090070FFFFFF060000AD
:1094980010FEFFFF3F00E1FFFFCF00000000F7FFD5
:1094A800FFBF00F8FFFF3F00000000D0FFFFFF24D0
:1094B800FEFFFF090000000040FFFFFF9CFFFFEFD9
:1094C800010000000000FAFFFFFFFFFF7F0000001F
:1094D800000000F2FFFFFFFFFF0D0000000000008A
:1094E80080FFFFFFFFFF0400000000000010FDFFE9
:1094F800FFFFAF0000000000000000F5FFFFFF2F96
:109508000000000000000000B0FFFFFF080000009E
:10951800000000000050FFFFFF04000000000000F2
:10952800000050FFFFFF0400000000000000005092
:10953800FFFFFF04000000000000000050FFFFFFD5
:1095480004000000000000000050FFFFFF040000BE
:1095580000000000000050FFFFFF040000000000B2
:1095680000000050FFFFFF040000000000000000A2
:1095780050FFFFFF04000000000000000050FFFF44
:10958800FF04000000000000000050FFFFFF04007F
:10959800000000F4FFFF4FF4FFFF4FF4FFFF4FF40C
:1095A800FFFF4FB3BBBB2B00000000000000000012
:1095B800000000F1FFFF1FF1FFFF1FF1FFFF1FF188
:1095C800FFFF1FF1FFFF1FF1FFFF1FF1FFFF1FF15B
:1095D800FFFF1FF1FFFF1FF1FFFF1FF1FFFF1FF14B
:1095E800FFFF1FF1FFFF1FF1FFFF1FF1FFFF1FF13B
:1095F800FFFF1FF1FFFF1FF1FFFF1FF1FFFF1F001C
:1096080000000000307646000010FFFFFF11E7FF62
:10961800FFEF0600F1FFFF4FFDFFFFFFFF0810FF00
:10962800FFFFFFFFFFFFFFFF04F1FFFFFFFFFFFF4B
:10963800FFFFBF10FFFFFFDF68B7FFFFFF0EF1FF5F
:10964800FF5F0000A0FFFFFF12FFFFFF010000F413
:10965800FFFF3FF1FFFF1F000020FFFFFF13FFFF89
:10966800FF010000F1FFFF3FF1FFFF1F000000FFB7
:10967800FFFF13FFFFFF010000F0FFFF3FF1FFFFB7
:109688001F000000FFFFFF13FFFFFF010000F0FFB6
:10969800FF3FF1FFFF1F000000FFFFFF13FFFFFF69
:1096A800010000F0FFFF3FF1FFFF1F000000FFFF78
:1096B800FF13FFFFFF010000F0FFFF3FF1FFFF1F57
:1096C800000000FFFFFF13FFFFFF010000F0FFFF96
:1096D8003F0000001064774601000000000050FBC6
:1096E800FFFFFFCF0500000010FBFFFFFFFFFFCFCC
:1096F800020000D1FFFFFFFFFFFFFF2E0000FCFF6D
:10970800FFFFDEFFFFFFCF0060FFFFFF1A00A1FF92
:10971800FFFF06D0FFFFCF000000FBFFFF0DF2FFA9
:10972800FF5F000000F4FFFF2FF5FFFF1F000000A0
:10973800F1FFFF5FF6FFFF0E000000E0FFFF7FF77D
:10974800FFFF0D000000D0FFFF8FF6FFFF0E0000A7
:1097580000D0FFFF7FF5FFFF1F000000F0FFFF5F55
:10976800F2FFFF4F000000F4FFFF2FD0FFFFBF0004
:109778000000FBFFFF0D60FFFFFF1A0091FFFFFFD6
:109788000600FCFFFFFFDDFFFFFFCF0000D2FFFF59
:10979800FFFFFFFFFF2E000010FBFFFFFFFFFFCFC3
:1097A8000200000050FCFFFFFFCF05000000000092
:1097B8001064774601000000F4FFFF0E000020FF50
:1097C800FFFFF4FFFF0E000020FFFFFFF4FFFF0E76
:1097D800000020FFFFFFF4FFFF0E000020FFFFFF47
:1097E800F4FFFF0E000020FFFFFFF4FFFF0E000054
:1097F80020FFFFFFF4FFFF0E000020FFFFFFF4FF34
:10980800FF0E000020FFFFFFF4FFFF0E000020FF07
:10981800FFFFF4FFFF0E000020FFFFFFF4FFFF0E25
:10982800000020FFFFFFF4FFFF0F000020FFFFFFF5
:10983800F4FFFF3F000020FFFFFFF3FFFFAF000032
:1098480081FFFFFFF1FFFFFF9CA8FEFFFFFFC0FFA6
:10985800FFFFFFFFFFFFFFFF50FFFFFFFFFFFFFFBF
:10986800FFFF00FAFFFFFFFF4CFFFFFF0080FEFF36
:10987800FF6D20FFFFFF0000417736000000000069
:10988800000000003F000508080005000000000077
:10989800000000002000000000000300000000009D
:1098A8000000300007080800070000001C00000046
:1098B80031000608080107000000340000003200EB
:1098C80007080800070000005000000033000708E0
:1098D8000800070000006C000000340007080800BA
:1098E800070000008800000035000708080007008E
:1098F8000000A40000003600070808000700000068
:10990800C000000037000708080007000000DC005E
:10991800000038000708080007000000F8000000F1
:1099280039000708080007000000140100003A0089
:1099380002060601040000001A0100003F000608A4
:109948000800060000003201000042000808080074
:109958000800000052010000530007080800070033
:1099680000006E0100006300060606000600000005
:109978008001000065000706060007000000950149
:1099880000006F000706060007000000AA0100009B
:1099980072000506060005000000B901000073000A
:1099A8000606060006000000CB010000740005084A
:1099B80008000500000000000000000030000A0A4E
:1099C8000A000A000000320000003100080A0A01FB
:1099D8000A0000005A0000003200090A0A010A00C1
:1099E8000000870000003300090A0A000A0000008E
:1099F800B400000034000A0A0A000A000000E60069
:109A080000003500080A0A010A0000000E010000E3
:109A180036000A0A0A000A00000040010000370068
:109A2800090A0A010A0000006D01000038000A0A4C
:109A38000A000A0000009F0100003900090A0A0014
:109A48000A000000CC0100003F00070A0A010900D3
:109A580000000000000000002000000000000500D9
:109A68000000000000003F00080C0C010900000085
:109A78003000000043000B0C0C000B0000007200CB
:109A8800000047000B0C0C000C000000B4000000A4
:109A98004E000B0C0C010D000000F60000006100E8
:109AA800090909000A0000001F01000065000A09F1
:109AB80009000A0000004C0100006900030C0C01B9
:109AC800050000005E0100006D000E09090110008C
:109AD80000009D0100006E00090909010B0000004B
:109AE800C60100006F000A0909000A000000F3011E
:109AF80000007400070C0C00070000001D020000A5
:109B08007500090909010B000000460200007700F2
:109B18000F0909000F0000000000000020000000ED
:109B280000000900000000000000210007131302D4
:109B38000B000000430000003F000F131301110049
:109B48000000D200000047001313130116000000A4
:109B5800870100004F0015131301170000004F0282
:109B6800000061000F0F0F0112000000C00200008A
:109B78006500100F0F0112000000380300006D008F
:109B8800190F0F021D000000F403000072000B0FF4
:109B98000F020D000000470400007600110F0F00AF
:109BA80012000000000000002000000000000C006F
:109BB8000000000000002100081A1A030E0000002F
:109BC800680000003F00121B1B02160000005B012A
:109BD80000005700261A1A01280000004903000057
:109BE80059001A1A1A001A0000009B0400006900A4
:109BF800081B1B020C000000070500006E0015146E
:109C0800140219000000D90500006F001615140190
:109C180018000000C0060000750014141302190093
:029C280000003A
:109C2C000000000000000000000000000000000028
:109C3C000000000000000000C8850208DC85020856
:109C4C00BC870208AC890208388C02080091020813
:109C5C0042006500730074002000530063006F0025
:109C6C00720065003A00200002000000470061000D
:109C7C006D00650020004F00760065007200210029
:109C8C000000300030003000300030003000300078
:109C9C0030003000000043006F006E00740069005B
:109CAC006E007500650000004E0065007700200016
:109CBC00470061006D006500000059006F007500E1
:109CCC002000570069006E00210000000C0000000D
:109CDC000C0000000C0000000C0000000C00000048
:109CEC000C0000000C0000000C0000000C00000038
:109CFC000C0000000C0000000C0000000C00000028
:109D0C000C0000000C0000000C0000002300000000
:109D1C001D000000190000000C00000000000000F5
:109D2C00050000002C0000002C0000000E000000BC
:109D3C0035000000449D02080201020102010201EB
:109D4C0002010201020102010201020102010201EF
:109D5C0002010201020102010401050005000500D7
:0C9D6C00050005000401040103000104CF
:109D78000000000098846882988468EF908460FFEF
:109D8800988460FF988460FF908468FF988460FFDF
:109D9800988460FF908468FF988460FF908460FFD7
:109DA800988468FF988460FF908460FF908460FFC7
:109DB800988468FF988460FF908460FF988468FFA7
:109DC800988460FF908460FF988468FF908460FFA7
:109DD800988460FF988460FF908468FF988460FF8F
:109DE800988460FF908460FF988468FF988460FF7F
:109DF800908460FF988468FF988460FF908460FF77
:109E0800988468FF988460FF908460FF988468FF56
:109E1800988460FF908460FF988468FF988460FF4E
:109E2800908460FF988460FF988468FF908460FF46
:109E3800988460FF988468FF908460FF988460FF2E
:109E4800988468FF908460FF988460FF908468FF1E
:109E5800988460FF988460FF908468FF988460FF0E
:109E6800988460FF908468FF988460FF908460FF06
:109E7800988468FF988460FF908460FF988468FFE6
:109E8800988460FF908460FF988468FF988460FFDE
:109E9800908460FF908468FF988460FF988460FFD6
:109EA800908468FF988460FF988460FF908460FFC6
:109EB800908468FF988460FF988460FF908468FFAE
:109EC800988460FF988460FF908460FF908468FFA6
:109ED800988460FF988460FF908468FF988460FF8E
:109EE800988460FF908468FF988460FF988460FF7E
:109EF800908468FF988460EF9888688E000000005E
:109F08009080608E887450FF786840FF786440FFC6
:109F1800786440FF786440FF786440FF786440FFCD
:109F2800786440FF786440FF786440FF786440FFBD
:109F3800786840FF786440FF786440FF786440FFA9
:109F4800786440FF786440FF786440FF786440FF9D
:109F5800786440FF786440FF786440FF786440FF8D
:109F6800786440FF786440FF786440FF786440FF7D
:109F7800786440FF786440FF786440FF786840FF69
:109F8800786440FF786440FF786840FF786440FF59
:109F9800786440FF786440FF786440FF786840FF49
:109FA800786440FF786440FF786840FF786440FF39
:109FB800786440FF786440FF786440FF786440FF2D
:109FC800786840FF786440FF786440FF786440FF19
:109FD800786440FF786440FF786440FF786440FF0D
:109FE800786440FF786440FF786440FF786440FFFD
:109FF800786440FF786440FF786440FF786440FFED
:10A00800786440FF786440FF786840FF786440FFD8
:10A01800786440FF786440FF786440FF786840FFC8
:10A02800786440FF786440FF786440FF786440FFBC
:10A03800786440FF786440FF786440FF786440FFAC
:10A04800786440FF786440FF786440FF786440FF9C
:10A05800786440FF786440FF786440FF786440FF8C
:10A06800786440FF786440FF786440FF786440FF7C
:10A07800786840FF786440FF786440FF786840FF64
:10A08800786440FF786840FF887450FF9080607D56
:10A09800887050EF706038FF786030FF785C30FF70
:10A0A800706030FF786030FF786030FF706030FF9C
:10A0B800786030FF786030FF785C30FF786030FF80
:10A0C800706030FF785C30FF786038FF786030FF70
:10A0D800786030FF785C30FF706030FF786030FF68
:10A0E800785C30FF786030FF786030FF786030FF50
:10A0F800706038FF786030FF786030FF706030FF44
:10A10800786038FF786030FF705C30FF786030FF2F
:10A11800785C30FF706030FF786030FF785C30FF2B
:10A12800706030FF786030FF785C30FF706030FF1F
:10A13800785C30FF786030FF706030FF785C30FF0B
:10A14800786038FF706030FF786030FF785C30FFEF
:10A15800706030FF785C30FF786030FF706030FFEF
:10A16800785C30FF786030FF786030FF786030FFCF
:10A17800706030FF786030FF786030FF706030FFCB
:10A18800786030FF786030FF786030FF786030FFAB
:10A19800705C30FF786030FF786030FF705C30FFB3
:10A1A800786030FF786030FF705C30FF786030FF97
:10A1B800786030FF785C30FF786030FF786030FF7F
:10A1C800706030FF786030FF786038FF785C30FF6F
:10A1D800786030FF786030FF786030FF706030FF63
:10A1E800785C30FF786030FF786030FF785C30FF53
:10A1F800786030FF786030FF706030FF785C30FF47
:10A20800786030FF705C30FF786030FF785C30FF3A
:10A21800705C30FF785C30FF786038FF887050EFF2
:10A22800786840FF705C30FF785C38FF706038FFFA
:10A23800705C30FF785C38FF786038FF705C38FFFE
:10A24800705C30FF786038FF705C38FF706038FFF2
:10A25800785C30FF705C38FF706030FF785C38FFE6
:10A26800706038FF705C30FF786038FF705C38FFD2
:10A27800706038FF705C30FF785C38FF706038FFC2
:10A28800705C30FF785C30FF706038FF785C30FFBE
:10A29800705C30FF786038FF706038FF785C30FFA2
:10A2A800706038FF785C38FF705C38FF786030FF8A
:10A2B800706038FF785C38FF706038FF785C30FF7A
:10A2C800706038FF785C38FF705C30FF786038FF6A
:10A2D800705C30FF786038FF705C38FF786030FF62
:10A2E800705C38FF786038FF705C30FF786038FF4A
:10A2F800705C38FF706030FF785C38FF705C38FF46
:10A30800786038FF705C30FF785C38FF705C38FF2D
:10A31800705C38FF785C30FF706038FF705C38FF25
:10A32800786030FF705C38FF785C38FF706030FF11
:10A33800786038FF705C38FF785C38FF706030FFF9
:10A34800705C38FF786038FF705C30FF705C38FFF5
:10A35800786038FF705C30FF705C30FF786038FFE1
:10A36800706038FF705C30FF785C38FF706038FFD1
:10A37800706038FF785C38FF706030FF705C38FFC1
:10A38800786038FF706038FF785C30FF706038FFA5
:10A39800785C38FF706038FF786030FF786038FF8D
:10A3A800706038FF706030FF785C30FF806840FF75
:10A3B800786440FF786030FF786030FF705C38FF69
:10A3C800786038FF705C30FF705C38FF786030FF71
:10A3D800705C38FF785C38FF706030FF785C38FF5D
:10A3E800786038FF706030FF785C30FF705C38FF51
:10A3F800706038FF785C30FF785C38FF706038FF39
:10A40800786030FF705C38FF705C38FF786030FF30
:10A41800785C38FF705C38FF786038FF705C38FF14
:10A42800705C30FF786038FF705C38FF705C30FF1C
:10A43800786038FF705C38FF785C30FF706038FFF8
:10A44800785C30FF705C38FF706038FF785C30FFF4
:10A45800706038FF706038FF785C30FF706038FFDC
:10A46800785C30FF705C30FF786038FF705C38FFD4
:10A47800786030FF705C38FF786038FF705C30FFC0
:10A48800786038FF705C38FF705C30FF786038FFA8
:10A49800705C30FF785C38FF706038FF786030FFA0
:10A4A800705C38FF786038FF705C30FF785C38FF8C
:10A4B800706038FF786030FF705C38FF785C38FF78
:10A4C800706030FF705C38FF786030FF785C38FF70
:10A4D800706038FF705C30FF786038FF705C38FF60
:10A4E800785C30FF786038FF705C38FF705C30FF54
:10A4F800786038FF705C38FF785C30FF786030FF38
:10A50800705C38FF785C38FF706030FF705C38FF33
:10A51800785C38FF705C30FF705C38FF786030FF23
:10A52800705C38FF705C38FF785C30FF705C38FF17
:10A53800706038FF785C38FF706030FF786840FFE3
:10A54800786440FF786030FF705C30FF786038FFD7
:10A55800786030FF705C30FF786030FF786038FFDB
:10A56800706030FF785C30FF706030FF705C30FFE7
:10A57800785C38FF786030FF705C38FF786030FFB7
:10A58800786030FF705C30FF786030FF785C30FFB7
:10A59800786030FF786038FF706030FF786030FF97
:10A5A800705C30FF786038FF786030FF706030FF93
:10A5B800785C38FF786030FF705C30FF786030FF7F
:10A5C800786030FF706030FF705C38FF786030FF73
:10A5D800785C30FF706030FF786030FF785C38FF5F
:10A5E800705C30FF786030FF785C38FF706038FF4F
:10A5F800706030FF785C30FF706038FF786030FF43
:10A60800705C30FF786038FF705C30FF786030FF36
:10A61800786038FF705C30FF786030FF786038FF12
:10A62800705C30FF706030FF786030FF785C30FF1E
:10A63800706030FF786038FF785C30FF706030FF02
:10A64800785C38FF706030FF786030FF785C38FFE6
:10A65800706030FF786030FF705C38FF786030FFE2
:10A66800785C30FF706030FF786038FF786030FFCA
:10A67800705C30FF786038FF786030FF705C30FFC6
:10A68800786030FF706038FF705C30FF786030FFB2
:10A69800785C30FF706030FF786038FF785C30FF9E
:10A6A800706030FF786030FF786038FF705C30FF92
:10A6B800786030FF786030FF705C38FF786030FF7A
:10A6C800785C30FF705C38FF786038FF786440FF52
:10A6D800786438FF705C38FF705C38FF786030FF52
:10A6E800705C38FF705C38FF786030FF705C38FF52
:10A6F800785C38FF706030FF786038FF705C38FF36
:10A70800706030FF785C38FF706038FF785C30FF2D
:10A71800705C38FF706038FF706038FF705C38FF1D
:10A72800705C30FF785C38FF705C38FF706030FF19
:10A73800785C38FF705C30FF706030FF785C38FF01
:10A74800706038FF785C30FF706038FF785C38FFE5
:10A75800705C38FF786030FF706038FF785C38FFD5
:10A76800706038FF705C38FF786030FF705C38FFCD
:10A77800786030FF705C30FF785C38FF786030FFBD
:10A78800705C38FF785C38FF786030FF705C38FFA9
:10A79800785C38FF706030FF705C38FF785C30FFA1
:10A7A800706038FF705C30FF786038FF705C38FF8D
:10A7B800786030FF705C38FF785C38FF706038FF75
:10A7C800705C30FF785C38FF706030FF706038FF75
:10A7D800785C30FF705C38FF706030FF785C38FF61
:10A7E800705C38FF786030FF705C38FF706038FF4D
:10A7F800785C30FF705C38FF706038FF785C30FF41
:10A80800705C38FF706038FF786030FF705C38FF2C
:10A81800785C38FF786030FF706038FF705C38FF14
:10A82800786038FF705C30FF705C38FF786038FF04
:10A83800705C30FF786038FF705C38FF705C38FF00
:10A84800786030FF706038FF705C38FF786030FFE8
:10A85800706030FF785C30FF705C30FF786840FFD4
:10A86800786438FF786038FF786030FF705C30FFBC
:10A87800786038FF786038FF705C30FF706030FFB8
:10A88800785C38FF786038FF705C30FF786038FF9C
:10A89800786030FF705C30FF786038FF706030FFA0
:10A8A800785C38FF785C30FF786030FF706038FF84
:10A8B800785C30FF706030FF785C38FF786038FF74
:10A8C800706030FF785C38FF705C38FF786030FF6C
:10A8D800705C30FF706038FF786030FF705C38FF64
:10A8E800785C30FF706038FF785C30FF705C30FF58
:10A8F800786038FF785C30FF705C38FF706038FF34
:10A90800786038FF705C30FF706038FF786030FF27
:10A91800705C38FF706030FF786030FF705C38FF23
:10A92800786030FF786030FF705C38FF786038FFFF
:10A93800785C30FF706038FF785C30FF706030FF03
:10A94800785C38FF786030FF706038FF785C30FFE3
:10A95800706038FF785C30FF706038FF785C30FFDB
:10A96800785C38FF706030FF786038FF705C30FFCB
:10A97800786030FF705C38FF786030FF785C38FFB3
:10A98800706030FF785C38FF706030FF785C30FFB3
:10A99800706038FF785C30FF705C30FF706038FFA3
:10A9A800785C38FF785C30FF706030FF785C38FF87
:10A9B800706038FF786030FF785C30FF706038FF77
:10A9C800785C30FF705C30FF786038FF785C30FF6F
:10A9D800706030FF785C38FF785C30FF706038FF5B
:10A9E800706038FF785C30FF786038FF786440FF2B
:10A9F800786440FF786030FF705C38FF705C30FF2F
:10AA0800786030FF785C38FF706030FF785C30FF2A
:10AA1800706038FF705C30FF785C30FF706038FF22
:10AA2800785C38FF705C30FF706030FF786038FF0A
:10AA3800705C30FF786038FF705C30FF785C38FFFE
:10AA4800786038FF706030FF705C30FF785C38FFEA
:10AA5800706030FF786030FF785C38FF706030FFDE
:10AA6800785C38FF785C38FF706030FF786030FFC2
:10AA7800705C38FF786030FF705C38FF786030FFBA
:10AA8800706030FF785C38FF786030FF705C30FFB2
:10AA9800785C38FF786030FF705C38FF785C38FF8E
:10AAA800786030FF705C38FF705C38FF786030FF8A
:10AAB800705C38FF705C30FF786038FF706030FF82
:10AAC800705C30FF785C38FF706038FF785C30FF6E
:10AAD800705C38FF706030FF785C30FF706038FF62
:10AAE800785C30FF706038FF785C30FF706038FF4A
:10AAF800706030FF785C38FF785C38FF706030FF3A
:10AB0800705C38FF786030FF705C30FF786038FF29
:10AB1800705C30FF786038FF785C30FF706038FF19
:10AB2800786038FF785C30FF706038FF786030FFFD
:10AB3800705C30FF706038FF785C30FF705C30FF0D
:10AB4800786038FF705C30FF706038FF786038FFDD
:10AB5800705C30FF706038FF786030FF705C38FFE1
:10AB6800706038FF785C30FF785C30FF706038FFC9
:10AB7800785C38FF706030FF785C30FF786840FFA1
:10AB8800786438FF785C38FF706038FF706038FF91
:10AB9800785C30FF705C38FF706038FF785C38FF95
:10ABA800786030FF706038FF785C30FF706038FF85
:10ABB800705C38FF785C30FF786038FF705C38FF75
:10ABC800705C30FF786038FF706038FF705C30FF71
:10ABD800786038FF705C30FF786038FF705C38FF51
:10ABE800705C30FF786038FF706038FF705C30FF51
:10ABF800786030FF705C38FF785C38FF706030FF39
:10AC0800786038FF705C38FF786030FF705C38FF20
:10AC1800705C38FF786030FF706030FF705C38FF20
:10AC2800786030FF706030FF705C38FF786030FF0C
:10AC3800786030FF705C38FF786030FF786038FFEC
:10AC4800705C30FF785C38FF786030FF705C38FFEC
:10AC5800786030FF786038FF705C30FF786038FFCC
:10AC6800706038FF785C30FF785C38FF706038FFC0
:10AC7800786030FF785C38FF705C38FF786030FFB0
:10AC8800706030FF785C38FF706030FF785C38FFA8
:10AC9800786038FF705C30FF786038FF705C38FF90
:10ACA800706030FF785C30FF706038FF705C30FF98
:10ACB800785C30FF706038FF785C38FF786030FF70
:10ACC800706038FF785C38FF706030FF786038FF5C
:10ACD800785C30FF705C38FF786030FF785C30FF5C
:10ACE800705C38FF786038FF785C30FF706030FF48
:10ACF800786038FF705C38FF706030FF785C30FF38
:10AD0800706038FF785C30FF705C38FF786840FF0F
:10AD1800786440FF786030FF785C30FF706038FFFF
:10AD2800786030FF705C30FF786038FF705C30FF0F
:10AD3800785C38FF706030FF785C38FF786030FFEF
:10AD4800706030FF785C38FF786030FF706030FFEB
:10AD5800785C38FF786030FF705C30FF786038FFCF
:10AD6800705C30FF786030FF786038FF705C30FFCF
:10AD7800786030FF785C38FF705C30FF786038FFAF
:10AD8800706030FF785C30FF706038FF785C30FFAF
:10AD9800705C30FF786038FF785C30FF706030FF9F
:10ADA800785C38FF786038FF705C30FF786038FF77
:10ADB800785C38FF705C30FF706038FF785C30FF7B
:10ADC800705C38FF706030FF785C30FF706038FF6F
:10ADD800706038FF785C30FF706038FF705C30FF5F
:10ADE800785C38FF706030FF705C30FF786038FF47
:10ADF800786030FF705C30FF706038FF785C30FF3F
:10AE0800706030FF705C38FF786030FF785C38FF26
:10AE1800705C38FF706030FF785C30FF706038FF1E
:10AE2800705C30FF786030FF785C38FF706030FF0E
:10AE3800785C38FF786038FF706030FF785C38FFE6
:10AE4800706030FF705C38FF785C30FF706030FFF6
:10AE5800785C38FF705C30FF786038FF706038FFCE
:10AE6800705C30FF786038FF705C30FF706030FFD6
:10AE7800786038FF705C30FF705C38FF786030FFB6
:10AE8800785C30FF706038FF786038FF705C30FFA6
:10AE9800786038FF706030FF785C30FF786440FF7E
:10AEA800786438FF706038FF785C30FF785C38FF72
:10AEB800706038FF785C30FF706030FF786038FF72
:10AEC800705C30FF706038FF785C30FF705C38FF72
:10AED800706030FF785C38FF705C38FF706030FF5E
:10AEE800785C38FF705C30FF786038FF705C38FF42
:10AEF800785C30FF706038FF705C38FF786030FF36
:10AF0800706038FF705C30FF785C38FF786038FF1D
:10AF1800705C30FF706038FF786038FF705C30FF1D
:10AF2800706038FF785C38FF706030FF706030FF09
:10AF3800785C38FF705C30FF706038FF785C30FFF9
:10AF4800706038FF786038FF785C30FF706038FFD9
:10AF5800786038FF705C30FF785C38FF786030FFCD
:10AF6800705C30FF786038FF706030FF785C38FFC5
:10AF7800786038FF705C30FF785C38FF706038FFAD
:10AF8800705C30FF785C38FF706038FF785C30FFA9
:10AF9800705C38FF706030FF786030FF705C38FF9D
:10AFA800786038FF785C30FF706038FF785C30FF7D
:10AFB800706038FF705C38FF786030FF705C30FF7D
:10AFC800705C38FF786030FF705C38FF786038FF5D
:10AFD800786030FF705C38FF706030FF786038FF51
:10AFE800705C30FF785C30FF706038FF785C30FF51
:10AFF800705C30FF786038FF785C38FF706038FF2D
:10B00800786030FF785C38FF706038FF785C30FF1C
:10B01800705C38FF786030FF705C30FF785C38FF18
:10B02800706038FF786030FF785C30FF786840FFE8
:10B03800786440FF706030FF785C38FF706030FFE4
:10B04800705C38FF785C38FF786030FF705C38FFE0
:10B05800786030FF786030FF705C38FF786038FFC8
:10B06800786030FF705C30FF786038FF786030FFC0
:10B07800705C38FF706030FF786030FF785C38FFB4
:10B08800706030FF785C30FF785C38FF706038FFA4
:10B09800785C30FF706030FF786038FF705C30FF9C
:10B0A800785C30FF786038FF705C30FF786030FF84
:10B0B800785C38FF706030FF785C38FF785C38FF68
:10B0C800706030FF786038FF785C30FF706030FF68
:10B0D800705C30FF786038FF705C30FF785C30FF60
:10B0E800706038FF786038FF705C30FF705C38FF44
:10B0F800786038FF705C30FF785C30FF706038FF34
:10B10800706030FF785C30FF786038FF706030FF27
:10B11800785C30FF786038FF706030FF785C38FF0B
:10B12800786038FF705C30FF785C38FF706030FF03
:10B13800706030FF785C38FF706030FF786038FFEF
:10B14800785C30FF706038FF786030FF785C38FFDB
:10B15800706030FF705C30FF785C38FF706030FFE3
:10B16800785C30FF785C38FF706038FF785C30FFBF
:10B17800706038FF786038FF785C30FF706038FFA7
:10B18800786030FF705C30FF785C38FF705C30FFAF
:10B19800706030FF785C38FF706030FF706038FF97
:10B1A800785C38FF706030FF785C30FF705C38FF87
:10B1B800706030FF785C38FF705C38FF786840FF5B
:10B1C800786438FF785C38FF786030FF706030FF53
:10B1D800785C30FF706038FF705C30FF785C38FF57
:10B1E800706038FF705C30FF785C38FF706030FF4B
:10B1F800705C38FF786030FF705C30FF785C38FF37
:10B20800706038FF785C30FF705C38FF706038FF22
:10B21800786030FF705C30FF706038FF785C30FF1A
:10B22800785C38FF706038FF706030FF785C38FFFA
:10B23800706038FF785C30FF705C38FF786038FFEA
:10B24800705C30FF706030FF786038FF705C30FFF2
:10B25800706038FF785C38FF786030FF705C38FFCA
:10B26800785C38FF706030FF786038FF705C30FFC2
:10B27800785C30FF786038FF706030FF785C30FFB2
:10B28800786038FF705C38FF785C30FF786038FF92
:10B29800705C38FF706030FF785C38FF705C30FF9E
:10B2A800706038FF785C30FF705C30FF706038FF8A
:10B2B800786030FF785C38FF706038FF785C30FF6A
:10B2C800785C38FF706030FF705C38FF785C30FF66
:10B2D800705C30FF786038FF705C38FF786030FF52
:10B2E800786038FF705C38FF786030FF706038FF36
:10B2F800705C30FF786038FF785C30FF705C30FF3E
:10B30800706038FF785C30FF705C38FF706038FF21
:10B31800786038FF705C30FF706038FF786030FF0D
:10B32800785C38FF705C30FF786030FF785C38FFFD
:10B33800706030FF786038FF785C38FF706030FFED
:10B34800786030FF785C38FF706030FF786438FFD1
:10B35800786438FF786038FF705C38FF785C30FFBD
:10B36800786038FF706030FF786038FF785C30FFB5
:10B37800706038FF785C30FF786030FF705C38FFB1
:10B38800786038FF705C38FF706030FF786038FF95
:10B39800785C30FF706030FF785C38FF706038FF91
:10B3A800785C30FF786038FF706030FF705C30FF89
:10B3B800786038FF785C30FF705C30FF786038FF69
:10B3C800706030FF705C30FF786038FF706038FF65
:10B3D800785C30FF785C38FF706030FF785C30FF55
:10B3E800705C38FF706030FF706030FF785C38FF49
:10B3F800786038FF705C30FF706038FF786038FF25
:10B40800705C30FF705C38FF786038FF706030FF28
:10B41800705C30FF786038FF706030FF785C30FF18
:10B42800786038FF705C38FF786030FF785C38FFF0
:10B43800706038FF786030FF785C38FF706030FFEC
:10B44800705C30FF786038FF706030FF705C30FFF0
:10B45800786038FF786038FF705C30FF786038FFBC
:10B46800706038FF705C30FF785C30FF706038FFC8
:10B47800705C30FF785C38FF786030FF705C38FFB4
:10B48800706038FF786030FF705C38FF786038FF94
:10B49800786030FF705C30FF786030FF785C38FF90
:10B4A800705C30FF786038FF786030FF705C38FF80
:10B4B800786038FF706030FF785C38FF705C30FF70
:10B4C800706030FF785C38FF705C38FF706030FF68
:10B4D800785C38FF706038FF785C30FF786840FF30
:10B4E800786440FF706030FF706038FF785C38FF28
:10B4F800705C30FF706038FF785C30FF706030FF40
:10B50800705C38FF786038FF706030FF785C30FF1F
:10B51800785C38FF706030FF785C38FF706030FF0F
:10B52800705C38FF786030FF786030FF705C38FFFF
:10B53800705C30FF786038FF785C38FF706030FFEF
:10B54800706038FF785C38FF785C30FF706038FFD7
:10B55800785C38FF786030FF705C30FF706030FFD7
:10B56800785C38FF706038FF786030FF785C38FFAF
:10B57800786038FF705C30FF785C38FF706030FFAF
:10B58800705C30FF785C30FF786038FF705C30FFAB
:10B59800786030FF705C38FF785C30FF786038FF87
:10B5A800705C38FF706030FF785C38FF706030FF87
:10B5B800705C30FF786038FF706030FF705C30FF7F
:10B5C800785C38FF706038FF785C30FF785C38FF53
:10B5D800706038FF785C30FF785C38FF706030FF4F
:10B5E800705C30FF785C38FF786030FF705C30FF4B
:10B5F800786038FF785C30FF706038FF786030FF23
:10B60800705C38FF786030FF705C30FF785C38FF22
:10B61800786030FF705C30FF705C38FF786038FF0E
:10B62800705C30FF706038FF786038FF705C30FF06
:10B63800705C30FF786038FF705C30FF705C30FF02
:10B64800786038FF705C38FF706030FF786038FFD2
:10B65800785C30FF706030FF786038FF785C30FFCE
:10B66800705C30FF706038FF785C30FF786440FFB2
:10B67800786438FF785C30FF786038FF706030FF9E
:10B68800785C30FF705C38FF786038FF785C30FF9A
:10B69800705C38FF706038FF785C30FF706038FF8E
:10B6A800706030FF785C30FF786038FF705C38FF7E
:10B6B800705C30FF786038FF705C38FF786030FF6E
:10B6C800706030FF705C38FF785C30FF786038FF5E
:10B6D800705C30FF706030FF786038FF705C30FF5E
:10B6E800706038FF785C38FF785C30FF706038FF36
:10B6F800785C30FF705C30FF706038FF706030FF3E
:10B70800785C30FF786038FF706038FF785C30FF15
:10B71800706038FF786038FF705C30FF786038FF01
:10B72800786038FF705C30FF706030FF785C38FFFD
:10B73800786030FF705C38FF785C38FF706030FFED
:10B74800785C38FF785C38FF706030FF785C30FFD9
:10B75800706038FF706030FF785C30FF706038FFD1
:10B76800706030FF785C38FF786038FF706030FFB9
:10B77800705C38FF786038FF705C30FF706038FFAD
:10B78800785C30FF706038FF785C38FF705C30FFA1
:10B79800786038FF706038FF705C30FF786038FF81
:10B7A800786030FF705C30FF786038FF785C30FF7D
:10B7B800705C30FF786038FF785C38FF706030FF6D
:10B7C800786038FF785C38FF706030FF785C30FF55
:10B7D800785C38FF706030FF785C38FF785C38FF41
:10B7E800706030FF705C38FF786038FF786030FF39
:10B7F800705C38FF786030FF786038FF786440FF0D
:10B80800786440FF785C30FF706038FF785C38FF00
:10B81800706030FF786038FF705C30FF786030FF10
:10B82800786038FF705C30FF785C30FF786038FFF4
:10B83800705C38FF706030FF786030FF785C38FFEC
:10B84800786030FF705C38FF785C38FF786030FFD4
:10B85800705C38FF786030FF706038FF785C30FFCC
:10B86800785C38FF706038FF785C30FF786030FFB4
:10B87800706038FF705C30FF786038FF786038FFA0
:10B88800705C30FF785C38FF786038FF705C30FFA0
:10B89800705C30FF786038FF705C30FF785C38FF90
:10B8A800786030FF705C38FF705C30FF786030FF84
:10B8B800705C38FF786038FF706030FF705C30FF74
:10B8C800786038FF786030FF705C30FF786038FF50
:10B8D800706030FF705C38FF786038FF785C30FF4C
:10B8E800706038FF785C38FF785C30FF706030FF3C
:10B8F800705C38FF785C30FF706030FF785C38FF30
:10B90800786030FF705C30FF786038FF785C38FF13
:10B91800706030FF706030FF785C38FF785C30FF13
:10B92800706030FF785C38FF705C30FF706038FF03
:10B93800785C38FF706030FF706038FF785C38FFE3
:10B94800706030FF705C30FF785C38FF706030FFEB
:10B95800705C30FF786038FF706038FF785C38FFC3
:10B96800706030FF706030FF785C38FF706030FFC7
:10B97800705C30FF785C38FF706030FF705C38FFB7
:10B98800785C38FF706030FF706030FF786440FF8B
:10B99800786440FF706030FF785C30FF705C38FF7F
:10B9A800786030FF705C38FF705C38FF786030FF7B
:10B9B800706038FF705C30FF786038FF785C30FF6B
:10B9C800705C38FF786038FF705C30FF706030FF63
:10B9D800786038FF705C30FF706030FF785C38FF4B
:10B9E800705C30FF786038FF705C30FF706038FF43
:10B9F800786030FF705C38FF705C30FF786038FF2B
:10BA0800785C30FF705C30FF706038FF786030FF22
:10BA1800705C30FF706038FF786038FF785C30FF0A
:10BA2800706038FF706038FF785C30FF706030FFFE
:10BA3800786038FF705C30FF786038FF705C30FFEA
:10BA4800785C30FF786038FF705C38FF785C30FFD6
:10BA5800706038FF705C30FF785C38FF706030FFD2
:10BA6800785C30FF706038FF785C30FF706030FFC2
:10BA7800705C38FF786038FF706030FF785C38FFA2
:10BA8800786038FF706030FF705C38FF785C38FF92
:10BA9800706030FF706030FF785C38FF785C30FF92
:10BAA800706038FF785C30FF706038FF706038FF76
:10BAB800785C30FF786030FF706038FF785C30FF6A
:10BAC800785C38FF706030FF785C30FF706038FF5A
:10BAD800786038FF705C30FF786038FF785C38FF3A
:10BAE800705C30FF706030FF785C38FF705C30FF4E
:10BAF800786038FF785C38FF706030FF786038FF16
:10BB0800785C38FF706030FF786030FF705C38FF19
:10BB1800785C30FF786030FF705C38FF786440FFF5
:10BB2800786438FF786038FF706038FF785C30FFE1
:10BB3800786030FF706038FF785C30FF785C38FFE1
:10BB4800706030FF705C38FF786030FF706030FFE5
:10BB5800705C38FF785C38FF786030FF705C38FFC5
:10BB6800785C38FF706030FF786038FF705C30FFB9
:10BB7800786038FF705C30FF785C38FF706030FFA9
:10BB8800785C30FF786038FF706038FF705C30FF99
:10BB9800786038FF785C38FF705C30FF786038FF79
:10BBA800785C30FF706030FF705C38FF785C30FF85
:10BBB800786038FF705C30FF785C38FF706038FF61
:10BBC800705C30FF786038FF786038FF705C38FF51
:10BBD800706030FF785C30FF706038FF785C38FF49
:10BBE800786030FF706038FF785C38FF786030FF2D
:10BBF800705C38FF785C38FF706030FF785C30FF2D
:10BC0800786038FF705C30FF705C30FF786038FF18
:10BC1800785C30FF706030FF785C38FF786038FF00
:10BC2800705C30FF706038FF785C38FF706030FF00
:10BC3800705C38FF785C30FF786030FF705C38FFEC
:10BC4800705C38FF786030FF706038FF785C30FFD8
:10BC5800706038FF785C38FF705C30FF786030FFC8
:10BC6800785C38FF706030FF706030FF785C38FFB8
:10BC7800786038FF706030FF785C30FF706038FFA4
:10BC8800785C30FF705C30FF706038FF785C30FFA4
:10BC9800705C38FF786030FF785C38FF706038FF80
:10BCA800706030FF785C38FF786030FF786840FF5C
:10BCB800786438FF785C38FF706038FF705C30FF5C
:10BCC800785C38FF706030FF706030FF785C38FF58
:10BCD800785C38FF706030FF785C38FF786030FF40
:10BCE800706030FF705C38FF786030FF705C30FF48
:10BCF800785C38FF786030FF705C38FF786038FF18
:10BD0800706030FF785C38FF786038FF705C30FF17
:10BD1800705C38FF786030FF785C30FF705C38FF0B
:10BD2800706030FF786038FF705C30FF705C38FFFF
:10BD3800786038FF785C30FF706038FF706030FFE3
:10BD4800785C30FF786038FF706030FF785C30FFD7
:10BD5800705C38FF786030FF705C30FF786038FFC7
:10BD6800705C38FF706030FF786030FF705C38FFBF
:10BD7800705C30FF786030FF706038FF705C30FFB7
:10BD8800786038FF706030FF705C38FF786038FF8B
:10BD9800786030FF705C38FF786038FF705C30FF87
:10BDA800706038FF785C30FF706030FF785C38FF77
:10BDB800786030FF705C38FF786030FF706030FF6B
:10BDC800785C38FF706038FF786030FF785C30FF4F
:10BDD800706038FF785C38FF705C30FF706030FF4F
:10BDE800786038FF705C38FF706030FF785C38FF2F
:10BDF800705C38FF786030FF705C30FF706038FF2F
:10BE0800785C30FF785C38FF706038FF786030FF0E
:10BE1800705C38FF786030FF786038FF705C30FF06
:10BE2800706030FF785C38FF705C30FF786030FFFE
:10BE3800705C38FF705C30FF786030FF786440FFDA
:10BE4800786438FF786030FF785C38FF706030FFC6
:10BE5800785C38FF785C38FF706030FF706030FFC6
:10BE6800785C38FF706030FF705C38FF785C38FFB2
:10BE7800786030FF706038FF785C38FF706030FFA2
:10BE8800706030FF785C38FF705C30FF706030FFA6
:10BE9800785C30FF706038FF706030FF785C38FF86
:10BEA800706038FF706030FF785C38FF786030FF72
:10BEB800705C38FF786030FF786030FF705C38FF66
:10BEC800706030FF785C38FF786038FF705C30FF56
:10BED800705C38FF786038FF706030FF785C38FF3E
:10BEE800786038FF705C30FF785C30FF786038FF2E
:10BEF800705C30FF785C38FF786038FF705C30FF2A
:10BF0800785C38FF786030FF705C38FF785C30FF11
:10BF1800786030FF705C38FF785C30FF706038FF05
:10BF2800705C30FF786030FF785C38FF706030FFFD
:10BF3800785C38FF706038FF705C30FF706030FFED
:10BF4800785C38FF785C30FF706038FF785C30FFD1
:10BF5800705C38FF706038FF785C30FF706038FFC5
:10BF6800786030FF785C30FF705C38FF786030FFB5
:10BF7800785C30FF706038FF786030FF705C30FFAD
:10BF8800786038FF785C38FF706030FF785C38FF85
:10BF9800706030FF705C30FF786038FF705C30FF95
:10BFA800706038FF785C38FF785C30FF706038FF6D
:10BFB800786038FF705C30FF786038FF786038FF51
:10BFC800705C30FF786038FF705C38FF786440FF41
:10BFD800786440FF706030FF786038FF705C30FF35
:10BFE800706030FF786038FF785C38FF705C30FF35
:10BFF800786038FF786030FF705C30FF705C38FF25
:10C00800786030FF785C30FF705C38FF786038FF0C
:10C01800706030FF785C38FF786038FF705C30FF04
:10C02800785C38FF786030FF705C30FF786038FFEC
:10C03800785C30FF705C38FF706030FF786038FFE4
:10C04800705C38FF705C30FF786038FF786030FFD4
:10C05800705C30FF706038FF785C30FF786030FFCC
:10C06800705C38FF705C30FF786030FF705C38FFC0
:10C07800706030FF706038FF785C38FF706030FFA8
:10C08800706030FF785C38FF706030FF706038FF98
:10C09800785C30FF706038FF706038FF785C30FF84
:10C0A800706038FF786038FF785C30FF705C30FF74
:10C0B800706038FF785C38FF706030FF785C30FF64
:10C0C800786038FF705C38FF786030FF786038FF40
:10C0D800705C38FF706030FF786038FF785C30FF44
:10C0E800706030FF785C38FF705C30FF706038FF3C
:10C0F800785C38FF706030FF706038FF785C38FF1C
:10C10800705C30FF786038FF785C38FF706030FF13
:10C11800706030FF785C38FF785C38FF706030FF03
:10C12800786038FF705C38FF785C30FF786030FFEB
:10C13800705C38FF706030FF785C30FF706038FFEB
:10C14800785C30FF706030FF705C38FF785C30FFDF
:10C15800786030FF706038FF786030FF786438FFAF
:10C16800786440FF785C30FF706038FF785C38FF97
:10C17800706030FF706030FF785C38FF705C38FFAB
:10C18800706030FF786038FF785C38FF706030FF8F
:10C19800706038FF785C30FF706038FF785C30FF83
:10C1A800705C30FF706038FF786030FF705C38FF7B
:10C1B800706038FF785C30FF706038FF785C30FF63
:10C1C800786030FF705C38FF786030FF785C30FF53
:10C1D800706038FF705C30FF785C38FF706038FF43
:10C1E800785C30FF705C38FF706038FF786030FF33
:10C1F800785C38FF706038FF785C30FF785C30FF1F
:10C20800706038FF785C30FF786038FF705C30FF12
:10C21800786038FF785C30FF705C30FF786038FFFA
:10C22800785C30FF706030FF785C38FF705C30FFFE
:10C23800706030FF786038FF705C38FF786030FFDE
:10C24800786038FF705C38FF705C30FF786038FFCA
:10C25800705C30FF705C30FF786038FF785C30FFCE
:10C26800705C30FF706038FF785C38FF706030FFBA
:10C27800786038FF785C30FF706030FF785C38FF9A
:10C28800785C30FF706030FF786038FF705C30FF9A
:10C29800706038FF785C30FF705C38FF786038FF7A
:10C2A800705C30FF706030FF785C38FF706030FF82
:10C2B800785C30FF786038FF706038FF785C30FF5A
:10C2C800786038FF706030FF705C38FF785C38FF4A
:10C2D800786030FF705C38FF706038FF785C30FF42
:10C2E800705C38FF706038FF785C30FF786840FF1A
:10C2F800786438FF786038FF785C30FF705C38FF0E
:10C30800785C38FF786030FF706030FF785C38FF09
:10C31800705C30FF706030FF785C38FF786038FF01
:10C32800705C30FF706038FF786030FF785C38FFF1
:10C33800705C38FF786030FF785C30FF706038FFE1
:10C34800786030FF705C38FF705C38FF786030FFD1
:10C35800706038FF705C38FF785C30FF786038FFB9
:10C36800706030FF785C30FF786038FF706030FFB5
:10C37800785C30FF786038FF705C30FF705C30FFAD
:10C38800786038FF706038FF785C30FF706038FF85
:10C39800785C38FF706030FF705C30FF785C38FF85
:10C3A800706038FF706030FF785C38FF706038FF6D
:10C3B800705C30FF786038FF785C38FF705C30FF65
:10C3C800786030FF705C38FF705C30FF786030FF59
:10C3D800785C38FF706030FF786030FF706038FF3D
:10C3E800785C38FF706030FF706038FF785C38FF29
:10C3F800706030FF785C30FF705C38FF706038FF29
:10C40800785C30FF706038FF706038FF785C30FF10
:10C41800706038FF785C38FF785C30FF706038FFF8
:10C42800786030FF705C30FF786030FF785C38FFF0
:10C43800706038FF785C30FF706038FF705C38FFE0
:10C44800785C30FF706030FF705C38FF705C38FFDC
:10C45800786030FF785C38FF706030FF786030FFBC
:10C46800705C38FF786030FF786038FF706030FFAC
:10C47800785C30FF785C38FF706030FF786440FF8C
:10C48800786438FF706038FF786030FF705C30FF88
:10C49800786038FF705C30FF786038FF786038FF6C
:10C4A800785C30FF705C30FF706038FF785C30FF7C
:10C4B800785C30FF706038FF785C30FF706038FF60
:10C4C800706038FF785C30FF705C38FF786030FF50
:10C4D800785C30FF706038FF785C30FF786030FF40
:10C4E800705C38FF706030FF785C38FF706038FF30
:10C4F800705C30FF785C38FF706038FF705C30FF2C
:10C50800786038FF786038FF705C30FF786030FF03
:10C51800705C38FF785C30FF706030FF786038FFFF
:10C52800705C30FF786038FF786030FF705C38FFEF
:10C53800786030FF785C38FF706030FF785C30FFDF
:10C54800706038FF786030FF706038FF785C38FFC3
:10C55800786030FF706038FF785C38FF706030FFBB
:10C56800705C38FF785C30FF706038FF785C30FFB3
:10C57800785C30FF786038FF705C30FF786038FF97
:10C58800786038FF705C30FF786030FF785C38FF87
:10C59800705C30FF786030FF785C38FF706030FF87
:10C5A800706030FF785C38FF705C30FF786038FF6F
:10C5B800785C38FF706030FF705C38FF786030FF5F
:10C5C800705C30FF786038FF786030FF705C38FF4F
:10C5D800786030FF786030FF705C38FF786030FF3B
:10C5E800705C30FF705C38FF786038FF705C30FF3B
:10C5F800705C38FF786030FF705C30FF705C38FF2B
:10C60800786038FF786030FF705C30FF786840FFF2
:10C61800786440FF785C30FF706038FF786030FFE6
:10C62800705C38FF705C30FF705C30FF786038FFFA
:10C63800706038FF785C30FF706038FF706038FFDA
:10C64800785C30FF705C38FF786030FF705C30FFDA
:10C65800786038FF706030FF705C38FF785C38FFB6
:10C66800706030FF706038FF785C38FF785C30FFAE
:10C67800706038FF786030FF785C30FF706038FF9A
:10C68800785C30FF786038FF705C30FF705C30FF9A
:10C69800786038FF705C38FF786030FF706038FF72
:10C6A800785C38FF706030FF785C38FF705C30FF72
:10C6B800706038FF785C30FF705C38FF706030FF66
:10C6C800785C38FF706030FF785C38FF785C38FF42
:10C6D800706030FF705C30FF785C38FF706030FF4E
:10C6E800705C30FF785C38FF786030FF706038FF2E
:10C6F800785C30FF706038FF705C38FF786030FF1E
:10C70800706038FF705C30FF785C30FF706038FF15
:10C71800705C30FF786038FF706030FF785C38FFFD
:10C72800706038FF705C30FF785C38FF786038FFE5
:10C73800705C30FF706030FF786038FF705C30FFED
:10C74800706038FF785C38FF706030FF785C38FFC5
:10C75800705C30FF706038FF785C30FF705C38FFC9
:10C76800706038FF785C30FF786038FF706030FFA9
:10C77800785C38FF786030FF706030FF785C38FF95
:10C78800786038FF705C30FF786038FF705C38FF85
:10C79800706030FF785C38FF785C38FF786840FF5D
:10C7A800786438FF785C38FF705C30FF786038FF59
:10C7B800786038FF705C30FF786030FF705C38FF5D
:10C7C800705C30FF786030FF785C38FF706030FF55
:10C7D800786038FF785C38FF706030FF785C38FF2D
:10C7E800785C30FF706030FF786038FF785C30FF2D
:10C7F800706030FF785C38FF706030FF705C38FF25
:10C80800786038FF705C30FF705C38FF786030FF0C
:10C81800706038FF785C30FF786038FF706030FFF8
:10C82800785C30FF705C38FF706030FF785C38FFF0
:10C83800706030FF786038FF785C30FF706038FFD8
:10C84800786030FF785C38FF706030FF785C38FFC4
:10C85800706030FF706030FF785C38FF706038FFC0
:10C86800785C30FF785C38FF706038FF786030FFA4
:10C87800705C38FF785C30FF706038FF785C30FFA0
:10C88800786030FF705C38FF786030FF785C38FF84
:10C89800706038FF705C30FF786038FF785C30FF7C
:10C8A800705C38FF786030FF705C38FF706030FF74
:10C8B800786030FF705C38FF706030FF785C38FF5C
:10C8C800785C38FF706030FF785C38FF706030FF4C
:10C8D800785C30FF786038FF706030FF785C38FF34
:10C8E800786038FF706030FF785C30FF786038FF20
:10C8F800705C30FF705C38FF786030FF705C38FF28
:10C90800705C38FF786030FF705C30FF786038FF0B
:10C91800705C30FF786030FF786038FF705C30FF03
:10C92800786030FF706038FF705C30FF786438FFE3
:10C93800786438FF706038FF786030FF705C30FFD3
:10C94800785C38FF786038FF706038FF785C30FFBB
:10C95800786038FF706038FF785C30FF705C30FFBB
:10C96800706038FF785C30FF706038FF706038FFA7
:10C97800785C30FF705C38FF786038FF705C30FF9F
:10C98800785C38FF786030FF706030FF785C38FF83
:10C99800786030FF705C38FF786030FF705C38FF7B
:10C9A800705C30FF786038FF705C38FF786038FF63
:10C9B800785C30FF706030FF785C38FF785C30FF5F
:10C9C800706030FF705C38FF785C38FF706030FF53
:10C9D800785C38FF706030FF785C38FF786038FF2B
:10C9E800705C30FF785C38FF706030FF706030FF3B
:10C9F800785C38FF706030FF786030FF705C38FF1B
:10CA0800786038FF706030FF705C38FF786038FFFE
:10CA1800705C30FF706038FF785C30FF785C30FF06
:10CA2800706038FF786038FF785C30FF706038FFDE
:10CA3800786030FF785C38FF705C30FF786038FFD2
:10CA4800785C30FF786038FF706030FF705C30FFD2
:10CA5800786038FF785C38FF706030FF785C38FFAA
:10CA6800705C30FF706030FF785C38FF705C30FFBE
:10CA7800706038FF785C30FF706038FF786030FF96
:10CA8800785C38FF706030FF786038FF785C30FF82
:10CA9800706038FF705C38FF786038FF705C30FF7A
:10CAA800705C38FF786038FF705C30FF785C38FF66
:10CAB800786030FF706038FF785C30FF786840FF3E
:10CAC800786440FF786030FF705C38FF706030FF3A
:10CAD800705C30FF786038FF705C30FF785C30FF46
:10CAE800706038FF705C38FF786030FF785C38FF22
:10CAF800705C30FF786030FF705C38FF786030FF22
:10CB0800706030FF785C38FF706030FF706038FF0D
:10CB1800785C38FF706030FF705C38FF785C30FFFD
:10CB2800706030FF786038FF785C38FF706030FFE5
:10CB3800786030FF705C38FF706030FF785C30FFE1
:10CB4800706038FF706038FF785C38FF706030FFC5
:10CB5800786038FF705C30FF706030FF785C38FFB9
:10CB6800706030FF705C30FF786038FF705C30FFB9
:10CB7800786038FF785C38FF706030FF785C38FF89
:10CB8800705C38FF786030FF705C30FF785C38FF8D
:10CB9800786030FF705C30FF786038FF785C30FF79
:10CBA800706038FF706038FF785C30FF706030FF6D
:10CBB800705C38FF785C30FF706030FF705C38FF65
:10CBC800706038FF785C30FF706038FF705C30FF51
:10CBD800785C38FF706038FF785C30FF706030FF39
:10CBE800706038FF785C30FF706030FF786038FF25
:10CBF800705C38FF786030FF785C38FF706030FF19
:10CC0800785C30FF705C38FF706038FF785C30FF0C
:10CC1800705C30FF706038FF785C30FF786030FF00
:10CC2800706030FF785C38FF786030FF706030FFEC
:10CC3800785C38FF706030FF705C38FF785C30FFDC
:10CC4800706038FF785C30FF785C38FF786840FFA8
:10CC5800786440FF785C30FF786038FF705C38FF9C
:10CC6800786030FF705C38FF786030FF706038FFA4
:10CC7800785C30FF706030FF786038FF705C38FF98
:10CC8800786030FF706038FF785C30FF785C38FF80
:10CC9800706038FF785C30FF785C30FF706038FF78
:10CCA800785C30FF706038FF785C38FF706030FF68
:10CCB800705C38FF785C30FF706038FF785C30FF5C
:10CCC800786038FF705C30FF785C38FF706030FF48
:10CCD800785C30FF785C38FF706030FF785C38FF34
:10CCE800785C38FF786030FF705C38FF786038FF18
:10CCF800785C30FF706038FF705C30FF786030FF20
:10CD0800705C38FF706030FF785C30FF786038FF07
:10CD1800706030FF705C38FF786038FF706030FFFB
:10CD2800705C38FF785C38FF706030FF785C30FFEB
:10CD3800785C38FF706030FF785C38FF706038FFCF
:10CD4800786030FF785C38FF706030FF785C30FFC7
:10CD5800785C38FF706030FF786030FF705C38FFB7
:10CD6800706030FF785C38FF785C38FF786030FF9F
:10CD7800705C38FF705C38FF786030FF705C38FF9B
:10CD8800786030FF705C38FF706038FF786030FF83
:10CD9800785C38FF706030FF786038FF785C38FF67
:10CDA800706030FF705C38FF785C38FF706030FF6F
:10CDB800705C38FF785C30FF706038FF785C38FF53
:10CDC800786030FF706030FF786038FF705C38FF43
:10CDD800706030FF785C30FF706038FF786438FF2F
:10CDE800786438FF706038FF785C30FF786038FF0F
:10CDF800705C38FF786030FF705C38FF785C38FF13
:10CE0800706030FF785C30FF705C38FF786030FF0E
:10CE1800705C38FF706030FF785C38FF706030FFFE
:10CE2800705C38FF786030FF706038FF785C30FFE6
:10CE3800706030FF785C38FF786030FF706038FFD2
:10CE4800785C30FF706038FF705C30FF786038FFC6
:10CE5800705C30FF786038FF706038FF785C30FFB6
:10CE6800706038FF706030FF785C30FF706038FFAA
:10CE7800706030FF785C30FF706038FF705C30FFA6
:10CE8800786038FF785C38FF706030FF785C38FF76
:10CE9800786038FF705C30FF786038FF705C30FF76
:10CEA800786030FF785C38FF705C30FF786030FF66
:10CEB800705C38FF786038FF706030FF705C38FF56
:10CEC800786030FF785C30FF705C38FF786030FF46
:10CED800705C38FF706038FF786030FF705C38FF36
:10CEE800786038FF706030FF785C38FF786038FF12
:10CEF800706030FF705C30FF786038FF706030FF22
:10CF0800785C30FF786038FF705C30FF785C30FF09
:10CF1800786038FF705C30FF705C30FF786038FFF5
:10CF2800705C38FF786030FF705C30FF786038FFE5
:10CF3800786030FF705C38FF786038FF706030FFD1
:10CF4800785C38FF706030FF705C30FF785C38FFC9
:10CF5800705C38FF786030FF785C30FF706038FFB5
:10CF6800785C30FF706038FF786030FF786440FF8D
:10CF7800705C38FF705C30FF786038FF705C30FFA1
:10CF8800706030FF786030FF785C38FF706030FF89
:10CF9800786038FF705C38FF786030FF785C38FF65
:10CFA800706030FF785C38FF786030FF705C30FF6D
:10CFB800786038FF705C38FF705C30FF786038FF4D
:10CFC800705C38FF705C30FF786030FF785C38FF49
:10CFD800706038FF786030FF785C38FF705C30FF35
:10CFE800706030FF785C38FF786030FF705C38FF25
:10CFF800785C38FF706030FF785C38FF705C38FF11
:10D00800706030FF785C38FF786030FF705C30FF0C
:10D01800706038FF785C30FF706030FF706038FFF8
:10D02800785C30FF706038FF705C38FF785C30FFE8
:10D03800706038FF786038FF705C30FF786038FFC8
:10D04800785C30FF706030FF785C38FF706038FFC4
:10D05800706030FF785C38FF706030FF785C30FFBC
:10D06800705C38FF786030FF705C30FF785C38FFA8
:10D07800706030FF705C30FF785C38FF786030FF9C
:10D08800705C38FF785C30FF706038FF705C38FF88
:10D09800786030FF706038FF705C38FF786030FF70
:10D0A800706038FF785C38FF786030FF705C30FF64
:10D0B800786038FF705C30FF705C38FF706030FF5C
:10D0C800785C30FF785C38FF706030FF785C30FF48
:10D0D800786038FF706038FF786030FF705C30FF30
:10D0E800706038FF785C38FF705C30FF786038FF1C
:10D0F800785C38FF705C30FF786038FF705C38FF10
:10D10800685438EF685830FF705C30FF785C38FF3F
:10D11800786038FF705C30FF705C38FF786030FFF3
:10D12800705C30FF706038FF785C30FF706030FFF3
:10D13800705C38FF786038FF705C30FF786038FFCB
:10D14800785C30FF706030FF785C38FF786030FFC3
:10D15800706038FF705C30FF786038FF705C30FFBB
:10D16800705C30FF786038FF786038FF705C30FFA3
:10D17800786038FF705C30FF705C30FF786038FF93
:10D18800706030FF785C30FF786038FF706030FF87
:10D19800785C38FF786038FF705C30FF786038FF63
:10D1A800785C38FF705C30FF786038FF785C30FF5F
:10D1B800705C30FF786038FF786030FF705C30FF5B
:10D1C800706038FF785C30FF706038FF705C38FF43
:10D1D800786030FF705C30FF785C38FF786030FF33
:10D1E800705C38FF706038FF786030FF705C38FF23
:10D1F800786038FF786030FF705C38FF786038FFFF
:10D20800785C30FF706038FF705C30FF786038FF02
:10D21800705C30FF786038FF785C30FF705C30FFFE
:10D22800786038FF785C30FF705C38FF786030FFDA
:10D23800705C30FF706038FF786038FF705C30FFDA
:10D24800786038FF786038FF705C30FF786038FFAE
:10D25800705C38FF706030FF785C38FF705C30FFBE
:10D26800705C38FF786038FF785C30FF706038FF9A
:10D27800786030FF705C30FF706038FF786030FF96
:10D28800705C30FF705C30FF685430FF685438EFD2
:10D298006050307D604C28FF604C28FF604C28FFB0
:10D2A800604C28FF604C30FF604C28FF604C28FF22
:10D2B800604C30FF604C28FF604C28FF604C28FF12
:10D2C800604C30FF604C28FF604C28FF604C30FFFA
:10D2D800604C28FF604C28FF604C28FF604C28FFFA
:10D2E800604C28FF604C30FF604C28FF604C28FFE2
:10D2F800604C28FF604C28FF604C28FF604C28FFDA
:10D30800604C30FF604C28FF604C28FF604C30FFB9
:10D31800604C28FF604C28FF604C28FF604C28FFB9
:10D32800604C28FF604C28FF604C28FF604C28FFA9
:10D33800604C28FF604C30FF604C28FF604C28FF91
:10D34800604C30FF604C28FF604C28FF604C30FF79
:10D35800604C28FF604C28FF604C28FF604C28FF79
:10D36800604C30FF604C28FF604C28FF604C28FF61
:10D37800604C28FF604C28FF604C28FF604C28FF59
:10D38800604C28FF604C28FF604C28FF604C28FF49
:10D39800604C30FF604C28FF604C28FF604C28FF31
:10D3A800604C28FF604C30FF604C28FF604C28FF21
:10D3B800604C28FF604C28FF604C28FF604C30FF11
:10D3C800604C28FF604C28FF604C28FF604C28FF09
:10D3D800604C28FF604C28FF604C28FF604C28FFF9
:10D3E800604C28FF604C28FF605028FF604C28FFE5
:10D3F800604C28FF604C28FF604C28FF604C30FFD1
:10D40800604C28FF604C28FF604C30FF604C28FFC0
:10D41800604C28FF604C30FF604C28FF6054308E11
:10D4280000000000604C308E604C28EF605030FFE8
:10D43800604C28FF604C28FF605030FF604C28FF8C
:10D44800604C30FF604C28FF605030FF604C30FF6C
:10D45800604C28FF604C28FF605028FF604C30FF6C
:10D46800604C30FF605028FF604C30FF604C30FF4C
:10D47800604C28FF605028FF604C30FF604C30FF44
:10D48800605030FF604C28FF604C28FF604C30FF34
:10D49800605028FF604C30FF604C28FF605030FF20
:10D4A800604C30FF604C28FF604C30FF604C30FF10
:10D4B800604C28FF604C30FF605030FF604C28FF04
:10D4C800604C28FF605030FF604C28FF604C28FFFC
:10D4D800605030FF604C28FF604C28FF604C30FFE4
:10D4E800604C28FF605030FF604C28FF604C28FFDC
:10D4F800605030FF604C30FF604C28FF605030FFB8
:10D50800604C28FF604C30FF604C30FF604C28FFB7
:10D51800604C30FF604C30FF604C28FF605028FFA3
:10D52800604C30FF604C28FF605030FF604C30FF8B
:10D53800604C28FF605028FF604C30FF605030FF7F
:10D54800604C28FF604C30FF605028FF604C30FF73
:10D55800604C28FF604C30FF604C30FF604C28FF67
:10D56800604C30FF604C28FF605030FF604C30FF4B
:10D57800604C28FF604C30FF604C30FF605028FF43
:10D58800604C30FF604C28FF604C28FF604C30FF37
:10D59800604C28FF604C30FF604C28FF605030FF23
:10D5A800604C30FF605028EF604C287D0000000080
:10D5B800DEFFDEFFDEFFDEFFDEFFDEFFDEFFDEFF7B
:10D5C800DEFFDEFFDEFFDEFFDEFFDEFFDEFFDEFF6B
:10D5D800DEFFDEFFDEFFDEFFDEFFDEFFDEFFDEFF5B
:10D5E800DEFFDEFFDEFFDEFFDEFFDEFFDEFFDEFF4B
:10D5F800DEFFDDFFDEFFDEFFDDFFDEFFDEFFDEFF3D
:10D60800DEFFDEFFDEFFDEFFDEFFDEFFDEFFDEFF2A
:10D61800DEFFDEFFDEFFDEFFDEFFDEFFDEFFDEFF1A
:10D62800DEFFDDFFDEFFDEFFDEFFDEFFDDFFDEFF0C
:10D63800DEFFDDFFDEFFDEFFDEFFDEFFDEFFDEFFFB
:10D64800DEFFDEFFDEFFDEFFDEFFDEFFDEFFDEFFEA
:10D65800DEFFDEFFDEFFDEFFDEFFDEFFDEFFDDFFDB
:10D66800DEFFDEFFDEFFDEFFDDFFDEFFDEFFDDFFCC
:10D67800DEFFDEFFDEFFDEFFDEFFDEFFDEFFDEFFBA
:10D68800DEFFDEFFDEFFDEFFDEFFDEFFDEFFDEFFAA
:10D69800DEFFDEFFDEFFDEFFDEFFDEFFDEFFDEFF9A
:10D6A800DEFFDEFFDDFFDEFFDEFFDDFFDEFFDEFF8C
:10D6B800DDFFDEFFDEFFDEFFDEFFDEFFDEFFDEFF7B
:10D6C800DEFFDEFFDEFFDEFFDEFFDEFFDEFFDEFF6A
:10D6D800DEFFDEFFDEFFDEFFDEFFDEFFDEFFDEFF5A
:10D6E800DDFFDEFFDEFFDDFFDEFFDEFFDDFFDEFF4D
:10D6F800DEFFDEFFDEFFDEFFDEFFDEFFDEFFDEFF3A
:10D70800DEFFDEFF00000000000000000000000057
:10D718000000000000000000000000000000000001
:10D7280000000000000000000000000000000000F1
:10D7380000000000000000000000000000000000E1
:10D7480000000000000000000000000000000000D1
:10D7580000000000000000000000000000000000C1
:10D7680000000000000000000000000000000000B1
:10D7780000000000000000000000000000000000A1
:10D788000000000000000000000000000000000091
:10D798000000000000000000000000000000000081
:10D7A8000000000000000000000000000000000071
:10D7B8000000000000000000000000000000000061
:10D7C8000000000000000000000000000000000051
:10D7D8000000000000000000000000000000000041
:10D7E8000000000000000000000000000000000031
:10D7F8000000000000000000000000000000000021
:10D808000000000000000000000000000000000010
:10D818000000000000000000000000000000000000
:10D8280000000000000000000000000000000000F0
:10D8380000000000000000000000000000000000E0
:10D8480000000000000000000000000000000000D0
:10D8580000000000000000000000000000000000C0
:10D8680000000000000000000000000000000000B0
:10D8780000000000000000000000000000000000A0
:10D888000000000000000000000000000000000090
:10D898000000000000000000000000000000000080
:10D8A8000000000000000000000000000000000070
:10D8B8000000000000000000000000000000000060
:10D8C8000000000000000000000000000000000050
:10D8D8000000000000000000000000000000000040
:10D8E8000000000000000000000000000000000030
:10D8F8000000000000000000000000000000000020
:10D90800000000000000000000000000000000000F
:10D9180000000000000000000000000000000000FF
:10D9280000000000000000000000000000000000EF
:10D9380000000000000000000000000000000000DF
:10D9480000000000000000000000000000000000CF
:10D9580000000000000000000000000000000000BF
:10D9680000000000000000000000000000000000AF
:10D97800000000000000000000000000000000009F
:10D98800000000000000000000000000000000008F
:10D99800000000000000000000000000000000007F
:10D9A800000000000000000000000000000000006F
:10D9B800000000000000000000000000000000005F
:10D9C800000000000000000000000000000000004F
:10D9D800000000000000000000000000000000003F
:10D9E800000000000000000000000000000000002F
:10D9F800000000000000000000000000000000001F
:10DA0800000000000000000000000000000000000E
:10DA180000000000000000000000000000000000FE
:10DA280000000000000000000000000000000000EE
:10DA380000000000000000000000000000000000DE
:10DA480000000000000000000000000000000000CE
:10DA580000000000000000000000000000000000BE
:10DA680000000000000000000000000000000000AE
:10DA7800000000000000000000000000000000009E
:10DA8800000000000000000000000000000000008E
:10DA9800000000000000000000000000000000007E
:10DAA800000000000000000000000000000000006E
:10DAB800000000000000000000000000000000005E
:10DAC800000000000000000000000000000000004E
:10DAD800000000000000000000000000000000003E
:10DAE800000000000000000000000000000000002E
:10DAF800000000000000000000000000000000001E
:10DB0800000000000000000000000000000000000D
:10DB180000000000000000000000000000000000FD
:10DB280000000000000000000000000000000000ED
:10DB380000000000000000000000000000000000DD
:10DB480000000000000000000000000000000000CD
:10DB580000000000000000000000000000000000BD
:10DB680000000000000000000000000000000000AD
:10DB7800000000000000000000000000000000009D
:10DB8800000000000000000000000000000000008D
:10DB9800000000000000000000000000000000007D
:10DBA800000000000000000000000000000000006D
:10DBB800000000000000000000000000000000005D
:10DBC800000000000000000000000000000000004D
:10DBD800000000000000000000000000000000003D
:10DBE800000000000000000000000000000000002D
:10DBF800000000000000000000000000000000001D
:10DC0800000000000000000000000000000000000C
:10DC180000000000000000000000000000000000FC
:10DC280000000000000000000000000000000000EC
:10DC380000000000000000000000000000000000DC
:10DC480000000000000000000000000000000000CC
:10DC580000000000000000000000000000000000BC
:10DC680000000000000000000000000000000000AC
:10DC7800000000000000000000000000000000009C
:10DC8800000000000000000000000000000000008C
:10DC9800000000000000000000000000000000007C
:10DCA800000000000000000000000000000000006C
:10DCB800000000000000000000000000000000005C
:10DCC800000000000000000000000000000000004C
:10DCD800000000000000000000000000000000003C
:10DCE800000000000000000000000000000000002C
:10DCF800000000000000000000000000000000001C
:10DD0800000000000000000000000000000000000B
:10DD180000000000000000000000000000000000FB
:10DD280000000000000000000000000000000000EB
:10DD380000000000000000000000000000000000DB
:10DD480000000000000000000000000000000000CB
:10DD580000000000000000000000000000000000BB
:10DD680000000000000000000000000000000000AB
:10DD7800000000000000000000000000000000009B
:10DD8800000000000000000000000000000000008B
:10DD9800000000000000000000000000000000007B
:10DDA800000000000000000000000000000000006B
:10DDB800000000000000000000000000000000005B
:10DDC800000000000000000000000000000000004B
:10DDD800000000000000000000000000000000003B
:10DDE800000000000000000000000000000000002B
:10DDF800000000000000000000000000000000001B
:10DE0800000000000000000000000000000000000A
:10DE180000000000000000000000000000000000FA
:10DE280000000000000000000000000000000000EA
:10DE380000000000000000000000000000000000DA
:10DE480000000000000000000000000000000000CA
:10DE580000000000000000000000000000000000BA
:10DE680000000000000000000000000000000000AA
:10DE7800000000000000000000000000000000009A
:10DE8800000000000000000000000000000000008A
:10DE9800000000000000000000000000000000007A
:10DEA800000000000000000000000000000000006A
:10DEB800000000000000000000000000000000005A
:10DEC800000000000000000000000000000000004A
:10DED800000000000000000000000000000000003A
:10DEE800000000000000000000000000000000002A
:10DEF800000000000000000000000000000000001A
:10DF08000000000000000000000000000000000009
:10DF180000000000000000000000000000000000F9
:10DF280000000000000000000000000000000000E9
:10DF380000000000000000000000000000000000D9
:10DF480000000000000000000000000000000000C9
:10DF580000000000000000000000000000000000B9
:10DF680000000000000000000000000000000000A9
:10DF78000000000000000000000000000000000099
:10DF88000000000000000000000000000000000089
:10DF98000000000000000000000000000000000079
:10DFA8000000000000000000000000000000000069
:10DFB8000000000000000000000000000000000059
:10DFC8000000000000000000000000000000000049
:10DFD8000000000000000000000000000000000039
:10DFE8000000000000000000000000000000000029
:10DFF8000000000000000000000000000000000019
:10E008000000000000000000000000000000000008
:10E0180000000000000000000000000000000000F8
:10E0280000000000000000000000000000000000E8
:10E0380000000000F8F0F010F8F4E84D00000000CF
:10E0480000000000000000000000000000000000C8
:10E0580000000000000000000000000000000000B8
:10E0680000000000000000000000000000000000A8
:10E078000000000000000000000000000000000098
:10E088000000000000000000000000000000000088
:10E098000000000000000000000000000000000078
:10E0A8000000000000000000000000000000000068
:10E0B8000000000000000000000000000000000058
:10E0C8000000000000000000000000000000000048
:10E0D8000000000000000000000000000000000038
:10E0E8000000000000000000000000000000000028
:10E0F8000000000000000000F8F0F010F8F4E8CF8D
:10E10800F8F4E8FFF8F4E85D000000000000000003
:10E1180000000000000000000000000000000000F7
:10E1280000000000000000000000000000000000E7
:10E1380000000000000000000000000000000000D7
:10E1480000000000000000000000000000000000C7
:10E1580000000000000000000000000000000000B7
:10E1680000000000000000000000000000000000A7
:10E178000000000000000000000000000000000097
:10E188000000000000000000000000000000000087
:10E198000000000000000000000000000000000077
:10E1A8000000000000000000000000000000000067
:10E1B800000000000000000000000000F8F0F0106F
:10E1C800F8F4E8CFF8F8E8FFF8F8E8FFF8F4E8FF23
:10E1D800F8F4E85D00000000000000000000000006
:10E1E8000000000000000000000000000000000027
:10E1F8000000000000000000000000000000000017
:10E208000000000000000000000000000000000006
:10E2180000000000000000000000000000000000F6
:10E2280000000000000000000000000000000000E6
:10E2380000000000000000000000000000000000D6
:10E2480000000000000000000000000000000000C6
:10E2580000000000000000000000000000000000B6
:10E2680000000000000000000000000000000000A6
:10E278000000000000000000000000000000000096
:10E28800F8F0F010F8F4E8CBF8F4E8FFF8F8E8FF55
:10E29800F8F4E8FFF8F8E8FFF8F4E89E000000005A
:10E2A8000000000000000000000000000000000066
:10E2B8000000000000000000000000000000000056
:10E2C8000000000000000000000000000000000046
:10E2D8000000000000000000000000000000000036
:10E2E8000000000000000000000000000000000026
:10E2F8000000000000000000000000000000000016
:10E308000000000000000000000000000000000005
:10E3180000000000000000000000000000000000F5
:10E3280000000000000000000000000000000000E5
:10E3380000000000000000000000000000000000D5
:10E3480000000000F8F0F010F8F4E8CFF8F4E8FF67
:10E35800F8F8E8FFF8F4E8FFF8F8E8FFF8F4E89EC2
:10E3680000000000000000000000000000000000A5
:10E378000000000000000000000000000000000095
:10E388000000000000000000000000000000000085
:10E398000000000000000000000000000000000075
:10E3A8000000000000000000000000000000000065
:10E3B8000000000000000000000000000000000055
:10E3C8000000000000000000000000000000000045
:10E3D8000000000000000000000000000000000035
:10E3E8000000000000000000000000000000000025
:10E3F8000000000000000000000000000000000015
:10E408000000000000000000F8F0F010F8F4E8CB7D
:10E41800F8F8E8FFF8F8E8FFF8F4E8FFF8F8E8FF9C
:10E42800F8F4E89E00000000000000000000000072
:10E4380000000000000000000000000000000000D4
:10E4480000000000000000000000000000000000C4
:10E4580000000000000000000000000000000000B4
:10E4680000000000000000000000000000000000A4
:10E478000000000000000000000000000000000094
:10E488000000000000000000000000000000000084
:10E498000000000000000000000000000000000074
:10E4A8000000000000000000000000000000000064
:10E4B8000000000000000000000000000000000054
:10E4C800000000000000000000000000F8F0F0105C
:10E4D800F8F4E8CFF8F4E8FFF8F8E8FFF8F4E8FF14
:10E4E800F8F8E8FFF8F8E89E0000000000000000D7
:10E4F8000000000000000000000000000000000014
:10E508000000000000000000000000000000000003
:10E5180000000000000000000000000000000000F3
:10E5280000000000000000000000000000000000E3
:10E5380000000000000000000000000000000000D3
:10E5480000000000000000000000000000000000C3
:10E5580000000000000000000000000000000000B3
:10E5680000000000000000000000000000000000A3
:10E578000000000000000000000000000000000093
:10E588000000000000000000000000000000000083
:10E59800F8F0F010F8F4E8CBF8F4E8FFF8F8E8FF42
:10E5A800F8F4E8FFF8F4E8FFF8F8E89E0000000047
:10E5B8000000000000000000000000000000000053
:10E5C8000000000000000000000000000000000043
:10E5D8000000000000000000000000000000000033
:10E5E8000000000000000000000000000000000023
:10E5F8000000000000000000000000000000000013
:10E608000000000000000000000000000000000002
:10E6180000000000000000000000000000000000F2
:10E6280000000000000000000000000000000000E2
:10E6380000000000000000000000000000000000D2
:10E6480000000000000000000000000000000000C2
:10E6580000000000F8F0F010F8F4E8CFF8F8E8FF50
:10E66800F8F8E8FFF8F8E8FFF8F4E8FFF8F8E89EAB
:10E678000000000000000000000000000000000092
:10E688000000000000000000000000000000000082
:10E698000000000000000000000000000000000072
:10E6A8000000000000000000000000000000000062
:10E6B8000000000000000000000000000000000052
:10E6C8000000000000000000000000000000000042
:10E6D8000000000000000000000000000000000032
:10E6E8000000000000000000000000000000000022
:10E6F8000000000000000000000000000000000012
:10E708000000000000000000000000000000000001
:10E718000000000000000000F8F0F010F8F4E8CB6A
:10E72800F8F4E8FFF8F4E8FFF8F8E8FFF8F4E8FF91
:10E73800F8F8E89E0000000000000000000000005B
:10E7480000000000000000000000000000000000C1
:10E7580000000000000000000000000000000000B1
:10E7680000000000000000000000000000000000A1
:10E778000000000000000000000000000000000091
:10E788000000000000000000000000000000000081
:10E798000000000000000000000000000000000071
:10E7A8000000000000000000000000000000000061
:10E7B8000000000000000000000000000000000051
:10E7C8000000000000000000000000000000000041
:10E7D800000000000000000000000000F8F0F01049
:10E7E800F8F4E8CFF8F8E8FFF8F8E8FFF8F4E8FFFD
:10E7F800F8F4E8FFF8F8E89E0000000000000000C8
:10E808000000000000000000000000000000000000
:10E8180000000000000000000000000000000000F0
:10E8280000000000000000000000000000000000E0
:10E8380000000000000000000000000000000000D0
:10E8480000000000000000000000000000000000C0
:10E8580000000000000000000000000000000000B0
:10E8680000000000000000000000000000000000A0
:10E878000000000000000000000000000000000090
:10E888000000000000000000000000000000000080
:10E898000000000000000000000000000000000070
:10E8A800F8F0F010F8F4E8CBF8F4E8FFF8F8E8FF2F
:10E8B800F8F8E8FFF8F4E8FFF8F8E89E0000000030
:10E8C8000000000000000000000000000000000040
:10E8D8000000000000000000000000000000000030
:10E8E8000000000000000000000000000000000020
:10E8F8000000000000000000000000000000000010
:10E9080000000000000000000000000000000000FF
:10E9180000000000000000000000000000000000EF
:10E9280000000000000000000000000000000000DF
:10E9380000000000000000000000000000000000CF
:10E9480000000000000000000000000000000000BF
:10E9580000000000000000000000000000000000AF
:10E9680000000000F8F0F010F8F4E8CFF8F4E8FF41
:10E97800F8F8E8FFF8F4E8FFF8F4E8FFF8F8E89E9C
:10E98800000000000000000000000000000000007F
:10E99800000000000000000000000000000000006F
:10E9A800000000000000000000000000000000005F
:10E9B800000000000000000000000000000000004F
:10E9C800000000000000000000000000000000003F
:10E9D800000000000000000000000000000000002F
:10E9E80000000000F8FCE008F8F4E896F8F8E820E1
:10E9F800000000000000000000000000000000000F
:10EA080000000000000000000000000000000000FE
:10EA180000000000000000000000000000000000EE
:10EA28000000000000000000F8F0F010F8F4E8CB57
:10EA3800F8F8E8FFF8F8E8FFF8F4E8FFF8F8E8FF76
:10EA4800F8F4E89E0000000000000000000000004C
:10EA580000000000000000000000000000000000AE
:10EA6800000000000000000000000000000000009E
:10EA7800000000000000000000000000000000008E
:10EA8800000000000000000000000000000000007E
:10EA9800000000000000000000000000000000006E
:10EAA8000000000000000000F8FCE008F8F4E8B6F8
:10EAB800F8F8E8FFF8F4E8DFF8F8E82000000000CC
:10EAC800000000000000000000000000000000003E
:10EAD800000000000000000000000000000000002E
:10EAE800000000000000000000000000F8F0F01036
:10EAF800F8F4E8CFF8F4E8FFF8F8E8FFF8F4E8FFEE
:10EB0800F8F8E8FFF8F8E89E0000000000000000B0
:10EB180000000000000000000000000000000000ED
:10EB280000000000000000000000000000000000DD
:10EB380000000000000000000000000000000000CD
:10EB480000000000000000000000000000000000BD
:10EB580000000000000000000000000000000000AD
:10EB6800000000000000000000000000F8FCE008C1
:10EB7800F8F4E8B6F8F8E8FFF8F4E8FFF8F4E8FF86
:10EB8800F8F4E8DBF8F8E8200000000000000000D6
:10EB9800000000000000000000000000000000006D
:10EBA800000000000000000000000000000000005D
:10EBB800F8F0F010F8F4E8CBF8F4E8FFF8F8E8FF1C
:10EBC800F8F4E8FFF8F4E8FFF8F8E89E0000000021
:10EBD800000000000000000000000000000000002D
:10EBE800000000000000000000000000000000001D
:10EBF800000000000000000000000000000000000D
:10EC080000000000000000000000000000000000FC
:10EC180000000000000000000000000000000000EC
:10EC280000000000000000000000000000000000DC
:10EC38000000000000000000F8F8E89EF8F4E8FF83
:10EC4800F8F8E8FFF8F8E8FFF8F4E8FFF8F4E8DF88
:10EC5800F8F8E820000000000000000000000000B4
:10EC6800000000000000000000000000000000009C
:10EC780000000000F8F0F010F8F4E8CFF8F8E8FF2A
:10EC8800F8F8E8FFF8F8E8FFF8F4E8FFF8F8E89E85
:10EC9800000000000000000000000000000000006C
:10ECA800000000000000000000000000000000005C
:10ECB800000000000000000000000000000000004C
:10ECC800000000000000000000000000000000003C
:10ECD800000000000000000000000000000000002C
:10ECE800000000000000000000000000000000001C
:10ECF800000000000000000000000000000000000C
:10ED080000000000F8F4E89EF8F8E8FFF8F8E8FFDB
:10ED1800F8F4E8FFF8F8E8FFF8F4E8DBF8F8E8209A
:10ED280000000000000000000000000000000000DB
:10ED38000000000000000000F8F0F010F8F4E8CB44
:10ED4800F8F4E8FFF8F4E8FFF8F8E8FFF8F4E8FF6B
:10ED5800F8F8E89E00000000000000000000000035
:10ED6800000000000000000000000000000000009B
:10ED7800000000000000000000000000000000008B
:10ED8800000000000000000000000000000000007B
:10ED9800000000000000000000000000000000006B
:10EDA800000000000000000000000000000000005B
:10EDB800000000000000000000000000000000004B
:10EDC800000000000000000000000000000000003B
:10EDD800F8F4E89EF8F4E8FFF8F8E8FFF8F4E8FF3C
:10EDE800F8F4E8FFF8F4E8DFF8F8E820000000009D
:10EDF800000000000000000000000000F8F0F01023
:10EE0800F8F4E8CFF8F8E8FFF8F8E8FFF8F4E8FFD6
:10EE1800F8F4E8FFF8F8E89E0000000000000000A1
:10EE280000000000000000000000000000000000DA
:10EE380000000000000000000000000000000000CA
:10EE480000000000000000000000000000000000BA
:10EE580000000000000000000000000000000000AA
:10EE6800000000000000000000000000000000009A
:10EE7800000000000000000000000000000000008A
:10EE8800000000000000000000000000000000007A
:10EE9800000000000000000000000000F8F8E89EF4
:10EEA800F8F4E8FFF8F8E8FFF8F8E8FFF8F4E8FF06
:10EEB800F8F4E8DBF8F8E8200000000000000000A3
:10EEC800F8F0F010F8F4E8CBF8F4E8FFF8F8E8FF09
:10EED800F8F8E8FFF8F4E8FFF8F8E89E000000000A
:10EEE800000000000000000000000000000000001A
:10EEF800000000000000000000000000000000000A
:10EF080000000000000000000000000000000000F9
:10EF180000000000000000000000000000000000E9
:10EF280000000000000000000000000000000000D9
:10EF380000000000000000000000000000000000C9
:10EF480000000000000000000000000000000000B9
:10EF580000000000000000000000000000000000A9
:10EF68000000000000000000F8F4E89EF8F8E8FF50
:10EF7800F8F8E8FFF8F4E8FFF8F8E8FFF8F4E8DF55
:10EF8800F8F8E820F8F0F00CF8F4E8CFF8F4E8FF27
:10EF9800F8F8E8FFF8F4E8FFF8F4E8FFF8F8E89E76
:10EFA8000000000000000000000000000000000059
:10EFB8000000000000000000000000000000000049
:10EFC8000000000000000000000000000000000039
:10EFD8000000000000000000000000000000000029
:10EFE8000000000000000000000000000000000019
:10EFF8000000000000000000000000000000000009
:10F0080000000000000000000000000000000000F8
:10F0180000000000000000000000000000000000E8
:10F0280000000000000000000000000000000000D8
:10F0380000000000F8F4E89EF8F4E8FFF8F8E8FFAC
:10F04800F8F4E8FFF8F4E8FFF8F4E8DFF8F4E8CFBC
:10F05800F8F8E8FFF8F8E8FFF8F4E8FFF8F8E8FF50
:10F06800F8F4E89E00000000000000000000000026
:10F078000000000000000000000000000000000088
:10F088000000000000000000000000000000000078
:10F098000000000000000000000000000000000068
:10F0A8000000000000000000000000000000000058
:10F0B8000000000000000000000000000000000048
:10F0C8000000000000000000000000000000000038
:10F0D8000000000000000000000000000000000028
:10F0E8000000000000000000000000000000000018
:10F0F8000000000000000000000000000000000008
:10F10800F8F8E89EF8F8E8FFF8F4E8FFF8F8E8FF00
:10F11800F8F8E8FFF8F4E8FFF8F8E8FFF8F4E8FF93
:10F12800F8F8E8FFF8F8E89E00000000000000008A
:10F1380000000000000000000000000000000000C7
:10F1480000000000000000000000000000000000B7
:10F1580000000000000000000000000000000000A7
:10F168000000000000000000000000000000000097
:10F178000000000000000000000000000000000087
:10F188000000000000000000000000000000000077
:10F198000000000000000000000000000000000067
:10F1A8000000000000000000000000000000000057
:10F1B8000000000000000000000000000000000047
:10F1C800000000000000000000000000F8F4E89EC5
:10F1D800F8F8E8FFF8F8E8FFF8F4E8FFF8F8E8FFCF
:10F1E800F8F4E8FFF8F4E8FFF8F4E89E00000000FF
:10F1F8000000000000000000000000000000000007
:10F2080000000000000000000000000000000000F6
:10F2180000000000000000000000000000000000E6
:10F2280000000000000000000000000000000000D6
:10F2380000000000000000000000000000000000C6
:10F2480000000000000000000000000000000000B6
:10F2580000000000000000000000000000000000A6
:10F268000000000000000000000000000000000096
:10F278000000000000000000000000000000000086
:10F288000000000000000000000000000000000076
:10F298000000000000000000F8F4E89EF8F4E8FF21
:10F2A800F8F8E8FFF8F4E8FFF8F8E8FFF8F8E89E5F
:10F2B8000000000000000000000000000000000046
:10F2C8000000000000000000000000000000000036
:10F2D8000000000000000000000000000000000026
:10F2E8000000000000000000000000000000000016
:10F2F8000000000000000000000000000000000006
:10F3080000000000000000000000000000000000F5
:10F3180000000000000000000000000000000000E5
:10F3280000000000000000000000000000000000D5
:10F3380000000000000000000000000000000000C5
:10F3480000000000000000000000000000000000B5
:10F3580000000000000000000000000000000000A5
:10F3680000000000F8F8E89EF8F4E8FFF8F4E8FF79
:10F37800F8F8E89E0000000000000000000000000F
:10F388000000000000000000000000000000000075
:10F398000000000000000000000000000000000065
:10F3A8000000000000000000000000000000000055
:10F3B8000000000000000000000000000000000045
:10F3C8000000000000000000000000000000000035
:10F3D8000000000000000000000000000000000025
:10F3E8000000000000000000000000000000000015
:10F3F8000000000000000000000000000000000005
:10F4080000000000000000000000000000000000F4
:10F4180000000000000000000000000000000000E4
:10F4280000000000000000000000000000000000D4
:10F43800F8F8E89EF8F4E89E0000000000000000DC
:10F4480000000000000000000000000000000000B4
:10F4580000000000000000000000000000000000A4
:10F468000000000000000000000000000000000094
:10F478000000000000000000000000000000000084
:10F488000000000000000000000000000000000074
:10F498000000000000000000000000000000000064
:10F4A8000000000000000000000000000000000054
:10F4B8000000000000000000000000000000000044
:10F4C8000000000000000000000000000000000034
:10F4D8000000000000000000000000000000000024
:10F4E8000000000000000000000000000000000014
:10F4F8000000000000000000000000000000000004
:10F5080000000000000000000000000000000000F3
:10F5180000000000000000000000000000000000E3
:10F5280000000000000000000000000000000000D3
:10F5380000000000000000000000000000000000C3
:10F5480000000000000000000000000000000000B3
:10F5580000000000000000000000000000000000A3
:10F568000000000000000000000000000000000093
:10F578000000000000000000000000000000000083
:10F588000000000000000000000000000000000073
:10F598000000000000000000000000000000000063
:10F5A8000000000000000000000000000000000053
:10F5B8000000000000000000000000000000000043
:10F5C8000000000000000000000000000000000033
:10F5D8000000000000000000000000000000000023
:10F5E8000000000000000000000000000000000013
:10F5F8000000000000000000000000000000000003
:10F6080000000000000000000000000000000000F2
:10F6180000000000000000000000000000000000E2
:10F6280000000000000000000000000000000000D2
:10F6380000000000000000000000000000000000C2
:10F6480000000000000000000000000000000000B2
:10F6580000000000000000000000000000000000A2
:10F668000000000000000000000000000000000092
:10F678000000000000000000000000000000000082
:10F688000000000000000000000000000000000072
:10F698000000000000000000000000000000000062
:10F6A8000000000000000000000000000000000052
:10F6B8000000000000000000000000000000000042
:10F6C8000000000000000000000000000000000032
:10F6D8000000000000000000000000000000000022
:10F6E8000000000000000000000000000000000012
:10F6F8000000000000000000000000000000000002
:10F7080000000000000000000000000000000000F1
:10F7180000000000000000000000000000000000E1
:10F7280000000000000000000000000000000000D1
:10F7380000000000000000000000000000000000C1
:10F7480000000000000000000000000000000000B1
:10F7580000000000000000000000000000000000A1
:10F768000000000000000000000000000000000091
:10F778000000000000000000000000000000000081
:10F788000000000000000000000000000000000071
:10F798000000000000000000000000000000000061
:10F7A8000000000000000000000000000000000051
:10F7B8000000000000000000000000000000000041
:10F7C8000000000000000000000000000000000031
:10F7D8000000000000000000000000000000000021
:10F7E8000000000000000000000000000000000011
:10F7F8000000000000000000000000000000000001
:10F8080000000000000000000000000000000000F0
:10F8180000000000000000000000000000000000E0
:10F8280000000000000000000000000000000000D0
:10F8380000000000000000000000000000000000C0
:10F8480000000000000000000000000000000000B0
:10F8580000000000000000000000000000000000A0
:10F868000000000000000000000000000000000090
:10F878000000000000000000000000000000000080
:10F888000000000000000000000000000000000070
:10F898000000000000000000000000000000000060
:10F8A8000000000000000000000000000000000050
:10F8B8000000000000000000000000000000000040
:10F8C8000000000000000000000000000000000030
:10F8D8000000000000000000000000000000000020
:10F8E8000000000000000000000000000000000010
:10F8F8000000000000000000000000000000000000
:10F9080000000000000000000000000000000000EF
:10F9180000000000000000000000000000000000DF
:10F9280000000000000000000000000000000000CF
:10F9380000000000000000000000000000000000BF
:10F9480000000000000000000000000000000000AF
:10F95800000000000000000000000000000000009F
:10F96800000000000000000000000000000000008F
:10F97800000000000000000000000000000000007F
:10F98800000000000000000000000000000000006F
:10F99800000000000000000000000000000000005F
:10F9A800000000000000000000000000000000004F
:10F9B800000000000000000000000000000000003F
:10F9C800000000000000000000000000000000002F
:10F9D800000000000000000000000000000000001F
:10F9E800000000000000000000000000000000000F
:10F9F80000000000000000000000000000000000FF
:10FA080000000000000000000000000000000000EE
:10FA180000000000000000000000000000000000DE
:10FA280000000000000000000000000000000000CE
:10FA380000000000000000000000000000000000BE
:10FA480000000000000000000000000000000000AE
:10FA5800000000000000000000000000000000009E
:10FA6800000000000000000000000000000000008E
:10FA7800000000000000000000000000000000007E
:10FA8800000000000000000000000000000000006E
:10FA9800000000000000000000000000000000005E
:10FAA800000000000000000000000000000000004E
:10FAB800000000000000000000000000000000003E
:10FAC800000000000000000000000000000000002E
:10FAD800000000000000000000000000000000001E
:10FAE800000000000000000000000000000000000E
:10FAF80000000000000000000000000000000000FE
:10FB080000000000000000000000000000000000ED
:10FB180000000000000000000000000000000000DD
:10FB280000000000000000000000000000000000CD
:10FB380000000000000000000000000000000000BD
:10FB480000000000000000000000000000000000AD
:10FB5800000000000000000000000000000000009D
:10FB6800000000000000000000000000000000008D
:10FB7800000000000000000000000000000000007D
:10FB8800000000000000000000000000000000006D
:10FB9800000000000000000000000000000000005D
:10FBA800000000000000000000000000000000004D
:10FBB800000000000000000000000000000000003D
:10FBC800000000000000000000000000000000002D
:10FBD800000000000000000000000000000000001D
:10FBE800000000000000000000000000000000000D
:10FBF80000000000000000000000000000000000FD
:10FC080000000000000000000000000000000000EC
:10FC180000000000000000000000000000000000DC
:10FC280000000000000000000000000000000000CC
:10FC380000000000000000000000000000000000BC
:10FC480000000000000000000000000000000000AC
:10FC5800000000000000000000000000000000009C
:10FC6800000000000000000000000000000000008C
:10FC7800000000000000000000000000000000007C
:10FC8800000000000000000000000000000000006C
:10FC9800000000000000000000000000000000005C
:10FCA800000000000000000000000000000000004C
:10FCB800000000000000000000000000000000003C
:10FCC800000000000000000000000000000000002C
:10FCD800000000000000000000000000000000001C
:10FCE800000000000000000000000000000000000C
:10FCF80000000000000000000000000000000000FC
:10FD080000000000000000000000000000000000EB
:10FD180000000000000000000000000000000000DB
:10FD280000000000000000000000000000000000CB
:10FD380000000000000000000000000000000000BB
:10FD480000000000000000000000000000000000AB
:10FD5800000000000000000000000000000000009B
:10FD6800000000000000000000000000000000008B
:10FD7800000000000000000000000000000000007B
:10FD8800000000000000000000000000000000006B
:10FD9800000000000000000000000000000000005B
:10FDA800000000000000000000000000000000004B
:10FDB800000000000000000000000000000000003B
:10FDC800000000000000000000000000000000002B
:10FDD800000000000000000000000000000000001B
:10FDE800000000000000000000000000000000000B
:10FDF80000000000000000000000000000000000FB
:10FE080000000000000000000000000000000000EA
:10FE180000000000DEFFDEFFDEFFDEFFDEFFDEFFAC
:10FE2800DEFFDEFFDEFFDEFFDEFFDEFFDEFFDEFFE2
:10FE3800DEFFDEFFDEFFDEFFDEFFDEFFDEFFDEFFD2
:10FE4800DEFFDEFFDEFFDEFFDEFFDEFFDEFFDEFFC2
:10FE5800DEFFDEFFDEFFDEFFDEFFDEFFDEFFDEFFB2
:10FE6800DEFFDEFFDEFFDEFFDEFFDEFFDEFFDEFFA2
:10FE7800DEFFDEFFDEFFDEFFDEFFDEFFDEFFDEFF92
:10FE8800DEFFDEFFDEFFDEFFDEFFDEFFDEFFDEFF82
:10FE9800DEFFDEFFDEFFDEFFDEFFDEFFDEFFDEFF72
:10FEA800DEFFDEFFDEFFDEFFDEFFDEFFDEFFDEFF62
:10FEB800DEFFDEFFDEFFDEFFDEFFDEFFDEFFDEFF52
:10FEC800DEFFDEFFDEFFDEFFDEFFDEFFDEFFDEFF42
:10FED800DEFFDEFFDEFFDEFFDEFFDEFFDEFFDEFF32
:10FEE800DEFFDEFFDEFFDEFFDEFFDEFFDEFFDEFF22
:10FEF800DEFFDEFFDEFFDEFFDEFFDEFFDEFFDEFF12
:10FF0800DEFFDEFFDEFFDEFFDEFFDEFFDEFFDEFF01
:10FF1800DEFFDEFFDEFFDEFFDEFFDEFFDEFFDEFFF1
:10FF2800DEFFDEFFDEFFDEFFDEFFDEFFDEFFDEFFE1
:10FF3800DEFFDEFFDEFFDEFFDEFFDEFFDEFFDEFFD1
:10FF4800DEFFDEFFDEFFDEFFDEFFDEFFDEFFDEFFC1
:10FF5800DEFFDEFFDEFFDEFFDEFFDEFFDEFFDEFFB1
:10FF6800DEFFDEFFDEFFDEFFDEFFDEFFDEFFDEFFA1
:10FF7800DEFFDEFFDEFFDEFFDEFFDEFFDEFFDEFF91
:10FF8800DEFFDEFFDEFFDEFFDEFFDEFFDEFFDEFF81
:10FF9800DEFFDEFFDEFFDEFFDEFFDEFFDEFFDEFF71
:10FFA800DEFFDEFFDEFFDEFFDEFFDEFFDEFFDEFF61
:10FFB800DEFFDEFFDEFFDEFFDEFFDEFFDEFFDEFF51
:10FFC800DEFFDEFFDEFFDEFFDEFFDEFFDEFFDEFF41
:10FFD800DEFFDEFFDEFFDEFFDEFFDEFFDEFFDEFF31
:10FFE800DEFFDEFFDEFFDEFFDEFFDEFFDEFFDEFF21
:08FFF800DEFFDEFFDEFFDEFF8D
:020000040803EF
:10000000DEFFDEFFDEFFDEFFDEFFDEFFDEFFDEFF08
:10001000DEFFDEFFDEFFDEFFDEFFDEFFDEFFDEFFF8
:10002000DEFFDEFFDEFFDEFFDEFFDEFFDEFFDEFFE8
:10003000DEFFDEFFDEFFDEFFDEFFDEFFDEFFDEFFD8
:10004000DEFFDEFFDEFFDEFFDEFFDEFFDEFFDEFFC8
:10005000DEFFDEFFDEFFDEFFDEFFDEFFDEFFDEFFB8
:10006000DEFFDEFFDEFFDEFFDEFFDEFFDEFFDEFFA8
:10007000DEFFDEFFDEFFDEFFDEFFDDFFDEFFDEFF99
:10008000DDFFDEFFDEFFDDFFDEFFDEFFDDFFDEFF8B
:10009000DEFFDDFFDEFFDEFFDDFFDEFFDEFFDDFF7B
:1000A000DEFFDEFFDDFFDEFFDEFFDDFFDEFFDEFF6A
:1000B000DDFFDEFFDEFFDDFFDEFFDEFFDDFFDEFF5B
:1000C000DEFFDDFFDEFFDEFFDDFFDEFFDEFFDDFF4B
:1000D000DEFFDEFFDDFFDEFFDEFFDDFFDEFFDEFF3A
:1000E000DDFFDEFFDEFFDDFFDEFFDEFFDDFFDEFF2B
:1000F000DEFFDDFFDEFFDEFFDDFFDEFFDEFFDDFF1B
:10010000DEFFDEFFDDFFDEFFDEFFDDFFDEFFDEFF09
:10011000DDFFDEFFDEFFDDFFDEFFDEFFDDFFDEFFFA
:10012000DEFFDDFFDEFFDEFFDDFFDEFFDEFFDDFFEA
:10013000DEFFDEFFDDFFDEFFDEFFDEFFDEFFDEFFD8
:10014000DEFFDEFFDEFFDEFFDEFFDEFFDEFFDEFFC7
:10015000DEFFDEFFDEFFDEFFDEFFDEFFDEFFDEFFB7
:10016000DEFFDEFFDEFFDEFFDEFFDEFFDEFFDEFFA7
:10017000DEFFDEFFDEFFDEFFDEFFDEFFDEFFDEFF97
:10018000DEFFDEFFDEFFDEFFDEFFDEFFDEFFDEFF87
:10019000DEFFDEFFDEFFDEFFDEFFDEFFDEFFDEFF77
:1001A000DEFFDEFFDEFFDEFFDEFFDEFFDEFFDEFF67
:1001B000DEFFDEFFDEFFDEFFDEFFDEFFDEFFDEFF57
:1001C000DEFFDEFFDEFFDEFFDEFFDEFFDEFFDEFF47
:1001D000DEFFDEFFDEFFDEFFDEFFDEFFDEFFDEFF37
:1001E000DEFFDEFFDEFFDEFFDEFFDEFFDEFFDEFF27
:1001F000DEFFDEFFDEFFDEFFDEFFDEFFDEFFDEFF17
:10020000DEFFDEFFDEFFDEFFDEFFDEFFDEFFDEFF06
:10021000DEFFDEFFDEFFDEFFDEFF7CF778D654B5C3
:100220007094AD838D7B8D7BCE83B19CD5BD3BEF30
:10023000DEFFDEFFDEFFDEFFDEFFDEFFDEFFDEFFD6
:10024000DEFFDEFFDEFFDEFFDEFF9DF778D613ADBB
:10025000EE8B8D7B8D7BAD83B19CF6C55CF7DEFFAD
:10026000DEFFDEFFDEFFDEFFDEFFDEFFDEFFDEFFA6
:10027000DEFFDEFFDEFFDEFFDEFFDEFFDEFFDEFF96
:10028000DEFFDADE74B574B574B574B574B5FAE62C
:10029000DEFFDEFFDEFFDEFFDEFFDEFFDEFFDEFF76
:1002A000DEFFDEFF5CEFF6C5D2A4CE838D7B8D7BB7
:1002B000CE83D1A4F6C55CEFDEFFDEFFDEFFDEFFFE
:1002C000DEFFDEFFDEFFDDFFDEFFDEFFDEFFDEFF47
:1002D000DDFFDEFFDEFFDDFFDEFFDEFFDDFF5CF7C3
:1002E00033ADCE836C7B8D7B6C7B6C7B8D7B6C7B31
:1002F0006C7B6D7B6D7B8D7B13AD9DF7DDFFDEFF32
:10030000DEFFDDFFDEFFDEFFDDFFDEFFDEFFDDFF08
:1003100099DEEE8B6C7B8D7B6C7B8C7B6D7B8D7B20
:100320008C7B6D7BCD83F6C5DEFFDDFFDEFFDEFF60
:10033000DDFFDEFFDEFFDDFFDEFFDEFFDDFFDEFFD8
:10034000DEFFDDFFDEFFDEFFBDFF4F946D7B6C7BCC
:100350008D7B6D7B6C7B58D6DEFFDEFFDDFFDEFF25
:10036000DEFFDDFFDEFFDEFFBDFF95BDCD838C7BB5
:100370006D7B8C7B6C7B6C7B8D7B6C7B6D7BAD83B9
:1003800054B5BDFFDDFFDEFFDEFFDDFFDEFFDEFF7C
:10039000DEFFDEFFDEFFDEFFDEFFDEFFDEFFDEFF75
:1003A000DEFFDEFF9CF7AE838D7B8C7B6D7B8D7BD0
:1003B0008D7B6D7B8D7B8C7B6D7B8D7B8C7B8D7B3F
:1003C0008C7B50947CF7DEFFDEFFDEFFDEFFDEFF7E
:1003D000DEFFDEFFDDFFF6C58D7B6D7B8D7B6D7BEC
:1003E0008D7B6C7B8D7B6D7B6D7B8D7B6D7B8D7B4E
:1003F00074B5DEFFDEFFDEFFDEFFDEFFDEFFDEFFC9
:10040000DEFFDEFFDEFFDEFFDEFFDEFFDEFFDEFF04
:1004100058D68D7B6C7B8D7B8D7B6D7B8D7B58CE99
:10042000DEFFDEFFDEFFDEFFDEFFDEFFDEFF9DF72D
:10043000B19C8C7B6D7B6D7B8D7B8D7B6C7B8D7B99
:100440008D7B6D7B8C7B8D7B6C7B70947CF7DEFF72
:10045000DEFFDEFFDEFFDEFFDEFFDEFFDEFFDEFFB4
:10046000DEFFDEFFDEFFDEFFDEFFDEFF7CF78D7BE3
:100470008D7B6C7B6D7B8D7B6C7B6D7B8D7B6C7BDF
:100480008D7B8D7B6C7B6D7B8D7B8D7BD2A4DEFF2A
:10049000DEFFDEFFDEFFDDFFDEFFDEFF78D68D7BD9
:1004A0006D7B8C7B8C7B6D7B8D7B6C7B8D7B8C7B70
:1004B0006C7B8D7B6C7B6D7B8D7B17CEDEFFDEFFD7
:1004C000DEFFDDFFDEFFDEFFDEFFDDFFDEFFDEFF46
:1004D000DDFFDEFFDEFF9DF72F948D7B6D7B6C7B58
:1004E0008C7B6D7B8C7B58CEDEFFDEFFDEFFDEFF7C
:1004F000DDFFDEFFBDFF13AD8D7B6D7B8D7B6C7BE8
:100500008D7B6D7B6D7B8C7B6D7B6C7B8D7B6D7B4D
:100510008D7B8D7BB19CBEFFDEFFDEFFDEFFDEFF4D
:10052000DDFFDEFFDEFFDEFFDDFFDEFFDEFFDDFFE6
:10053000DEFFDEFF7CF78D7B8D7B6C7B8D7B8D7B87
:100540000E8C50942F8C8D7B6D7B8C7B6D7B6C7BAC
:100550006D7B6C7B8D7BDADEDDFFDEFFDEFFDEFF99
:10056000DEFF5CF7CE836D7B8D7B6C7B6D7B8C734C
:10057000CE83B19C919CAD7B6D7B8C7B8D7B6C7BAA
:100580006C7BEE837CF7DEFFDEFFDEFFDEFFDEFF4F
:10059000DEFFDEFFDEFFDEFFDEFFDEFFDEFFD6C5B5
:1005A0008C7B6C7B8D7B8D7B6C7B6D7B8C7B58CE51
:1005B000DEFFDEFFDEFFDEFFDEFFDEFFFAE68D7B25
:1005C0008C7B6D7B8C7B8C7B8D7B919C37CE37CEEF
:1005D000B19C8D7B8D7B6C7B6D7B8D7B8D7B78D691
:1005E000DEFFDEFFDEFFDEFFDEFFDEFFDEFFDEFF23
:1005F000DEFFDEFFDEFFDEFFDEFFDEFF7CF78D7B52
:100600008D7B509417CE9DF7BDFFDEFFBEFF9DF79B
:1006100054AD8D7B8C7B8D7B8D7B6C7B6C7B33AD0C
:10062000DEFFDEFFDEFFDEFFDEFF95BD8C7B8D7B18
:100630006C7B8D7B6D7B2F8C5CEFDEFFDEFFDADE6B
:10064000AE836D7B8D738D7B8D7B6D7BF6C5DEFF01
:10065000DEFFDEFFDEFFDDFFDEFFDEFFDEFFDEFFB3
:10066000DEFFDEFF3BEFAD838D7B6D7B6D7B8C739F
:100670008D7B6D7B6D7B58D6DEFFDDFFDEFFDEFF01
:10068000DEFFDEFF54B56D7B8C7B6D7B6D7B6D7B00
:1006900054B5DDFFDEFFDEFFDEFFD6BD8D7B6C7B5C
:1006A0008C7B6D7B6C7BF2A4DEFFDEFFDEFFDEFF6A
:1006B000DEFFDEFFDEFFDEFFDEFFDEFFDEFFDEFF52
:1006C000DEFFDEFF7CF70F8C78D6DEFFDEFFDEFF7D
:1006D000DEFFDEFFDEFFDEFFBDFFB19C6D7B8D7BAD
:1006E0008C7B6D7B8D7B5094DEFFDEFFDEFFDEFFBB
:1006F000BDFFEE8B8D7B6D7B8C7B8D7B8D7BB9DE27
:10070000DEFFDEFFDEFFDEFF95BD6C7B6C7B8D7B4D
:100710006D7B8C7B5094DEFFDEFFDEFFDEFFDEFFB5
:10072000DEFFDEFFDDFFDEFFDEFFDEFFD2A48C7B1F
:100730006D7B8D7B6C7B6D7B8D7B8C7B6C7B58CEDE
:10074000DEFFDEFFDEFFDEFFDDFFDEFF70948D7B70
:100750006D7B8C7B8D7BCE837CF7DEFFDEFFDEFF47
:10076000DEFF9DF70F8C8D7B8D7B6D7B8C7B508CA2
:10077000BEFFDEFFDDFFDEFFDEFFDEFFDEFFDEFFB2
:10078000DDFFDEFFDEFFDDFFDEFFDEFFBDF77CF716
:10079000DEFFDEFFDEFFDEFFDEFFDEFFDEFFDEFF71
:1007A000DEFF58CE6C7B6D7B6D7B8C7B8D7B0F8CE5
:1007B000BDFFDEFFDEFFDEFFB9DE6D7B8D7B6C7380
:1007C0006D7B8D7B2F94BDFFDEFFDEFFDEFFDEFF46
:1007D0001BE78D7B8C7B6D7B6C7B8C7B8D7B5CEFDF
:1007E000DDFFDEFFDEFFDEFFDEFFDEFFDEFFDEFF22
:1007F000DEFF57CE6D7B8D7B8C7B6D738C7B6D7B31
:100800008D7B8C7B6D7B58CEDEFFDEFFDEFFDEFF57
:10081000DEFFDEFF2F948D7B6C7B6D7B8C735094A1
:10082000DEFFDEFFDEFFDEFFDEFFDEFFB19C8C7B46
:100830006D7B6D7B8C7B2F8CBEFFDEFFDEFFDEFFD2
:10084000DEFFDEFFDEFFDEFFDEFFDEFFDEFFDEFFC0
:10085000DEFFDEFFDEFFDEFFDEFFDEFFDEFFDEFFB0
:10086000DEFFDEFFDDFFDEFFDEFFB9DE8C7B6D7BB2
:100870008D736C7B6D7B2F8CBDFFDEFFDEFFDEFF9B
:1008800074B58D7B8C7B6D7B6D7B8C7B54B5DEFF73
:10089000DEFFDEFFDEFFDEFFBDFF0F8C8D7B8D7B7D
:1008A0006D7B6D7B6D7B58D6DEFFDEFFDDFFDEFFEF
:1008B000DEFFDDFFDEFFDEFF3BEFCE838D7B6C7B5B
:1008C0006D7B70948D7B8C7B6D736D7B8C7B58CE38
:1008D000DEFFDEFFDDFFDEFFDEFFDEFFD2A48C7B6E
:1008E0006D7B8D7B6D7B2F8CDEFFDEFFDEFFDEFF01
:1008F000DEFFDEFF919C6C7B8D7B6D7B8C7BB19CE6
:10090000DEFFDEFFDEFFDDFFDEFFDEFFDEFFDEFF00
:10091000DEFFDEFFDEFFDEFFDEFFDEFFDEFFDEFFEF
:10092000DEFFDEFFDEFFDDFFDEFFDEFFDEFFDEFFE0
:10093000DEFFF6C56D7B8D7B8C7B6D7B8D7B919C0B
:10094000DEFFDEFFDEFFDEFF70946D7B8C7B8D7B38
:100950006D7B8C7358CEDEFFDEFFDEFFDEFFDEFF39
:10096000DEFFB19C6C7B8D7B8C738C7B6D7BB5BD0E
:10097000DEFFDEFFDEFFDEFFDEFFDEFFDEFFBDFFB0
:10098000D2A46D7B8C7B6D7BCE83B9DE8D7B6D7B42
:100990008C7B6D7B8C7B58CEDEFFDEFFDEFFDEFFC7
:1009A000DEFFDEFF37CE8D7B8D7B6C7B8C7B8D7B82
:1009B000DADEDEFFDEFFDEFFDEFF3BEFAD838D7BA9
:1009C0008D7B6C7B8D7B17CEDEFFDEFFDEFFDEFFD7
:1009D000DEFFDEFFDEFFDEFFDDFFDEFFDEFFDDFF31
:1009E000DEFFDEFFDEFFDEFFDEFFDEFFDEFFDEFF1F
:1009F000DEFFDEFFDEFFDEFFBDF72F946D7B8D7B1C
:100A00006C7B8D7B6C7B95BDDEFFDEFFDEFFBDF773
:100A1000EE8B6D7B6D7B8C7B6D7B6D7BFAE6DEFFF9
:100A2000DEFFDEFFDEFFDEFFDEFF74B56D7B6D7B7C
:100A30008C7B6D7B8C7B13A5DEFFDEFFDEFFDEFF94
:100A4000DEFFDEFFDEFFD6BD6C7B8D7B6D7B8C7B9E
:100A5000D6BD1BE78D7B8D7B6C7B8D7B6D7B58CEF4
:100A6000DEFFDEFFDEFFDEFFDEFFDEFF9DF72F8C09
:100A70006D7B6D7B8C7B8D7B2F8C1BEFDDFFDEFF19
:100A80003CEF50948C7B6D7B6D738C7B7194BDFFC0
:100A9000DEFFDEFFDEFFDEFFDEFFDEFFDEFFDEFF6E
:100AA000DEFFDEFFDEFFDEFFDEFFDDFFDEFFDEFF5F
:100AB000DDFFDEFFDEFFDEFFDEFFDDFFDEFFDEFF50
:100AC000D6C58D7B8C7B6D7B8D736C7BAD7B5CEF3A
:100AD000DEFFDEFFDEFF7CF7AD838D7B8C7B6D73ED
:100AE0008C7B8D7B5CEFDEFFDEFFDEFFDDFFDEFF5C
:100AF000DEFFD6C58D7B8C7B6D7B6D7B8D7BB19C4A
:100B0000DEFFDEFFDDFFDEFFDEFFDDFFDADEAD83D1
:100B10006C7B8D7B6D7B5094BDF71BE78D7B6C7B75
:100B20008D7B6D7B8C7B58CEDEFFDDFFDEFFDEFF35
:100B3000DDFFDEFFDEFF1BE7EE836D7B6D7B8D7BD4
:100B40006D7B8D7B7094919C8D7B8C7B6D7B8D7B85
:100B50006C7B50947CF7DEFFDEFFDEFFDDFFDEFF07
:100B6000DEFFDEFFDEFFDEFFDEFFDEFFDEFFDEFF9D
:100B7000DEFFDEFFDEFFDEFFDEFFDEFFDDFFDEFF8E
:100B8000DEFFDEFFDDFF17C68D7B8C7B6D7B8C7BF4
:100B90006D7B8D7B34ADDEFFDEFFDEFFDEFF3BEFE6
:100BA0008D7B8D7B6D7B6C7B8D7BAD7B9DF7DEFFC5
:100BB000DEFFDEFFDEFFDEFFDEFF16C66D7B8C7B19
:100BC0008D736D7B6C7B919CDEFFDEFFDEFFDEFFB5
:100BD000DEFF5CF7EE8B8D7B8D7B6C7BAD7B1BE74B
:100BE000DEFF1BEF8D7B8C7B6D7B8C7B6C7B58D60B
:100BF000DEFFDEFFDEFFDEFFDEFFDEFFDEFFDEFF0D
:100C00003BEF50948D7B6C7B8C7B6D7B6C7B8C7B0A
:100C10006D7B6D7B8C7BAD7B13AD9DF7DEFFDEFFC7
:100C2000DEFFDEFFDEFFDEFFDEFFDEFFDEFFDEFFDC
:100C3000DDFFDEFFDEFFDDFFDEFFDEFFDEFFDEFFCE
:100C4000DEFFDEFFDEFFDEFFDEFFBDFF95BD8D7B3D
:100C50006D7B8D7B6C7B6D7B8C7B2F8C7CF7DEFFC3
:100C6000DEFFDEFFDEFF1BE78D7B8D7B8C7B6D7BEC
:100C70006D7BAD839DF7DEFFDEFFDEFFDEFFDEFF77
:100C8000DEFF57CE6D7B6D7B8C7B8D7B6C7B709498
:100C9000BEFFDEFFDEFFDEFFBDFFB19C6D7B6D7B27
:100CA0008C7B6D7BB5BDDEFFDEFF1BEF8D7B8D7B0F
:100CB0006D7B8D7B6D7B58CEDEFFDEFFDEFFDEFFC2
:100CC000DEFFDEFFDEFFDEFFDEFFFAE650948C7B08
:100CD0006D7B8D7B8D7B6C7B8D7B6D7B8C7B50945A
:100CE000FAE6DEFFDEFFDEFFDEFFDEFFDEFFDEFF19
:100CF000DDFFDEFFDEFFDEFFDEFFDEFFDEFFDEFF0D
:100D0000DEFFDEFFDDFFDEFFDEFFDDFFDEFFDEFFFD
:100D10005CEFB19C8D7B6C7B8D7B8D7B6C7B8D7355
:100D2000EE831BE7DEFFDEFFDEFFDEFFDEFF1BE7FD
:100D30008D7B8C7B6D7B8D7B8C7BCE839DFFDEFFE3
:100D4000DDFFDEFFDEFFDEFFDEFF58CE6C7B6D7B5E
:100D50008D7B6C7B8D7B7094DEFFDEFFDDFFBDFF46
:100D600054AD8C7B6D7B8C7B6D73919CBDFFDEFFE6
:100D7000DEFF1BE78D7B6C7B8C7B6D7B8C7B58CE89
:100D8000DEFFDEFFDDFFDEFFDEFFDDFFDEFF9DF7C6
:100D900053B58D7B6D7B8D7B6C7B6D7B8D7B6C7B95
:100DA0008D738D7B6D7B8D7B8D7B33AD9DF7DEFFF2
:100DB000DEFFDEFFDEFFDEFFDEFFDEFFDEFFDEFF4B
:100DC000DEFFDEFFDEFFDEFFDEFFDEFFDEFFDEFF3B
:100DD000DEFFDEFFDEFF99D6CE838C7B6D7B6D7BE5
:100DE0008C7B6D7B6D7B0F8C1BE7DEFFDEFFDEFFF8
:100DF000DEFFDDFFDEFF3BEF8D7B6D7B8C7B6D7B54
:100E00006D7BAD7B9DF7DEFFDEFFDEFFDDFFDEFFEE
:100E1000DEFF16C68D7B6C7B8D7B6D7B6D7BB19C05
:100E2000DEFFDEFFDEFF17C68D7B6D7B8C7B8D7B4F
:100E3000EE835CEFDEFFDEFFDEFF1BE78D7B8C7B4E
:100E40006D7B8D7B6C7B58CEDEFFDEFFDEFFDEFF31
:100E5000DEFFDEFF7CF770946C7B8D7B6C7B8D7B83
:100E60008C738D7BEE83CE836D7B8C7B6C7B6D7BFB
:100E70008D7B8C7B919C9DF7DEFFDDFFDEFFDEFF2F
:100E8000DEFFDEFFDEFFDEFFDDFFDEFFDEFFDDFF7C
:100E9000DEFFDEFFDEFFDEFFDEFFBDFFD5BD8D7BAB
:100EA0006D7B8C7B8D7B6D7B8C7B8C7BB19C7DF794
:100EB000DEFFDEFFDEFFDEFFDEFFDEFFDEFF3BEFFD
:100EC000AD7B8D7B6C7B8D7B6C7B8D7B7CF7DEFFC4
:100ED000DEFFDEFFDEFFDEFFDEFFD6C56C7B8D7B37
:100EE0008C7B6D7B8C7BF2A4DEFFDEFF99D68D7B45
:100EF0006C7B6D7B6D7B8D7B99D6DEFFDEFFDEFF2D
:100F0000DEFF1BEF8D7B8D7B6D7B8C7B8D7B58CECD
:100F1000DEFFDEFFDEFFDEFFDEFFDDFFF2A46D7B26
:100F20008D7B6C7B6D7B8D7B33AD7CF7DEFFDEFFD5
:100F30003BEFD2A48D7B6C7B6D7B8D7B6C7B33AD6B
:100F4000DEFFDEFFDEFFDEFFDDFFDEFFDEFFDEFFBA
:100F5000DEFFDEFFDEFFDEFFDEFFDDFFDEFFDEFFAA
:100F6000BDFF33AD8D7B6D7B8C7B6D7B6C7B8D7B17
:100F7000AD7BD6C5BEFFDEFFDEFFDEFFDDFFDEFFA1
:100F8000DEFFDEFFDEFF7CF7AD836D7B8D7B8C7B30
:100F90008D7B8D7B3BEFDEFFDEFFDEFFDEFFDEFFC6
:100FA000DEFF74B56D7B8D7B6C738D7B6D7B54AD7B
:100FB000DEFF5CEFCD836D7B8C7B8D7B8C7BD2A445
:100FC00099DE99DE99DE99D699DE17CE8C7B8D7BE2
:100FD0006C7B6D7B8D7B94B599DE99DE1BE7DEFF24
:100FE000DEFFB9DE8D7B6D7B8D7B8C7B6D7B33ADC6
:100FF000DEFFDEFFDEFFDEFFDEFFBDF7919C8D7BB7
:101000008C736D7B8D7BAD7B3BEFDEFFDEFFDEFF08
:10101000DEFFDEFFDEFFDEFFDEFFDEFFDEFFDEFFE8
:10102000DEFFDEFFDEFFBDFF54B56D7B8C7B6D7B8D
:101030008D7B8C7B6D7B308CFAE6DEFFDEFFDEFF86
:10104000DEFFDEFFDEFFDEFFDEFFDEFFDEFFBDF7E1
:10105000EE8B6D7B6D7B6C7B8D7B6D7B99D6DEFF24
:10106000DEFFDEFFDDFFDEFFDEFFD1A48D7B6D7BCB
:101070006C7B8D7B6C7BF6C5DEFF1BEF8D7B8D7BE8
:101080006D7B8C7B6D7B8D7B8C7B8C7B8D7B8C7B64
:101090008C7B8D7B6D7B8C7B6D7B6D7B8C7B6D7B93
:1010A0006C7B8C7B33ADDEFFDEFF33AD6D7B8C7BE9
:1010B0006D7B8D7BAD7B5CEFDEFFDEFFDEFFDEFF59
:1010C000DEFFDEFFDADE6D7B8C7B6D7B6D7B8D7BE7
:1010D000B5BDDEFFDEFFDEFFDEFFDEFFDEFFDEFF93
:1010E000DDFFDEFFDEFFDDFFDEFFDEFFDEFF37CEF2
:1010F0008D7B8D7B6C7B6D7B8D7B8D7BF2A49DF7D7
:10110000DEFFDEFFDEFFDEFFDDFFDEFFDEFFDEFFF8
:10111000DDFFDEFFDEFFDEFF71948C7B8D7B6D7368
:101120006C7B8C7BB5BDDEFFDEFFDEFFDEFFDEFF0E
:10113000BDFFEF8B8C7B6D7B8D7B8C7B6D7BDADEDB
:10114000DEFF3BEF8D7B8C7B6D7B6D7B8C7B6D7BCA
:101150006D7B6D7B6D7B8C7B6D7B6D7B8C738D7BF9
:101160006D7B8C738D7B6D7B8D7B8C7B33ADDEFFDC
:10117000BDFF70948D7B6C7B6D7B8D7B0F8CBDFF79
:10118000DEFFDEFFDEFFDEFFDEFFDEFF9DF78D7B95
:101190008C7B6D7B8C7B6C7BF2A4DEFFDEFFDEFF45
:1011A000DEFFDEFFDEFFDEFFDEFFDEFFDEFFDEFF57
:1011B000DEFFDEFF7CF7CE836C7B8D7B8C7B6C7BD4
:1011C0008D7B75B5DDFFDEFFDEFFDEFFDEFFDEFFC0
:1011D000DEFFDEFFDEFFDEFFDEFFDEFFDEFFDEFF27
:1011E00095BD8C7B8D7B6D7B8D7B8D7B919CDEFF9C
:1011F000DEFFDEFFDEFFDEFF3BE78D7B6D7B8C7B62
:101200006D738D7BCE839DF7DEFF3BEF8D7B6D7B1A
:101210008C7B8D7B6D7B8C7B8D736C7B6D7B8D7301
:101220006C7B6D7B8C7B6D7B6C7B8D7B6C7B6D7B42
:101230008D7B6D7B33ADDEFFBDFF50948D7B6D7B71
:101240008C7B6C7BEE83BDFFDEFFDEFFDEFFDEFF0F
:10125000DEFFDEFF7CF78D7B6D7B8D7B8D7B6D7B79
:10126000B19CDEFFDEFFDEFFDDFFDEFFDEFFDEFF27
:10127000DEFFDEFFDEFFDEFFDEFFDEFF74B58D7B0F
:101280006D7B6D7B8D7B6C7BD2A4DEFFDEFFDEFF92
:10129000DEFFDEFFDEFFDEFFDEFFDEFFDDFFDEFF67
:1012A000DEFFDEFFDEFFDEFFDAE68D7B6C7B6C7B34
:1012B0008D7B6D7BAD7B3BEFDEFFDDFFDEFFDEFF79
:1012C000B5BD6D7B8C7B8D7B6C7B6C7B13A5DEFF52
:1012D000DEFF1BEF8D7B8D7B6C7B8D7B6D7B6C7B59
:1012E0008D7B8C7B8D7B8D7B8C7B6D7B8D7B8C7BE1
:1012F0006D7B8D7B8C7B6C7B6D7B6C7B33ADDEFF84
:10130000BEFF919C8D7B8C7B6D7B8D7B8D7BFBE60B
:10131000DEFFDEFFDEFFDEFFDEFFDEFF37CE8C7B93
:101320006D7B8C7B6D7B8D7B33ADDEFFDEFFDEFF67
:10133000DEFFDEFFDEFFDEFFDDFFDEFFDEFFDDFFC7
:10134000DEFF9CF7EE836D7B8C7B8C7B6D7B8D7BD6
:10135000B5BD78D678D678D678D678D678D678D6F9
:1013600078D678D678D6B9DEDEFFDDFFDEFFDEFF89
:10137000BDFF2F8C8D7B8D7B6C7B6C7B8D7B919CE3
:101380009DF7DEFFDEFFFAE6AE838C7B6D7B8D7B07
:101390006D7B8D7BDAE6DEFFDEFFBDFF1BE71BE723
:1013A0001BE71BE71BE71BE71BE71BE7FBE61BE74E
:1013B0001BE778D68D7B6D738C7B6D7B8D73D6BD73
:1013C0001BE71BE75CEFDEFFDEFFB5BD6C7B6D7BD3
:1013D0008D7B8D7B6D7B70949DF7DEFFDEFFDDFFE7
:1013E000DEFF3BEFEE8B8D7B8D7B6C7B6C7B8D7B97
:1013F00058CEDEFFDEFFDEFFDEFFDEFFDEFFDEFFBC
:10140000DEFFDEFFDEFFDEFFDEFFFAE68D7B6D7BBB
:101410006C7B8D7B6D736C7B8D7B6D7B8D7B8D7B16
:101420008D7B8D7B8D7B8D7B8D7B8D7B6D7B2F8CE9
:10143000BDFFDEFFDEFFDEFFDEFF17C68D7B6D7BAF
:101440008C738D7B6D7B8C7B0F8C74B533ADAD7BDA
:101450008D7B6D7B6C7B8D7B8C7BB19CDEFFDEFF9F
:10146000DEFFDEFFDEFFDEFFDEFFDEFFDDFFDEFF95
:10147000DEFFDEFFDEFFDEFFDEFF1BE78D7B6C7B2A
:101480006D7B8D7B6C7B58CEDEFFDEFFDEFFDEFFEB
:10149000DEFF3BEFAD7B6D7B8C7B6C7B8D7B8C7B38
:1014A0000F8C17CEFAE6FAE6D6BDCE838D7B6D7B28
:1014B0008D7B6D7B8C7BEF839DF7DEFFDEFFDDFF99
:1014C000DEFFDEFFDEFFDEFFDEFFDEFFDEFFDEFF34
:1014D000DEFF58D66C7B8D7B6D7B8C7B8D7B6D7B33
:1014E0006C7B8D7B6D7B6C7B6D7B6D7B6C7B8C7B80
:1014F0006D7B6D7B8C7B0F8CBEFFDEFFDEFFDEFF26
:10150000DEFFBDFF50946C7B8D7B6D7B6C7B8D7B98
:101510006D7B8D7B6D7B8D7B8C7B6D7B8D7B6C7B0D
:10152000AD7B3BEFDEFFDEFFDEFFDEFFDEFFDDFF3C
:10153000DEFFDEFFDEFFDEFFDEFFDDFFDEFFDEFFC4
:10154000DEFF1BEF8D7B8C7B8D7B6D7B8C7B58D680
:10155000DEFFDEFFDEFFDEFFDEFFDEFFD6C58D7BBA
:101560006D7B6C7B8D7B6D7B8C7B6D7B6C7B8D7BDE
:101570006D7B8C7B6D7B6C7B8C7B8D7B8D7B58CE70
:10158000DEFFDEFFDEFFDEFFDEFFDEFFDEFFDEFF73
:10159000DDFFDEFFDEFFDDFFDEFF17C66C7B8D7B30
:1015A0008D7B6C7B8D7B8D7B6C7B8C7B8D7B6C7B5F
:1015B0008C7B8D7B6D7B6C7B8D7B6C7B8D7B2F8C9B
:1015C000BDFFDEFFDEFFDEFFDEFFDEFF3BEF0F8C49
:1015D0008D7B6C7B8D7B6C7B8D7B6C7B6D7B8C7B4F
:1015E0006D7B8C7B8D7BAE7B99D6DEFFDEFFDEFFD5
:1015F000DDFFDEFFDEFFDEFFDEFFDEFFDEFFDEFF04
:10160000DEFFDEFFDEFFDDFFDEFF1BE78D7B8C7B79
:101610006D7B6D7B8C7B58CEDEFFDEFFDEFFDEFF59
:10162000DEFFDEFFBDFF54B58D7B8D7B6C7B6D7B5C
:101630008D7B8C7B6D7B6D7B8C7B6D7B8D7B6C7BED
:101640006D73AD7BD6BDDEFFDEFFDDFFDEFFDEFFAF
:10165000DEFFDEFFDEFFDEFFDEFFDEFFDEFFDEFFA2
:10166000DEFFF6C56D7B8C7B6D736C7B6D7B8D7344
:101670006C7B6D7B8D738D7B6C7B8D7B8D7B6D7BB4
:101680008C7B8D7B6D7B0F8CBDFFDEFFDEFFDEFF75
:10169000DEFFDEFFDEFF5CEF70948D7B8D7B6C7B6D
:1016A0008D7B8D7B6C7B6D7B8D7B8D7B2F8CDAE6D0
:1016B000DEFFDEFFDEFFDEFFDEFFDEFFDEFFDEFF42
:1016C000DEFFDDFFDEFFDEFFDDFFDEFFDEFFDEFF34
:1016D000DEFF1BEF8D7B6C7B8D7B6D7B8C7B58CE17
:1016E000DEFFDEFFDDFFDEFFDEFFDEFFDEFFDEFF13
:1016F00058CEEE838D7B6C7B8D738D7B6C7B8D7B6D
:101700008C7B6D7B8D7B8D7B0F8C99DEDEFFDEFF0E
:10171000DEFFDEFFDEFFDEFFDDFFDEFFDEFFDEFFE2
:10172000DEFFDEFFDEFFDEFFDEFF78D6B19CB29C7F
:10173000B19CB19CB19CB29CB19CB19CB29CB19C3F
:10174000B19CB19CB19CB19CB29CB19CB19C33AD9D
:10175000DEFFDEFFDEFFDEFFDDFFDEFFDEFFDEFFA2
:10176000BDFF99D6F2A40F8C8D7B8D7B8D7BCE83B4
:10177000B19C58CEBDFFDEFFDEFFDEFFDEFFDEFFE9
:10178000DEFFDEFFDDFFDEFFDEFFDEFFDEFFDEFF72
:10179000DEFFDEFFDEFFDEFFDEFF5CEFB1A4B19C0B
:1017A000B29CB19CB19CB9DEDEFFDEFFDEFFDEFF46
:1017B000DEFFDEFFDEFFDEFFDEFF9DF778D6D2A480
:1017C0000F8CAD7B6D7B6C7BAD7B2F8CF3A499D69E
:1017D000BDFFDEFFDEFFDEFFDEFFDEFFDEFFDEFF42
:1017E000DEFFDEFFDEFFDEFFDDFFDEFFDEFFDEFF12
:1017F000DEFFDEFFDEFFDEFFDEFFDEFFDEFFDEFF01
:10180000DEFFDEFFDEFFDEFFDEFFDEFFDEFFDEFFF0
:10181000DEFFDEFFDEFFDEFFDEFFDEFFDEFFDEFFE0
:10182000DEFFDEFFDEFFDEFFDEFFDEFFDEFFBEFFF0
:10183000BDFFBDF7BDFFBDFFDEFFDEFFDEFFDEFF4C
:10184000DEFFDEFFDEFFDDFFDEFFDEFFDEFFDEFFB1
:10185000DEFFDEFFDEFFDEFFDEFFDEFFDEFFDDFFA1
:10186000DEFFDEFFDEFFDEFFDEFFDEFFDEFFDEFF90
:10187000DEFFDEFFDEFFDEFFDDFFDEFFDEFFDEFF81
:10188000DEFFDEFFDEFFDEFFDEFFBDFFBDFFBEF7DA
:10189000BEFFDDFFDEFFDEFFDEFFDEFFDEFFDDFF82
:1018A000DEFFDEFFDDFFDEFFDEFFDEFFDEFFDEFF51
:1018B000DEFFDEFFDEFFDDFFDEFFDEFFDEFFDEFF41
:1018C000DEFFDEFFDEFFDEFFDEFFDEFFDEFFDEFF30
:1018D000DEFFDEFFDEFFDEFFDEFFDEFFDEFFDEFF20
:1018E000DEFFDEFFDEFFDEFFDEFFDEFFDEFFDEFF10
:1018F000DEFFDEFFDEFFDEFFDEFFDEFFDEFFDEFF00
:10190000DEFFDEFFDEFFDEFFDEFFDEFFDEFFDEFFEF
:10191000DEFFDEFFDEFFDEFFDDFFDEFFDEFFDDFFE1
:10192000DEFFDEFFDEFFDEFFDEFFDEFFDEFFDEFFCF
:10193000DEFFDEFFDEFFDEFFDEFFDEFFDEFFDEFFBF
:10194000DEFFDEFFDEFFDDFFDEFFDEFFDEFFDEFFB0
:10195000DEFFDEFFDEFFDEFFDEFFDEFFDEFFDEFF9F
:10196000DEFFDEFFDEFFDEFFDEFFDEFFDEFFDEFF8F
:10197000DEFFDEFFDEFFDEFFDEFFDEFFDEFFDEFF7F
:10198000DEFFDEFFDEFFDEFFDEFFDEFFDEFFDEFF6F
:10199000DEFFDEFFDEFFDEFFDEFFDEFFDEFFDEFF5F
:1019A000DEFFDEFFDEFFDEFFDEFFDEFFDDFFDEFF50
:1019B000DEFFDDFFDEFFDEFFDEFFDEFFDEFFDEFF40
:1019C000DEFFDEFFDEFFDEFFDEFFDEFFDEFFDEFF2F
:1019D000DDFFDEFFDEFFDEFFDEFFDDFFDEFFDEFF21
:1019E000DEFFDEFFDEFFDEFFDEFFDEFFDDFFDEFF10
:1019F000DEFFDEFFDEFFDEFFDEFFDEFFDEFFDEFFFF
:101A0000DEFFDEFFDEFFDEFFDEFFDEFFDEFFDEFFEE
:101A1000DEFFDEFFDEFFDEFFDEFFDEFFDEFFDEFFDE
:101A2000DEFFDEFFDEFFDEFFDEFFDEFFDEFFDEFFCE
:101A3000DEFFDEFFDEFFDEFFDDFFDEFFDEFFDEFFBF
:101A4000DDFFDEFFDEFFDEFFDEFFDEFFDEFFDEFFAF
:101A5000DEFFDEFFDEFFDEFFDEFFDEFFDEFFDEFF9E
:101A6000DEFFDEFFDEFFDEFFDEFFDEFFDEFFDEFF8E
:101A7000DEFFDEFFDEFFDEFFDEFFDEFFDEFFDEFF7E
:101A8000DDFFDEFFDEFFDEFFDEFFDEFFDEFFDEFF6F
:101A9000DEFFDEFFDEFFDEFFDEFFDEFFDDFFDEFF5F
:101AA000DEFFDEFFDEFFDEFFDEFFDEFFDEFFDEFF4E
:101AB000DEFFDEFFDEFFDEFFDEFFDDFFDEFFDEFF3F
:101AC000DEFFDEFFDEFFDEFFDDFFDEFFDEFFDDFF30
:101AD000DEFFDEFFDDFFDEFFDEFFDDFFDEFFDEFF20
:101AE000DDFFDEFFDEFFDEFFDEFFDEFFDEFFDDFF10
:101AF000DEFFDEFFDDFFDEFFDEFFDDFFDEFFDEFF00
:101B0000DEFFDEFF1BEF53BD12B512B512B512B5E5
:101B100012B512B512B512B512B512B512B512B58D
:101B200012B512B512B512B512B512B512B512B57D
:101B300012B512B512B512B512B512B512B512B56D
:101B400012B512B512B512B512B512B512B512B55D
:101B500012B512B512B512B512B512B512B512B54D
:101B600012B512B512B512B512B512B512B5F6CD41
:101B70009DFF53BDCD93CC93CC93CD93CC8BCC9385
:101B8000CC93CC93CC93CC93CC93CC8BCC93CC9365
:101B9000CC93CC93CC93CC93CC8BCC93CC93CC9355
:101BA000CC93CC93CC93CC8BCC93CC93CC93CC9345
:101BB000CC93CC93CC8BCC93CC93CC93CC93CC9335
:101BC000CC93CC8BCC93CC93CC93CC93CC93CC9325
:101BD000CC8BCC93CC93CC93CC93CD930E94D9E671
:101BE00012B5CD8BED93ED93ED93CD93ED93ED93F6
:101BF000CD93ED8BED93CD93ED93ED93CD93ED934D
:101C0000ED8BCD93ED93ED93CD93ED93ED93CD8B44
:101C1000ED93ED93CD93ED93ED93CD93ED8BED930C
:101C2000CD93ED93ED93CD93ED93ED8BCD93ED931C
:101C3000ED93CD93ED93ED93CD8BED93ED93CD930C
:101C4000ED93ED93CD93ED93ED93ED9398DE12B577
:101C5000CC93ED93CD93CD93ED93CD93ED93CD9325
:101C6000ED93CD93CD93ED93CD93ED93CD93ED93F4
:101C7000CD93ED93CD93CD93ED93CD93ED93CD9304
:101C8000ED93CD93ED93CD93CD93ED93CD93ED93D4
:101C9000CD93ED93CD93ED93CD93CD93ED93CD93E4
:101CA000ED93CD93ED93CD93ED93CD93CD93ED93B4
:101CB000CD8BED93CD93CD93ED9398DE12B5CC9370
:101CC000ED93CD8BEC93EC93CD8BCD93EC93CD93A7
:101CD000ED93ED8BCD93EC93CD8BCD93ED93CD9395
:101CE000EC8BED93CD93ED8BCD93CC93ED93CD8B8E
:101CF000ED93CD93EC8BED93CD93ED93CD8BCC9376
:101D0000ED93CD8BED93ED93CC93ED8BCD93CD9364
:101D1000ED8BCC93ED93CD93ED8BED93CC93ED9335
:101D2000CD93EC93ED93ED9398DE12B5CC93ED93B8
:101D3000ED93CD93ED93CD93EC93ED8BCD93CC932D
:101D4000ED93CD93ED93EC93CD93ED93CC93CD9315
:101D5000ED93EC93CD93ED93ED93CC93ED93CD93E5
:101D6000CC93ED93CD93EC93ED93CD93ED93EC93D6
:101D7000CD93CD93EC93ED93CD93EC93ED93CD93E5
:101D8000ED93CC93CD93ED93CC93ED93CD93CD8BFD
:101D9000ED93ED93ED9398DE12B5CD93ED93CC9347
:101DA000CD93ED93CD93CC8BCC93CC93ED93CC8B07
:101DB000CC93CD93ED93ED93CC8BED93CD93CD93CD
:101DC000EC93CD93CD8BED93CC93ED93ED93CC8BA6
:101DD000CC93CC8BCC8BCD93CD93ED93CD93EC93D7
:101DE000CD8BCD93ED93CD93CC93ED93CD93ED8BA4
:101DF000EC93CD93ED93CD93ED93EC93CD93CD9365
:101E0000CD93ED9398DE12B5CC93ED93CD8BEC93FF
:101E1000ED93CC8B8FA412B54EA4CD93B1A4D0ACCE
:101E2000CD93CD93EC93CD93ED93ED93CD8BED933B
:101E3000EC93CD93ED93CD93CD8BCC932E9412B5A3
:101E400054BD12B50D94CC93ED93CD8BED93EC93E3
:101E5000CD93ED93EC8BCD93ED93CC93CD93ED930C
:101E6000EC93CD8BCD93EC93ED8BCC93ED93ED93E5
:101E7000ED9398DE12B5CC93ED93CD93CD93ED9386
:101E8000CC9396B5BEFF57DE0D9459C677E6ED9319
:101E9000ED930E94ED93ED930D94CD930D94ED93FE
:101EA000ED930D94ED93CC934F9C9AD65DEFDAE6CB
:101EB000D9E64EA4ED932E940D94CD93ED930D940D
:101EC0000D940D94ED930D94ED93CC8BED932E9496
:101ED000ED93CD93ED93CD93CD93EC93ED93ED9363
:101EE00098DE12B5CD93ED93ED93CD93CD93CC9336
:101EF00096B59EF77CF752C559C677E64F9C17C634
:101F000099DE17D673BD98DEB1AC9AD6F4D595BDDF
:101F100017D6ED93CC93D7BD7DF712B5B1AC12B502
:101F20004EA495BD57DE98DED0AC96B5B9E699DEE5
:101F300098DE17D6FBE652BD2E9C18C699DE57DEFA
:101F40004EA4CC93ED93CD93CD93ED93ED9398DE8A
:101F500012B5CC93ED93EC8BCD93ED93CC8B95B5E3
:101F60003BF717D63BEFDBD677E695BD7DF757DE1F
:101F70005CEFF6CD1BEFF6CD7DF7D9E69AD6D5D539
:101F8000CC93ED9359BEF9EED0ACDBDE7DF752C5B4
:101F900054BD17D67CF7F5D517C67DF7F6CD9EFF55
:101FA00057DEDBDEB8EE95B57DF757DE5CEF52BD50
:101FB000CC93ED93ED8BCC93CD93ED9398DE12B54E
:101FC000CC93ED93CD93EC93ED93CC9396B53BF7F7
:101FD00090A49AD6BEFF77EED7BDBEF7F6CDF6CD6C
:101FE000D0AC9AD65CEF99DE1BEF5CEFF0BCCD93E2
:101FF000CC93D7BD7DF752C512B55CEFF6CDFBE6AD
:1020000057DE5CEFD5D517C6F9F690AC5CEF52BD44
:10201000D7BDB8EEB7BD9DF717D6F6CDD0ACCD93F2
:10202000CD93ED93ED93ED93ED9398DE12B5CC93B4
:10203000ED93CD93CD93ED93CC9395B51BEF4EA43B
:10204000B1AC5DEF77E6B1ACFBE63BF7B8EE4EA482
:10205000D7BD7DF752C5DBDEF9EE4EA4CD93CC9310
:102060004F9C9AD65CEF1BEF3BEF74BDFBE61BEF7A
:102070005DEFD4D518C6B8EE90A41BEF52C5D7BDFE
:10208000B8E6B1ACFBE63BF7D9E64EA4CC93CD93D2
:10209000CD93EC93CD93ED9398DE12B5CD93ED8B6C
:1020A000CD93CD93ED8BCD934F9C90ACED93ED9371
:1020B0008FA490A4CD934F9CB1A48FA4CD932E9CBC
:1020C00090AC0D944F9C6FA4ED93ED93CD93CD9375
:1020D0002E9490ACB1AC8FA4ED934F9C90A48FA4A0
:1020E0004EA44F9C6FA40D9490AC2E9C4F9C90A43A
:1020F000ED934F9CB1AC90A4ED93ED93ED93CC8B0D
:10210000ED93ED93ED9398DE12B5CC93ED93EC93B4
:10211000EC93CD93ED93CC93CD93ED93ED93CC9342
:10212000CD93ED93CD93CD93CD93ED93CC93CD9370
:10213000CD93CD93CD93ED93CD93ED93ED93CD933F
:10214000CD93CD93CD93ED93CD93CD93CC93CD9370
:10215000CD93CC93ED93CD93CD93CD93CC93ED9341
:10216000CD93CD93CC93CD93ED93ED93CD93CD9330
:10217000ED93ED9398DE12B5CC93ED93CD93CD9383
:10218000ED93ED93CD93ED93CD93CD93ED93CD93CF
:10219000ED93ED93CD93ED93CD93ED93CD93ED939F
:1021A000ED93CD93CC93ED8BCC93ED93ED93CC93BA
:1021B000ED93ED93CD93ED93ED93ED93ED93ED933F
:1021C000ED93CD93ED93CD93ED93ED93CD93ED936F
:1021D000ED93CD93ED93CD93CC93ED93CD93ED9380
:1021E000ED9398DE12B5CC93ED93CD8BCD93EC931C
:1021F000CD8BED93EC93CD8BED93CC93CD93EC9372
:10220000CC8BED93CC93ED8BCD93EC93CD8BEC936A
:10221000ED93CD93ED93CD93CC93ED8BCD93EC9348
:10222000CD8BCC93EC93CD93CD93EC93CD93CD9379
:10223000ED93CC8BED93CD93CC8BED93CD93EC8B39
:10224000ED93CD93EC8BED93CD93EC8BCD93ED9300
:1022500098DE54BDCC8BCC93CC93CC8BCC93CC93CD
:10226000CC8BCC93CC93CC8BCD8BCC93CC93CD8B94
:10227000CC93CC93CC8BCC93CC93CC8BCD93CC8B7D
:10228000CC93CC93CC8BCC93CD93CC8BCC93CD9364
:10229000CC8BCC93CD8BCC8BCC93CC8BCC93CC9365
:1022A000CC8BCC93CC93CC8BCC93CC93CC8BCC934E
:1022B000CC93CC8BCD93CC93CC8BCC932E9CB9E68A
:1022C0001BEF74BD12B512B512B512B512B512B529
:1022D00012B512B512B512B512B512B512B512B5C6
:1022E00012B512B512B512B512B512B512B512B5B6
:1022F00012B512B512B512B512B512B512B512B5A6
:1023000012B512B512B512B512B512B512B512B595
:1023100012B512B512B512B512B512B512B512B585
:1023200012B512B512B512B512B5F6CDBEF7000052
:1023300016CE74BD74BD74BD74BD74BD74BD74BD62
:1023400074BD74BD74BD74BD74BD74BD74BD74BD05
:1023500074BD74BD74BD74BD74BD74BD74BD74BDF5
:1023600074BD74BD74BD74BD74BD74BD74BD74BDE5
:1023700074BD74BD74BD74BD74BD74BD74BD74BDD5
:1023800074BD74BD74BD74BD74BD74BD74BD74BDC5
:1023900074BD74BD74BD74BD74BD74BD74BD74BDB5
:1023A00074BD74BD74BD74BD74BD74BD74BD74BDA5
:1023B00074BD74BD74BD74BD74BD74BD74BD74BD95
:1023C00074BD74BD74BD74BD74BD74BD74BD74BD85
:1023D00074BD74BD74BD74BD74BD74BD74BD74BD75
:1023E00074BD74BD74BD74BD74BD74BD74BD74BD65
:1023F00074BD74BD74BD74BD74BD74BD74BD74BD55
:1024000074BD74BD74BD74BD74BD74BD74BD74BD44
:1024100074BD74BD74BD74BD74BD74BD74BD74BD34
:1024200074BD74BD74BD74BD74BD74BD74BD74BD24
:1024300074BD74BD74BD74BD74BD74BD74BD74BD14
:1024400074BD74BD74BD74BD74BD74BD74BD74BD04
:1024500074BD74BD74BD74BD74BD74BD74BD74BDF4
:1024600074BD74BD74BD74BD74BD74BD74BD74BDE4
:1024700074BD74BD74BD74BD74BD74BD74BD74BDD4
:1024800074BD74BD74BD74BD74BD74BD74BD74BDC4
:1024900074BD74BD74BD74BD74BD74BD74BD74BDB4
:1024A00074BD74BD74BD74BD74BD74BD74BD74BDA4
:1024B00074BD74BD74BD74BD74BD74BD74BD17D6D8
:1024C00074C574BD74C574C574BD74C574C574BD5C
:1024D00074C574C574BD74C574C574BD74C574C544
:1024E00074BD74C574C574BD74C574C574BD74C53C
:1024F00074C574BD74C574C574BD74C574C574BD2C
:1025000074C574C574BD74C574C574BD74C574C513
:1025100074BD74C574C574BD74C574C574BD74C50B
:1025200074C574BD74C574C574BD74C574C574BDFB
:1025300074C574C574BD74C574C574BD74C574C5E3
:1025400074BD74C574C574BD74C574C574BD74C5DB
:1025500074C574BD74C574C574BD74C574C574BDCB
:1025600074C574C574BD74C574C574BD74C574C5B3
:1025700074BD74C574C574BD74C574C574BD74C5AB
:1025800074C574BD74C574C574BD74C574C574BD9B
:1025900074C574C574BD74C574C574BD74C574C583
:1025A00074BD74C574C574BD74C574C574BD74C57B
:1025B00074C574BD74C574C574BD74C574C574BD6B
:1025C00074C574C574BD74C574C574BD74C574C553
:1025D00074BD74C574C574BD74C574C574BD74C54B
:1025E00074C574BD74C574C574BD74C574C574BD3B
:1025F00074C574C574BD74C574C574BD74C574C523
:1026000074BD74C574C574BD74C574C574BD74C51A
:1026100074C574BD74C574C574BD74C574C574BD0A
:1026200074C574C574BD74C574C574BD74C574C5F2
:1026300074BD74C574C574BD74C574C574BD74C5EA
:1026400074C574BD74C574C574BD74C574BD94BDC2
:1026500074BD74BD94C574BD94BD74C594BD74BD82
:1026600094C574BD94BD74C594BD74BD94C574BD4A
:1026700094BD74C594BD74BD94C574BD94BD74C53A
:1026800094BD74BD94C574BD94BD74C594BD74BD32
:1026900094C574BD94BD74C594BD74BD94C574BD1A
:1026A00094BD74C594BD74BD94C574BD94BD74C50A
:1026B00094BD74BD94C574BD94BD74C594BD74BD02
:1026C00094C574BD94BD74C594BD74BD94C574BDEA
:1026D00094BD74C594BD74BD94C574BD94BD74C5DA
:1026E00094BD74BD94C574BD94BD74C594BD74BDD2
:1026F00094C574BD94BD74C594BD74BD94C574BDBA
:1027000094BD74C594BD74BD94C574BD94BD74C5A9
:1027100094BD74BD94C574BD94BD74C594BD74BDA1
:1027200094C574BD94BD74C594BD74BD94C574BD89
:1027300094BD74C594BD74BD94C574BD94BD74C579
:1027400094BD74BD94C574BD94BD74C594BD74BD71
:1027500094C574BD94BD74C594BD74BD94C574BD59
:1027600094BD74C594BD74BD94C574BD94BD74C549
:1027700094BD74BD94C574BD94BD74C594BD74BD41
:1027800094C574BD94BD74C594BD74BD94C574BD29
:1027900094BD74C594BD74BD94C574BD94BD74C519
:1027A00094BD74BD94C574BD94BD74C594BD74BD11
:1027B00094C574BD94BD74C594BD74BD94C574BDF9
:1027C00094BD74C594BD74BD94C574BD94BD74C5E9
:1027D00094BD74BD94C574BD94BD74C574C574BDF9
:1027E00074BD74BD74C574BD74BD94BD74C574BD31
:1027F00074BD94BD74C574BD74BD94C574BD74BD01
:1028000074C594BD74BD74C574BD94BD74C574BDE8
:1028100074BD94C574BD74BD74C594BD74BD74C5D8
:1028200074BD94BD74C574BD74BD94C574BD74BDD0
:1028300074C594BD74BD74C574BD94BD74C574BDB8
:1028400074BD94C574BD74BD74C594BD74BD74C5A8
:1028500074BD94BD74C574BD74BD94C574BD74BDA0
:1028600074C594BD74BD74C574BD94BD74C574BD88
:1028700074BD94C574BD74BD74C594BD74BD74C578
:1028800074BD94BD74C574BD74BD94C574BD74BD70
:1028900074C594BD74BD74C574BD94BD74C574BD58
:1028A00074BD94C574BD74BD74C594BD74BD74C548
:1028B00074BD94BD74C574BD74BD94C574BD74BD40
:1028C00074C594BD74BD74C574BD94BD74C574BD28
:1028D00074BD94C574BD74BD74C594BD74BD74C518
:1028E00074BD94BD74C574BD74BD94C574BD74BD10
:1028F00074C594BD74BD74C574BD94BD74C574BDF8
:1029000074BD94C574BD74BD74C594BD74BD74C5E7
:1029100074BD94BD74C574BD74BD94C574BD74BDDF
:1029200074C594BD74BD74C574BD94BD74C574BDC7
:1029300074BD94C574BD74BD74C594BD74BD74C5B7
:1029400074BD94BD74C574BD74BD94C574BD74BDAF
:1029500074C594BD74BD74C574BD94BD74C574BD97
:1029600074BD94C574BD74BD74BD94BD74BD74C58F
:1029700074BD94C574BD74C574BD94C5F6CDF6CD53
:10298000F6CDF6CDF6CDF6CDF6CDF6CDF6CDF6CD2F
:10299000F6CDF6CDF6CDF6CDF6CDF6CDF6CDF6CD1F
:1029A000F6CDF6CDF6CDF6CDF6CDF6CDF6CDF6CD0F
:1029B000F6CDF6CDF6CDF6CDF6CDF6CDF6CDF6CDFF
:1029C000F6CDF6CDF6CDF6CDF6CDF6CDF6CDF6CDEF
:1029D000B5C574C574BD74BD74C574BDB5C5F6CD3B
:1029E000F6CDF6CDF6CDF6CDF6CDF6CDF6CDF6CDCF
:1029F000F6CDF6CDF6CDF6CDF6CDF6CDF6CDF6CDBF
:102A0000F6CDF6CDF6CDF6CDF6CDF6CDF6CDF6CDAE
:102A1000F6CDF6CDF6CDF6CDF6CDF6CDF6CDF6CD9E
:102A2000F6CDF6CDF6CDF6CDF6CDF6CDF6CDF6CD8E
:102A3000F6CD94C574BD74BD74C574BD74BDD5CDDB
:102A4000F6CDF6CDF6CDF6CDF6CDF6CDF6CDF6CD6E
:102A5000F6CDF6CDF6CDF6CDF6CDF6CDF6CDF6CD5E
:102A6000F6CDF6CDF6CDF6CDF6CDF6CDF6CDF6CD4E
:102A7000F6CDF6CDF6CDF6CDF6CDF6CDF6CDF6CD3E
:102A8000F6CDF6CDF6CDF6CDF6CDF6CDF6CDF6CD2E
:102A9000F6CDB5C574C574BD74BD74C574BDB5C57A
:102AA000F6CDF6CDF6CDF6CDF6CDF6CDF6CDF6CD0E
:102AB000F6CDF6CDF6CDF6CDF6CDF6CDF6CDF6CDFE
:102AC000F6CDF6CDF6CDF6CDF6CDF6CDF6CDF6CDEE
:102AD000F6CDF6CDF6CDF6CDF6CDF6CDF6CDF6CDDE
:102AE000F6CDF6CDF6CDF6CDF6CDF6CDF6CDF6CDCE
:102AF000F6CDF6CD94C574C574C574BD94BD74BDD2
:102B000074BD74BD94C574BD94C5F6CD16D637D6C4
:102B100016D616D637D636D616D617D636D636D6D3
:102B200017D616D636D637D616D616D637D636D6C2
:102B300016D617D636D636D617D616D636D637D6B2
:102B400016D616D637D636D616D617D636D636D6A3
:102B500017D616D636D637D616D616D637D616D6B2
:102B6000F6CD74BD74BD94C574BD74C516D636D685
:102B700017D616D636D637D616D616D637D636D672
:102B800016D617D636D636D617D616D636D637D662
:102B900016D616D637D636D616D617D636D636D653
:102BA00017D616D636D637D616D616D637D636D642
:102BB00016D617D636D636D617D616D636D617D652
:102BC00016D6D5C574BD74C594BD74C594C537D625
:102BD00016D617D636D636D617D616D636D637D612
:102BE00016D616D637D636D616D617D636D636D603
:102BF00017D616D636D637D616D616D637D636D6F2
:102C000016D617D636D636D617D616D636D637D6E1
:102C100016D616D637D636D616D617D636D636D6D2
:102C200017D616CE74BD94C574BD74BD94C5F6CDCB
:102C300016D616D637D616D636D617D636D636D6B2
:102C400017D616D636D637D616D616D637D636D6A1
:102C500016D617D636D636D617D616D636D637D691
:102C600016D616D637D636D616D617D636D636D682
:102C700017D616D636D637D616D616D637D636D671
:102C800016D617D6F6CD74BD74BD94C574C574BD83
:102C900074BD74C574BD74BD74BDF6CD17D616D69B
:102CA00037CE17D616D617CE17D616D617CE17D6B6
:102CB00036D617CE17D616D617CE17D616D617CEA7
:102CC00037D616D617CE17D616D617CE17D616D68F
:102CD00037CE17D616D617CE17D616D617CE17D686
:102CE00036D617CE17D616D617CE37D616D616CE58
:102CF000F6CD74C574BD94BD74BD74BD37D616D6FB
:102D000017CE17D616D617CE37D616D617CE17D655
:102D100016D617CE17D616D637CE17D616D617CE46
:102D200017D616D617CE17D636D617CE17D616D62E
:102D300017CE17D616D617CE37D616D617CE17D625
:102D400016D617CE17D616D617CE37D616D617CE16
:102D500017D6D5CD74BD74BD94C574BD94C517D6B2
:102D600017CE16D617D617CE16D637D617CE16D6F6
:102D700017D617CE16D617D637CE16D617D617CEE5
:102D800016D617D617CE16D637D617CE16D617D6CE
:102D900017CE16D617D617CE36D617D617CE16D6C6
:102DA00017D617CE16D617D637CE16D617D617CEB5
:102DB00016D616CE74BD74C594BD74BD74C516CE3A
:102DC00017D616D617CE37D616D617CE17D616D68E
:102DD00017CE17D616D617CE37D616D617CE17D685
:102DE00016D617CE17D616D637CE17D616D617CE76
:102DF00017D616D617CE17D636D617CE17D616D65E
:102E000017CE17D616D617CE37D616D617CE17D654
:102E100016D636CEF6CD74BD74BD74C574BD74BD02
:102E200074BD74C594BD74BD74C5F6CD16CE16D6EA
:102E300017CE16D616D637CE16D636CE17CE16D60F
:102E400016CE17CE16D636CE17CE36D616CE17CE0F
:102E500016D616CE17CE36D616CE37CE16D616CEF8
:102E600017CE16D616CE37CE16D636CE17CE16D6E7
:102E700016CE17CE16D616CE37CE17D616D617CEF6
:102E8000F6CD94C574BD74C574C594BD16D617CE61
:102E900036CE17D616CE16CE17D616CE16CE37D6B7
:102EA00016CE36CE17D616CE16CE17D616CE36CEB0
:102EB00017D636CE16CE17D616CE16CE17D636CE97
:102EC00016CE37D616CE16CE17D616CE16CE37D687
:102ED00016CE36CE17D616CE36CE17D616CE36D658
:102EE00017D6D5C574BD74C574BD74BD94C537CE31
:102EF00016CE36D617CE16CE36D617CE16CE16D658
:102F000037CE16CE16D617CE16CE16D617CE36CE4E
:102F100016D637CE16CE16D617CE16CE16D637CE36
:102F200016CE36D617CE16CE16D617CE16CE36D627
:102F300017CE36CE16D617CE16CE16D617CE17D635
:102F400016D616CE74C574BD74C574BD74BD16CEC8
:102F500017D616CE16D617CE16D616CE17CE36D60E
:102F600016CE37D616CE16CE17D616CE16CE37D6E6
:102F700016CE36CE17D616CE16CE17D616CE36CEDF
:102F800017D636CE16CE17D616CE16CE17D636CEC6
:102F900016CE37D616CE16CE17D616CE16CE17D6D6
:102FA00017CE16D6F6CD74BD74BD94C574BD74BD70
:102FB00074BD74BD94C574BD74BDF6CD16D637D638
:102FC00017CE16D637CE17D616D617D637D616D66C
:102FD00017D637D616D617D637D616D617D637D62B
:102FE00016D617D637D616D617D637D616D617D63C
:102FF00037D616D617D637D616D617D637D616D60C
:1030000017D637D636D617D616D616CE37D616D604
:10301000F6CD74BD74BD74C594BD74BD17D616D6F7
:1030200036D617D637D636D617D617D636D617D6BB
:1030300017D636D617D617D636D617D617D636D6CB
:1030400017D617D636D617D617D636D617D617D6DA
:1030500036D617D617D636D617D617D636D617D6AB
:1030600017D636D617D617D616D617D617CE16D6E3
:1030700036D6D5C574BD94C574BD74BD94C517D678
:1030800016D637D617D616D617D617D616D637D69B
:1030900017D636D617D637D616D617D637D616D66B
:1030A00017D637D616D617D637D616D617D637D65A
:1030B00016D617D637D616D617D637D616D617D66B
:1030C00037D616D617D637D616D637D636CE16D624
:1030D00037D616CE74BD94C574BD74C594BD16CED6
:1030E00016D637D617CE36D617D637D616D617D623
:1030F00037D616CE17D637D616D617D637D616D613
:1031000017D637D616D617D637D616D617D637D6F9
:1031100016D617D637D616D617D637D616D617D60A
:1031200037D616D617D637D616D637D636D617D6BA
:1031300016CE17D6F6CD74BD74C594BD74C574BDD6
:1031400074BD74C574C574BD94BDF6CD16D617CEC6
:1031500036D616D617CE16D616CE17CE36D616CEED
:1031600017CE36D616CE17D616CE16CE17D636CEE4
:1031700016CE17D636CE16CE17D616CE16CE37D6D4
:1031800016CE16CE17D616CE16CE17D616CE36CEED
:1031900017D616CE17CE17D616D637CE16D617D6C2
:1031A000F6CD94BD74C574BD74BD74BD17D636D646
:1031B00017CE16CE17D616CE16CE37D616CE16CEBC
:1031C00017D616CE16CE37D616CE16CE17D616CEA4
:1031D00016CE17D616CE36CE17D616CE16CE17D694
:1031E00016CE16CE17D636CE16CE17D636CE16CE6D
:1031F00017D616CE16CE37D616D636CE17D617CE4B
:1032000017D6D5CD74BD74BD94C574BD94C517D6FD
:1032100017CE16CE36D617CE16CE36D617CE16CE3B
:1032200016D617CE16CE37D616CE17CE36D616CE23
:1032300017CE16D616CE37CE16D616CE17CE16D633
:1032400016CE17CE16D636CE17CE16D616CE17CE2B
:1032500016D616CE17CE16D617D617CE16D617D622
:1032600017CE16CE74C574BD94BD74C574BD16CE8C
:1032700017D616D617CE16D636CE17CE16D617CEEA
:1032800016D616D617CE36D616CE17D636CE16CEBC
:1032900017D616CE16CE37D616CE16CE17D616CED3
:1032A00016CE17D616CE36CE17D616CE16CE17D6C3
:1032B00016CE16CE17D616CE17CE17D616D636CEB3
:1032C00017D616D6F5CD74BD74BD74C574BD74BD66
:1032D00074BD74BD94C574BD74C5F6CD16D617CE35
:1032E00016D637D617CE36D617D617CE16D617D649
:1032F00017CE16D637D617CE16D637D617CE16D641
:1033000017D617D616CE17D637D616CE17D617D647
:1033100036CE17D637D616CE37D617D616CE17D600
:1033200016D616CE37D616D617CE16D617CE16D632
:10333000F6CD94BD74C574BD94C574BD16D617D6AC
:1033400016CE17D616D617CE37D616D617CE37D6F0
:1033500016D617CE37D616D617CE37D616D637CEC0
:1033600017D616D637CE17D616D637CE17D636D6A8
:1033700017CE17D636D617CE17D616D617CE17D6DF
:1033800036D617CE17D616CE37CE16D616D637CE99
:1033900016D6D5C574BD74C574BD94BD94C537D655
:1033A00016CE16D617D637CE16D617D637CE16D691
:1033B00017D616CE17D616D616CE17D617D616CEC1
:1033C00037D617D616CE17D637D616CE37D617D647
:1033D00036CE17D617D616CE37D617D636CE17D640
:1033E00037D616CE37D616CE16CE37D616D616CE3A
:1033F00017D616CE74BD74C574BD74BD74C516CE13
:1034000017D616D616CE17D617D616CE37D616CE50
:1034100017D637D616CE17D617D616CE17D617D636
:1034200036CE17D617D616D637CE17D636D617CEEF
:1034300037D616D617CE17D636D617CE37D616D6D7
:1034400037CE17D636D616CE17D616CE17CE37D6D7
:1034500016CE17D6F6CD74BD74BD94C574BD74BDBB
:1034600074BD74BD94BD74C574BDF6CD16D617CEAB
:1034700017D616D616CE37D616D636D617D636D691
:1034800017CE16D617D636CE16D617D636D616CEB1
:1034900017D636D616CE17D636D616D617D616D691
:1034A00016D617D616D636CE17D616D637D617D680
:1034B00016D637CE16D616D637CE16D637D616CE61
:1034C000F6CD74BD74BD94C574BD94BD16D637D603
:1034D00017CE36D616D617D636D616D617D616D651
:1034E00036D617CE16D616D617D616D636D617D641
:1034F00016D636D617CE16D616D617D636D616D632
:1035000017D636D616D617CE36D616D617D636D600
:1035100016D617D636D617D617CE17D616D617CE36
:1035200017D6D5CD74BD74C574BD74BD94C517D6FA
:1035300037D616D617D616CE16D617D616D637D6EF
:1035400037D616CE37D617D636D637D616D616D69F
:1035500017D636D616CE17D616D616D617D636D6D0
:1035600017D616D637D616CE16D617D616D636D6C0
:1035700017D617D616D637D616CE17D637D616CEB6
:1035800036D616CE74BD94C574BD74BD74C516CE42
:1035900017D616CE37D637D616D616D637D616CE77
:1035A00016D637CE16D617D636CE16D617D636D668
:1035B00016CE17D616D616CE17D616D616D637D698
:1035C00016D616D637CE16D616D617D616D636D661
:1035D00017D617D616CE37D636D616D617D616D64F
:1035E00016CE17D6F6CD74BD74C594BD74C574BD22
:1035F00074C574BD74C574BD74BDF6CD36D616CE13
:1036000037D616CE17D617CE16CE17D636CE17CE3D
:1036100016D636D617CE17D616CE17D617CE36D61E
:1036200017CE17D636D617CE17CE16D637CE37CEFC
:1036300016CE17D617CE16D617CE16CE36D617CE2E
:1036400017CE36D617D617CE16D637D616CE17D6ED
:10365000F6CD74C574BD74BD74C574BD16D617D6C9
:1036600036CE17CE17D616CE17CE17CE16CE17D605
:1036700017CE36D617CE17CE36D617CE17CE16CED5
:1036800017D617CE16D637CE17CE16D617CE17CEDC
:1036900016CE17D617CE16D637CE17CE16D617CECD
:1036A00017CE16D616CE36D617D616CE36D617D68F
:1036B00016CED5C594C574BD94C574BD94C517D632
:1036C00016CE37CE16D637D617CE16CE16D617CE7E
:1036D00016CE16D617CE16CE17D616CE37CE17CE96
:1036E00016D617CE37D616CE17CE37D616CE16CE5E
:1036F00017CE16D616CE37D617CE16CE17D616CE6E
:1037000016CE17D616CE17D616D616CE17D617D66D
:1037100017D616CE74C574BD94C574BD74BD16CECF
:1037200016D617D616CE16CE17CE17D616CE17D655
:1037300017D616CE17D636CE17D617CE36D617CE04
:1037400017D636CE37D617CE16D637CE17CE16CEDC
:1037500017D617CE16D637CE17CE16D617CE16CE0C
:1037600016D617CE16D617D617CE36D617D637CECC
:1037700016D616D6F6CD74BD74BD74C594BD74BD91
:1037800074BD74C594BD74BD74BDF6CD16D617D680
:1037900016CE37D616D616D637CE17D616D617CE9D
:1037A00017D636D617CE16D636D617CE16D616D686
:1037B00017CE16D616D637CE16D617D616CE17D69D
:1037C00036D616CE37D617D616D637D616CE16D646
:1037D00017D616CE37D616CE17D616CE17D636D65D
:1037E000F6CD94BD74C574BD94BD74BD17D616D600
:1037F00016D617D636CE36D617D636D616D617CE16
:1038000036D616D617D636CE16D617D636CE16D606
:1038100037D616CE16D637D616D616CE37D616D6F5
:1038200036CE17D616D636D617D616CE36D617D6E5
:1038300037CE16D617CE17D636D616CE17D637D6DB
:1038400016CED5CD74BD74BD74BD94C595C516CEC8
:1038500017D616CE17D636D617CE36D637D617CEBB
:1038600016D637D616D616D617CE16D616D637CEC5
:1038700016D617D616D636D617CE17D636D617CEB4
:1038800017D636D617CE17D636D617D637CE16D683
:1038900037D636CE17D637CE16D636CE17CE16D664
:1038A00017D616CE74BD74C574BD94C574BD16CE3E
:1038B00017D617D636D616D617D636CE16D637D64C
:1038C00016CE16D637D616D616CE17D616CE17D68D
:1038D00016D616D617CE36D616D617D636CE16D656
:1038E00017D636CE16D617D636D617CE37D616D624
:1038F00037CE36D616D617CE16CE16D617CE37CE2C
:1039000016D616CEF6CD74BD74BD94C574BD74BD07
:1039100074BD74BD94C574C574BDF6CD17D616CEEE
:1039200017D636D617CE16D637D616CE16D637D6E3
:1039300016CE17D616D617CE37D616D617CE37D6FA
:1039400036D617CE17D616D636CE17D616D616D6E4
:1039500017D616CE36D617CE16D617D617CE36D6DB
:1039600016D617CE16D637D616CE17D636D616CECC
:10397000F6CD74BD74C594C574BD94BD17D636CE4E
:1039800017D617D616CE17D617D616CE37D617D6C1
:1039900016CE17D617D616CE17D617D616D617D6D2
:1039A00017CE36D617D617CE16D637D617D616D682
:1039B00017CE37D616CE17CE17D616D617CE16D6A2
:1039C00036D617CE17D616D617CE17D616CE17D68A
:1039D00017D6D5C574C574BD74BD74BD94C537D62E
:1039E00016D617D616CE16D617D616CE16D617D684
:1039F00036CE17D637D636CE17D617D636D616D6F3
:103A000017CE16CE37D616D616CE17D616D616D64B
:103A100037D616CE16D617D616CE16D617D617CE3A
:103A200016D616D617CE16D637D617D636CE16D603
:103A300037D616CE74BD74BD94C574BD74C516CE8C
:103A400017D616CE37CE17D616D637CE17D616D6E9
:103A500037CE17D616CE17D637D616D617CE36D6B9
:103A600017D617CE16D617D617CE16D617D617D600
:103A700036CE17D617D616CE16D617D616CE17D6DA
:103A800017D616CE37D617D636D617D616D616D69A
:103A900017CE37D6F5CD74BD74C574BD74C574BD6D
:103AA00074BD74BD74C594BD74BDF6CD36D616CE46
:103AB00017D617CE16CE17D616D617CE17D616D6B9
:103AC00036CE17D616CE36D617CE16D617CE16D673
:103AD00016D637CE17D616D617CE37CE16D637CE41
:103AE00017CE17D616D637CE16CE16D637D617CE51
:103AF00016D637D617CE16D617D636CE17D617D631
:103B0000F6CD74BD74BD74C574BD74C516D637CEFC
:103B100016CE16D637D616CE16CE17D616CE36D623
:103B200017CE16D636CE17D636CE16CE17D636CEFA
:103B300017D616D617CE16CE36D617CE16CE16D622
:103B400017D616CE36D617D616CE37D617D616CEE9
:103B500016D637D616CE36D617D636CE36D616D693
:103B600017CED5C594C574C594BD74BD94C517D67C
:103B700037CE16CE37D617D616CE37D617D616CEA0
:103B800016D617CE16D616CE17D637CE16CE17D6D1
:103B900017D636CE17D617CE36D617CE17CE36D680
:103BA00017CE17D636D617CE16CE36D617D616CE91
:103BB00037D617D616CE16D617D617CE16D617D690
:103BC00017CE16CE74C574BD74BD74BD74BD16CE4B
:103BD00016D616D617CE16D616CE17D616CE16D69B
:103BE00017D636CE16D617CE36D616CE17D636CE32
:103BF00016CE37D636D617CE36CE16D617D636CE02
:103C000016D617D637CE16CE17D636D616CE17D628
:103C100016CE17D616CE16CE17D637CE16D616D641
:103C200017CE17D6F5CD74BD74BD94C574BD74BDE3
:103C300074BD74C574BD74BD74C5F6CD16D617D6E3
:103C400036CE16D637D616CE16D637D617CE16D6C9
:103C500017D617CE36D617D616D637CE16D617CED7
:103C600016D616CE37CE16D616D617D616D616CEEA
:103C700037D616D617D617D636CE16D617D616CEB0
:103C800017D636D616CE17D616D616CE17D616D6C1
:103C9000F6CD94BD74BD74BD94BD74BD16D617D653
:103CA00016D637CE17D616D637D617D616D637CE5F
:103CB00017D616D637D617D616D637CE16D617D667
:103CC00036CE16D617D637D616D617CE37D616D640
:103CD00017CE37D616D617D636CE16D617D637CE37
:103CE00016D617D616CE17D617D616CE17D617D67F
:103CF00036CED5CD74BD74BD74C594BD94C517D6EC
:103D000016CE16D637D616CE16D637D617CE16D628
:103D100037D617D616CE17D616D616CE17D636D60F
:103D200016CE17D616D617D636D616D617CE16D620
:103D300016D617CE37D616D617D637CE16D616CEF7
:103D400037D617CE36D617CE16D636CE17D616D6C7
:103D500016CE16CE94C574C574BD94C574C516CE62
:103D600017D617D636D617CE37D616D637CE17D69D
:103D700016D617CE17D616D617CE17D616D617D6EE
:103D800017CE16D617D616CE17D637D616CE17CECE
:103D900016D616D637CE16D617D637CE16D636D670
:103DA00037CE16D617D636CE17D616CE37CE17D66E
:103DB00016D616CEF6CD74BD74C594BD74BD74C54B
:103DC00074BD94C574BD74BD94BDF6CD16D617CE22
:103DD00017D636D617D617CE36D616D636CE17CE37
:103DE00016D636D617CE17D616CE16D637D617D63F
:103DF00016CE37D617D616CE37D617CE16D617D636
:103E000016CE36CE17D616D617CE37D616CE17D62E
:103E100036CE17D616CE37D617CE36D617CE16D6FE
:103E2000F6CD94C574C574BD94C574BD17D636D689
:103E300017CE16D616CE17D636CE16CE17D616D61F
:103E400016CE17CE16D616CE17D617D616CE17D62E
:103E500017CE36CE17D616D616CE17D636D616CEDF
:103E600017D616CE17D617CE16D616CE17D636CEEE
:103E700017D616CE37D616CE16CE37D617CE16D6BE
:103E800017D6D5C574BD74C574BD74BD95C516D699
:103E900017D617CE16D617CE16D616CE17CE16D6DE
:103EA00036CE17D617D636CE37D616D617CE17D665
:103EB00036D617CE16CE16D617CE37D616D617CE7E
:103EC00036D616CE17CE16D616D617CE17D616D687
:103ED00016CE16D617D637D616CE17D637D616CE56
:103EE00017D616CE74BD74C594BD74BD74BD16CE00
:103EF00017D616CE36D617D616CE16D637D616CE37
:103F000016D637CE16D636D617CE36D636D617CEE6
:103F100016D616D637CE16D616D617CE36D617D60E
:103F200017CE16D617D616D616CE17D617D616CE45
:103F300017D617D636D617D616D616D637CE17D6E4
:103F400016D637D6F6CD74BD74C574BD74BD74C5B0
:103F500074BD74BD94C574C574BDF6CD16D616CEA9
:103F600017D616CE16D617CE17D616D617CE37D6E4
:103F700016D616CE17D636CE17D616CE37D616D6B6
:103F800016CE17D616D616CE37D616CE37D617D6A5
:103F900016CE17D636D616CE17D616D637CE16D696
:103FA00017D616CE17D616D637CE16D617D637CE84
:103FB000F6CD74BD74BD74C574BD74BD36D617CE50
:103FC00017D636D617CE17D616D637CE17D616D65C
:103FD00037CE17D636D616CE37D616D636CE17D615
:103FE00016D617CE16D637CE17D616D617CE37D644
:103FF00016D636CE17D636D617CE17D636D617D60D
:1040000016CE17D637D616D616D637D616CE16D61D
:1040100017D6D5C574BD94C574BD74BD94C537D6C7
:1040200016CE37D616D637D617CE36D617D617D6DB
:1040300016CE16D617D616CE17D637D616CE16D615
:1040400017D637CE16D617D637CE16D617D637CEC2
:1040500016D617D637D616CE36D617D637CE16D6AC
:1040600017D637CE16D616CE17D616D636CE17D6C4
:1040700017D616CE74BD74C574BD74BD74C516CE86
:1040800017D616CE17D617D616CE17D617CE16D6E3
:1040900037D617CE16D617CE17D616CE17D637CE9A
:1040A00016D617D637CE16D617D616CE17D636D67C
:1040B00017CE37CE16D637CE16D617D636CE17D65B
:1040C00016CE16CE17CE37D616CE17D616D616CE95
:1040D00017CE16D6F6CD74BD74BD94C574BD74BD2F
:1040E00074BD74BD74C574BD74BDF6CD16D637D617
:1040F00037CE16D637D616CE17D637CE16D617D613
:1041000017CE16D637D617D616CE17D617CE36D622
:1041100017D617CE36D617D616CE16D617D636CE13
:1041200017D617D616CE37CE16D617D616CE17D622
:1041300036D617CE16D617D616CE16D616D617D60C
:10414000F6CD74BD94BD74C574BD94BD16D617D696
:1041500016CE36D617D616CE36D617D616CE36D6B5
:1041600017D617D616CE37D617CE16D617D636CEC2
:1041700016D617D636D616CE17D616CE17D617D6CB
:1041800016CE17D636D616CE17D636D617CE16D6A4
:1041900016CE17D616CE17CE17D616D637CE17D6BA
:1041A00016D6D5C574C574BD94C574BD94C517D64F
:1041B00016CE16D637CE16D617D616CE36D617D674
:1041C00037CE36D616CE17D616CE16D637CE16D64C
:1041D00017D636CE16D617D616CE16D617CE16D674
:1041E00016D617CE17D616D617CE36D616CE17D663
:1041F00036D617CE16D637D617CE16D616CE37D613
:1042000016D616CE94C574BD74C594C574BD16CEAD
:1042100017D616D637CE16D636D637CE16D617D6EA
:1042200016CE16D637D616CE16D617D616CE16D624
:1042300037CE16D617CE37D616CE17D636D616CEDA
:1042400016D617D636CE17D617D636CE16D617D6DA
:1042500037D616D616D617CE37D616CE17D636D6AA
:1042600016CE17D6F5CD74BD74BD94C574BD74BD9E
:1042700074C574BD94BD74C574BDF6CD16D617CE85
:1042800016D617D616CE36D617D616CE36D616D69C
:1042900017CE36D616CE17D636D616CE17D616CE9B
:1042A00037D616CE17D637D616CE17D616D636CE62
:1042B00017D616D617CE17D636D616CE17D636D66A
:1042C00017CE16D637D637CE16D637CE17CE16D649
:1042D000F6CD94BD74C574BD94C574BD17D616D6FD
:1042E00017CE17D616D617CE17D616D617CE16CE89
:1042F00016D617CE16D617D616CE17D617D636CE52
:1043000017D617D616CE37D616D636CE36D616CE02
:1043100017D617D616CE17D616CE17D616CE37D630
:1043200037D616CE36D617D616CE36D617CE17D6E1
:1043300036D6D5C574BD74C574BD94BD95C517D6A4
:1043400016CE17D617CE16D616D617CE16D616CE2A
:1043500017D617D636CE17D616D637CE17D616CED0
:1043600017D616D637CE17D616D637CE16D637D698
:1043700016CE36CE17D616D617CE17D616D617CED9
:1043800016D616CE17D636D617CE17D616D617CEC1
:1043900017D616CE74BD74BD94BD74BD74BD16CE53
:1043A00017D616D617CE17CE16D617D636CE17D6A0
:1043B00017CE36D617D637CE36D617D617CE36D630
:1043C00017D616CE16D617D636CE17D617CE16D681
:1043D00017D616D616CE17D616CE17CE16D637CE79
:1043E00017CE36D616D617D616CE36D617D617CE41
:1043F00036D617D6F6CD74BD74C574BD74C574BDFC
:1044000074BD74C594BD74BD74C5F6CD16CE16D6F4
:1044100037CE17D616CE17D617D616CE17D637CE16
:1044200016D617D617CE16D637D616CE16D617D618
:1044300016CE16D617D616CE37D617CE16D617CE18
:1044400036D616D637CE16D617D637CE16D617CEC0
:1044500016D616CE17D616D616D617D636CE16D6EA
:10446000F6CD74BD74C574BD74BD74C536D637CE73
:1044700016D636CE17D636CE16D637D617CE36D671
:1044800037D616CE37D616D636CE17D616CE16D681
:1044900037CE16CE17D617D617CE17D617D636CE96
:1044A00016D637CE17D636D617CE16D617D616CE80
:1044B00017D616D637D617CE16D637D616CE16D668
:1044C00017D6D5C574BD74C574BD74BD94C537D633
:1044D00036D617CE36D617CE37D637D617CE16D60F
:1044E00016D617CE17D636D617CE16D616D637CE40
:1044F00016D617D616CE36CE17D616D637CE17D630
:1045000016D617D636CE36D617CE36D617D637CEDF
:1045100016D617D637CE16D616CE37D636D616CEF0
:1045200017D616CE74C574C574BD74C574C516CEC1
:1045300016D617D636CE16D617D616CE17D636D6E8
:1045400016CE17D616D617CE16D616D637CE17D6FF
:1045500016D617CE36D616D617CE16D637D617CECF
:1045600036D637CE17D636D616D617D636D616CE78
:1045700017D617CE36CE17D617D616CE17D616D6CE
:1045800017CE16D6F6CD74BD74BD94C574BD74BD7A
:1045900074BD74BD74C594BD74BDF6CD36D617D642
:1045A00016CE36D617D616CE36D617D616CE17D680
:1045B00016D636CE17D616CE17D637D616CE37D64F
:1045C00017D636CE16D617D616CE36D617D617CE5F
:1045D00016D617CE16D616D617CE16D637D617CE6F
:1045E00016D637D617CE16CE37D617D616D637D616
:1045F000F6CD74BD94C574BD74BD74BD16D617D602
:1046000016CE17D637D616CE16D617D616CE17D63E
:1046100017D616CE17D637CE16D617D637CE16D60D
:1046200017D636CE16D616D636CE17D617D616CEFF
:1046300017D616D636CE17D636D617CE36D616CECF
:1046400017D616CE17CE16D617D617CE16D617CE25
:1046500017D6D5C594BD74C594BD74BD94C517D681
:1046600016CE16D617D616CE16D616D637CE37D6BF
:1046700016CE16D637D616CE17D617D636CE17D6AE
:1046800016CE37D617D616CE17D616D616CE17CEC6
:1046900017D616D617CE17D616D616CE37D616CEAE
:1046A00016D637D616CE16D617D617CE16D617D696
:1046B00036CE16CE74C594BD74BD74C594BD16CEE9
:1046C00017D617CE36D617D636CE17D616D617CE5D
:1046D00016D617CE36D616CE17D616CE16D617D66F
:1046E00016CE37D617D616CE17D636D616CE17D63E
:1046F00016CE17D617CE16D637CE17D616D616D64E
:1047000017D616D616CE37D616D637CE16D637CEFD
:1047100016D616CEF6CD74BD74BD94C574BD74BDE9
:1047200074BD74C574BD74C574BDF6CD17D616CEF0
:1047300017D617D636CE17D617CE36D616D617CEEC
:1047400037D616D616CE17D616CE17D616D617CEFD
:1047500037D616CE17D637D616CE16D637D616CEAD
:1047600017D637D616CE37D616CE16D617D636CE9D
:1047700016D617D636CE16D617CE16CE17D616CED6
:10478000F6CD74BD94C574C594BD94BD17D616D628
:1047900017CE16D617D617CE36D617CE16D636D68D
:1047A00017CE16D616D617CE16D616D637CE16D69E
:1047B00017D617D616CE37D616CE16D636CE17D66D
:1047C00017D616CE17D616CE17D617D616CE37D67C
:1047D00017D636D616CE37D616D616CE37D636D606
:1047E00017D6D5C574C574BD74C594BD95C517D607
:1047F00016CE37D617D616CE17D616CE16D617D64D
:1048000017CE36D616CE17CE16D636D617CE16D625
:1048100017D616CE36D617D637CE16D616D637CEEC
:1048200036D616CE17D637D616CE17D617D616CEFC
:1048300017D617CE16D637D617CE16CE17D617D60A
:1048400016D616CE74BD74BD94BD74BD74BD16CE9F
:1048500017D616D617CE16D617CE36D617CE37D6CB
:1048600016D617CE37D616D617CE37D616D637CE9B
:1048700016D616CE17D617CE36D617CE16D616D6CD
:1048800017D636CE16D617D616CE37CE17CE16D6A4
:1048900037CE17D616D616CE17D616D637CE17D68B
:1048A00016D617D6F6CD74BD74C574BD74C574C55F
:1048B00074BD94BD74C574BD94BDF6CD16D616CE28
:1048C00037D616CE16D617D617CE36D617CE16CE64
:1048D00037D617D616CE37D636D616CE17D616D624
:1048E00016CE17D616CE37D617CE16D617D636CE44
:1048F00016D617D637CE16D617D637CE16D617CE2B
:1049000017D616D617CE37D616D616CE37D616D613
:10491000F6CD74BD74BD74C574BD74BD36D617D6DE
:1049200036CE36D617CE16D637D617CE16D637D6BB
:1049300016CE37D616D617CE37D616CE16D617CEF3
:1049400036D617CE17D617D617D616CE37D616D6D2
:1049500036CE17D617D636CE16D617D616CE17D6CB
:1049600016D617CE37D616D617CE36D617CE16D6BB
:1049700016D6D5C574BD74C574BD74BD94C516D6A0
:1049800037CE16D616D637CE37D617D616CE16D67B
:1049900037D617CE16D617D637CE16D617D636CE6A
:1049A00017D617CE16D616D617CE37D616D617D692
:1049B00017CE16D636D617CE16CE36D617D636CE54
:1049C00016D617D636CE16D617D636D636CE17D634
:1049D00017D616CE74C574C574C574BD74C516CE0D
:1049E00016D617D636CE17D616D616CE17D636D634
:1049F00016CE17D616D617CE36D617D617CE16D64B
:104A000037D616CE16D637D616CE17D637CE16D6FA
:104A100017D636CE17D616D616D617D636D616CE03
:104A200017D637CE16D617CE37D616D616CE17D6F9
:104A300016CE36D6F6CD74BD74BD94BD74BD74BDAE
:104A400074BD74C594BD74BD74C5F6CD16D617D6A5
:104A500037CE16D616D637CE16D616D617D616D6C3
:104A600016CE17D617D616CE17D637CE16D637D6B9
:104A700016CE17D636D616CE17D617D616CE17D6CA
:104A800016CE16D617D616CE17D636D616CE17D6BB
:104A900036CE16D617D617CE36D617D617CE36D66A
:104AA000F6CD74BD74C594BD74BD74C517D616CE4D
:104AB00017D617D616CE16D617D616CE17D616CEAA
:104AC00017D617CE36D616D617CE37D616D617D651
:104AD00016CE36D616CE36D617CE17D616D617CE53
:104AE00016CE36D617D616CE37D616CE37D616CE23
:104AF00016D617CE16D616D617CE17D616D617CE6A
:104B000017D6D5C594BD74C574BD94BD94C517D6CC
:104B100017CE16D616CE17D616D636CE17D616CE32
:104B200017D616D636D617D616CE17D616D637CEF1
:104B300016D617D637CE16D616CE17CE36D616CEF2
:104B400017D617D616CE17D617D616CE17D637D6EF
:104B500016CE17D617CE16CE17D616D616CE37CEF9
:104B600016D616CE74BD94BD74BD74C574BD16CE74
:104B700017D616CE17D637D616CE17D617D616CEC8
:104B800037D616D617CE36D616D617CE16CE16D69A
:104B900037D617CE16D617D616D616CE37D617CE88
:104BA00016D617CE37CE16D617CE37D616D617CE80
:104BB00016D636D617CE16D637CE16D617D636CE4A
:104BC00017D616CEF6CD74BD74C594C574BD74BD2C
:104BD00074BD74C574BD74BD74BDF6CD16D617CE44
:104BE00016D617D637CE16D617CE37CE16D637D618
:104BF00016CE36D617D616CE17D616D637CE16D62A
:104C000017D637CE16D616D637CE16D636D617CEF8
:104C100037D616CE37D616CE17D616D617CE37D6E7
:104C200016D616CE37D616D616CE17D616D617D611
:104C3000F6CD94BD74C574BD94BD74C516D637CE7B
:104C400016D617D636CE17D636CE16D637D616CEB9
:104C500016D617D616CE16D617D616CE37D617CEE8
:104C600016D617D617CE36D616D617CE36D617D6B0
:104C700017CE16D617D617CE16D637D616CE37D6A7
:104C800037D616CE17D636CE17D636D616CE37D658
:104C900017D6D5C574C574BD94C574BD95C516D653
:104CA00037D617CE36D617D616CE17D637D616CE57
:104CB00017CE37D616CE17CE36D616CE17D616D670
:104CC00016CE36D617D617CE36D617D617D636CE38
:104CD00016D637D616CE36D617D616CE16D617D641
:104CE00036CE16D637D616D637CE17D616D617D610
:104CF00017D616CE74BD74C594BD74BD74C516CEDA
:104D000017D616D616CE17D636CE17D636D617CE17
:104D100016D617CE37CE16D617D637CE16D617D606
:104D200016CE37D617CE36D617CE16D616D637D6D7
:104D300016CE16D617D636CE16D617CE16D617D608
:104D400037CE16D617D616D616CE17D617D636CED7
:104D500017D616D6F6CD74BD74BD74C574C574BDB2
:104D600074BD74BD94C574C574BDF6CD36D616CE6B
:104D700017D636CE17D616D616D617CE37D616CEA7
:104D800017D617CE36D636CE17D616D616CE17D697
:104D900016CE17D617D616CE17D637CE16D617D6A6
:104DA00016CE37D616D617CE36D617CE16D617D677
:104DB00017CE16D637CE17D616CE36D617CE16D66F
:104DC000F6CD74BD74C574BD74BD74BD36D617CE32
:104DD00016D636CE17D617D616CE37D617D616CE47
:104DE00037D637D616CE37CE17D616D616CE37D6F6
:104DF00016D617CE17D616D617CE36CE16D617D647
:104E000036CE17D636CE16D617D616CE16D617D617
:104E100016CE17D636D617CE16D617CE36D616D607
:104E200017CED5CD74BD74BD74C574BD94C517D6E9
:104E300016CE16D617D637CE16CE17D616D636D6E7
:104E400017D616CE17D617D636D617CE17D637CED4
:104E500016D617CE16D616D637CE16D617D617CEE6
:104E600016D617CE37D616D637CE17D636CE17D695
:104E700017D616CE16D637D616CE17CE36D616CEAF
:104E800017D616CE74C574C594BD74BD74C516CE40
:104E900017D637CE16D616D617CE16D616CE37D686
:104EA00016D616D617CE16D616D637CE16D617D68F
:104EB00036CE16D617D616CE37D617CE16D617D666
:104EC00037CE16D617D617D636CE17D616CE36D636
:104ED00017CE16CE37D617D616CE37D616CE16D64E
:104EE00017D616CEF6CD74BD74BD94BD74BD74C511
:104EF00074BD74BD94C574BD74BDF6CD16D617D6F9
:104F000037CE16D616CE17D636D616D617CE16D616
:104F100017D617CE16D617D637CE16D617D637CE03
:104F200016D636CE17D616D616CE17D616CE16D617
:104F300017D616CE17D616D637CE16D616D637CEE5
:104F400016D616D617CE17D636D617CE17D636D6CD
:104F5000F6CD74BD94BD74C574BD94BD17D616D678
:104F600017CE17D616D616CE17D616CE17D616CEFD
:104F700017D616D617CE36D617D616CE17D616D6BD
:104F800036CE17D636D616CE17D617D616CE37D675
:104F900016D617CE36D617D617CE36D617D616CE85
:104FA00017D616D637CE16D617D617CE17D616CE94
:104FB00017D6D5C574BD94C574BD74BD94C537CE20
:104FC00017D616CE16D637D616CE16D617CE17D675
:104FD00036D616CE17D636D616CE17D616D636CE27
:104FE00017D617D636CE17D616CE16D617CE36D635
:104FF00016D617CE16D616CE17D616D616CE37D646
:1050000017D616CE17CE17D616D616D637CE17D633
:1050100016D616CE74BD74BD74C574BD74BD16CEDF
:1050200017D616D637CE17D636D617CE17D616CEF3
:1050300037D617D616CE37D617D616CE17D616D6DB
:1050400017CE16D616D617CE16D637D616CE16D6F5
:1050500017D636CE16D617CE17D636D617D617CEC3
:1050600016D616D637CE16D617D636CE17D617D6AC
:1050700036CE17D6F5CD74C574C594BD74BD74BD58
:1050800074C574BD74BD94C574BDF6CD16D617CE67
:1050900016D617D617CE37CE17D616CE16D637D683
:1050A00036CE16D617D616CE16D637CE16D617D675
:1050B00036CE16D637CE17D636D617CE37D636D604
:1050C00017CE17D636CE17D617D616CE37D617CE5A
:1050D00016D636D617CE16D616D617CE16D636D63E
:1050E000F6CD74BD94C574C574BD74BD16D637D6DF
:1050F00016CE17D636D637CE17D616D636CE17D604
:1051000016D616CE17D616D636CE17D637CE16D614
:1051100017CE17D636CE17D616D637D617CE16D602
:1051200017D616CE17D616CE36D617CE17D636CEFB
:1051300017D616CE17D636D616CE37D616D617CEE3
:1051400036D6D5CD74BD74BD94C574BD94C537D65F
:1051500017D616CE37D617D616D637CE17D616CEC2
:1051600037D617CE16D617CE17D616D636CE17D6B2
:1051700016D616CE37D617D616D637CE17D616D69B
:1051800037CE17D616D637CE17D616D616CE17D692
:1051900036D616CE37D616D617CE37D616D617CE63
:1051A00037D616CE74BD94C574BD74C594BD16CEE5
:1051B00016D617D616CE17D636D617CE16D616D67C
:1051C00017CE36D616CE17D636CE16D637CE17D63B
:1051D00036CE17D637D616CE17D616D637CE17CE2A
:1051E00016D617D636CE16D617CE16D616D637CE34
:1051F00017D616D616CE17D616D616CE17D616CE64
:1052000016D617D6F6CD74BD74BD74C574C574BDFD
:1052100074BD74C574BD74BD74C5F6CD36CE16D6D6
:1052200017D636CE16D616D617CE37D616D617CEF2
:1052300016D637D617CE16D637D616CE17D616D6DA
:1052400017CE17D616D616CE17D616D617CE16D612
:1052500016D637CE16D616D617CE36D616D617CEC3
:1052600017D636CE17D617D636CE17D617CE16D6B1
:10527000F6CD74BD74BD94BD74C574BD37D616D655
:1052800017CE16D617D616CE37D616D617CE37D691
:1052900036CE17D617D636CE17D617D616CE36D662
:1052A00017D616CE17D616CE36D617CE16D636CE7B
:1052B00017D616D637CE17D616D617CE16D636D65A
:1052C00017CE17D636D617CE16CE16D637D616CE5A
:1052D00017D6D5CD74BD74BD74C574BD94C517D62D
:1052E00016CE36D617CE16CE16D637D616CE16D63C
:1052F00017D616D636CE17D616D637CE17D617D619
:1053000016CE17D616CE16D637CE16D616D617CE3A
:1053100016D636D617CE16D637CE17D636CE17D6E1
:1053200016CE17D616D636CE17D616CE16D616D613
:1053300017CE16CE74C574BD94BD74C574BD16CE9B
:1053400017D616CE17D616CE17D636D617CE17D6F0
:1053500036D617CE17D616D617D616CE17D636D6B9
:1053600016CE17D616CE37D616CE16D617D636CEBA
:1053700017D617D616CE37D617D616CE36D617D698
:1053800016CE37D617D636CE17CE37D616D637CE58
:1053900016D616CEF6CD74BD74BD94BD74C574BD5D
:1053A00074BD94BD74C574BD94BDF6CD16D617CE2C
:1053B00037D616D617CE16D636D617CE17D616CE61
:1053C00017D616CE36D617D617CE16D636CE17D651
:1053D00016D637CE16D617CE36D617D616CE17D641
:1053E00036D617CE17D616CE37D617D616CE16D631
:1053F00037D616CE16D637CE16D636D617CE17D601
:10540000F6CD74BD74C574BD94BD74C516D617CEE3
:1054100036D637D616CE16D617CE16D617D616CE01
:1054200016D637D616CE17CE16D616D617CE17D610
:1054300036D616CE17D637D616CE17D616D637CEC0
:1054400017D616D636CE17D616D637CE16D617D6C8
:1054500016CE36D617D617CE16D617D617CE16D6E0
:1054600017D6D5C574BD94C574BD74BD95C516D683
:1054700017CE17D616D617CE37D616D617CE36D69F
:1054800017CE16D637D616CE16D617CE16D636CE99
:1054900037D617D616CE37D617D616CE37D617CE5E
:1054A00016D617CE16D616D617D616CE17D636D689
:1054B00017CE17D616D617CE37D616D617CE37D65E
:1054C00016D616CE74C574BD74BD74C574BD16CE23
:1054D00017D616D637CE16D616D637CE16D617CE40
:1054E00016D616D637CE16D617CE37D616D617CE30
:1054F00017D616D617CE36D617D617CE16D616D638
:1055000037CE16D616D617CE36D617CE17D616D60F
:1055100016CE17D636D616CE17D616D637CE17D6FF
:1055200017D616CEF6CD74C574BD94BD74BD74C5C2
:1055300074BD74C594BD74C574BDF6CD16D617CEB2
:1055400016D617D637CE16D617D616CE36D617D6C7
:1055500016CE37D616CE16D617D637CE16D617CEC7
:1055600036D616D617CE37D616CE36D617CE17D68F
:1055700036CE16D617D636CE16D617CE17D636D680
:1055800017CE17D616D617CE17D616D636CE17D6AE
:10559000F6CD94BD74C574BD74BD94BD17D616D632
:1055A00017CE16D617D637CE16D637D616CE17D66E
:1055B00017D616CE37D616D637CE16D617D637CE3E
:1055C00016D617D616CE17D616D617CE36D616D668
:1055D00017CE16D617CE16D637D616CE17D617CE66
:1055E00036D616CE17D636D617D636CE16D617D608
:1055F00036CED5C574C574BD94BD74BD94C537D6BB
:1056000036CE16D617D636D616CE17D616D617CE0F
:1056100036D617CE17D636D617CE17D616D616CEFE
:1056200017D616D637CE16D616D617CE16D636D6E7
:1056300017CE37D616CE37D616CE16D617D616CEE6
:1056400036D617D636CE17D616D617CE36D617D6A6
:1056500017CE16CE74C594BD74BD74C594BD16CE58
:1056600017D616D637CE17D616CE17D636D616CEAE
:1056700017D637CE16D616CE37D616D616CE17D69E
:1056800036D616CE17D616D637CE17D636D617CE6E
:1056900017D636CE17D616D616CE17D637CE16D67E
:1056A00017CE17D616D617CE16D616D616CE17D6AE
:1056B00036D616CEF6CD74BD74C574C574BD74BD32
:1056C00074BD74BD74C574BD74BDF6CD16D616CE4A
:1056D00037D616CE16D637D617CE16D637D616CE1E
:1056E00017D617D616CE17D636D616CE17D617D645
:1056F00016CE17D617D616CE17D616D637D616CE3E
:1057000017D616D617CE17D616D636CE17D616CE2D
:1057100016D637D616CE16D637CE17D616D616D6F6
:10572000F6CD94BD74C574C574BD74BD36D617D698
:1057300016CE17CE36D617D616CE16D637CE16D6E6
:1057400017CE36D616D617CE17D636D616CE16CED6
:1057500017D636D617CE36D617D616CE17D617CEBC
:1057600036D617D616CE37D616CE16D617D636D686
:1057700017CE17D616CE17D616CE37D617D616CEC4
:1057800017D6D5CD74BD74C574C594BD94C517D650
:1057900017CE16D637CE16D617CE17D636D617CE84
:1057A00016D616D617CE16D637CE36D617D617CE6D
:1057B00016D637CE16D617CE17D636CE17D616D65D
:1057C00017CE16D637D617CE36D617D637CE16D62C
:1057D00017CE16D617CE36D616CE17D616D616CE66
:1057E00017D616CE74BD74C594BD74C574BD16CEDF
:1057F00017D616D616D637CE17D616D617CE37D614
:1058000016D617CE17D616D617CE16D637CE17D62B
:1058100016CE37D617D616CE16D616CE17D616D61D
:1058200016CE17D637CE16D617D636CE16D637D6CC
:1058300016CE36D617CE37D637D617CE16D637CEA3
:1058400016D617D6F6CD74BD74BD94C574BD74BD9F
:1058500074BD74C594BD74BD74C5F6CD16D617D687
:1058600037CE16D616D617CE16CE17D616D637CEB4
:1058700016D636D617CE17D616CE16D637D616CE9D
:1058800017D636CE16D617D636CE17D616CE17D68C
:1058900036D617CE36CE17D616D637CE17D616D65C
:1058A00037CE17D616D636CE17D616CE37D616CE54
:1058B000F6CD74BD74BD94C574BD74BD16D637D60F
:1058C00016D616CE37D616D617CE17D636D617CE4C
:1058D00016D617D616CE17D616D617CE37D616D654
:1058E00017CE16D636CE17D616CE37D616D617CE34
:1058F00036D617D617CE16D617D637CE16D616CE1C
:1059000017D636D617CE16D616D617CE36D617CE0B
:1059100017D6D5C574BD74BD74C574BD94C517D6EE
:1059200016D617CE16D617D616CE36D617CE17D60B
:1059300016D637CE16D617D616CE16D637CE16D6DC
:1059400016D617CE16D617D636CE17D617D616CEEB
:1059500036D617D616CE16D617D616CE17D637D6B3
:1059600016CE17D617D616CE37D617CE16D637D6AA
:1059700016D616CE74BD74C574BD74BD74C516CE6E
:1059800017D617CE16D616D637CE16D616CE17D6AB
:1059900036D616CE37D616D617CE36D616D617CE5C
:1059A00016D636D617CE17D636D617CE37D616D643
:1059B00016CE37D616D617CE37D616D617CE17D65A
:1059C00016D616CE17D616D616CE17D637D616CE6C
:1059D00017D616D6F6CD74BD74BD94BD74C574BD0E
:1059E00074BD74C594BD74BD74C5F6CD36CE17D6DE
:1059F00017D616CE37D617D636CE16D617D617CE1A
:105A000016D636CE17D617D636CE17D617CE36D6EA
:105A100017D616CE37D616D617CE36D617CE16D6FA
:105A200017D616CE36D617D616CE16D617D616CE0B
:105A300016CE17D617D617CE16D617D616CE37D6F9
:105A4000F6CD74BD74C594BD74BD74C537D617CE7C
:105A500016D617D617CE36D616D617CE16D637D6B2
:105A600017CE16D637CE36D616CE17D616D637CE92
:105A700017D616D617D617CE16D636D617CE16D6B2
:105A800016CE37D616D616CE37D617D616CE17D68A
:105A900036D617CE16D637D617CE16D616D637D652
:105AA00016CED5CD94BD74BD94BD74BD95C536CE0E
:105AB00017D636D617CE17D636D616CE17D616D652
:105AC00037CE16CE17D637D616CE17D617D636CE31
:105AD00017D637D616CE16D637D616CE16D637CE1A
:105AE00017D616D617CE37D616CE16CE16D617D64A
:105AF00036CE16D637D616CE17D636D617CE17D6FA
:105B000036D616CE74BD94C574BD74BD74C516CE9C
:105B100016D617CE37D616D617CE37D616D617CEF8
:105B200017D616D616CE37D617D616CE17D617D600
:105B300036CE16D617CE36D617D616CE37D617CEC1
:105B400016D617D616CE16D617D616CE16D637CEEA
:105B500017D617D636CE16D617CE16D616D617CED9
:105B600016CE16D6F6CD74BD74C574BD74C574BD9D
:105B700074BD74BD74C594BD74BDF6CD16CE16D675
:105B800017D636CE16D617D617CE36D617CE16D689
:105B900017D617CE16D636D617CE16D616D617CE99
:105BA00016D617D637CE16D617D617CE36D617D660
:105BB00017CE16D617D637CE16D617D637CE16D658
:105BC00036D617CE36D616D637CE16D617D616D622
:105BD000F6CD74BD74C574BD94BD74C516D616CE0D
:105BE00037CE16D617CE16D637CE16D616CE17D631
:105BF00036D616CE17D617D636CE17D616D616CE1A
:105C000037D616CE17D636D617CE17D636D617CEE7
:105C100017D616CE37D616CE16D617D636CE17D6F8
:105C200017CE16D616D637CE17CE16D637CE16D6F0
:105C300017D6D5C574C574C574BD94C594C517CEA3
:105C400016D636D617CE16D637D617CE16D636D6A1
:105C500017CE16D616D637CE16D616D617CE16D6D9
:105C600037CE16D617CE17D616D617CE16D617D6C7
:105C700016CE16D637D617CE16D637D617CE16D698
:105C800017D616CE16D617D616CE16D617CE16CED1
:105C900017D616CE74C574BD94C574BD74BD16CE2A
:105CA00017D616D636CE17D616CE16D637D616CE69
:105CB00017D637CE16D617CE36D616CE17D637D637
:105CC00016CE17D617D616CE16CE17D616D636CE71
:105CD00017D617CE36D617D617CE36D616D617CE37
:105CE00036D616D617CE37D617D636CE17D637D6DF
:105CF00016CE17D6F6CD74BD74BD94C574BD74BDF3
:105D000074BD74C574BD74C574BDF6CD16D617CEFA
:105D100037D616CE16D617CE16D637D616CE36D6D8
:105D200037D616CE16D617CE37D616D637CE16D6C7
:105D300016CE37D616CE16D617D616CE16D637CEE0
:105D400016D616D637CE16D617D636CE17D617D6BF
:105D500016CE37D616D617CE16D637CE16D617D6B7
:105D6000F6CD94BD74C574BD74BD94BD17D616D65A
:105D700037D616D616D617CE17D636D617CE17D68E
:105D800016D617CE16D617D617CE36D617CE16D6A7
:105D900017D636CE16CE17D616CE17D616D636CE80
:105DA00017D616D617CE17D616CE36D617D616CE87
:105DB00037D616D617CE16D616D637CE17D616CE57
:105DC00017D6D5C574BD74C574BD74BD94C517D63A
:105DD00017CE16D617CE16D616CE17D617CE36D65F
:105DE00017D617D616CE17D637D616CE16D617D63E
:105DF00016D616CE37D616D637CE16D637D616CEF8
:105E000037CE16D616D617CE16D637D616CE37D6E6
:105E100017D637CE16D637D617CE36D616D617D6CD
:105E200037D616CE74BD74C574BD94C574BD16CE78
:105E300017D616D617CE17D616D617CE16D636D6EE
:105E400016CE17D616D617CE16D637D616CE16D6E7
:105E500017CE36D617D616CE37D617D616CE16D6B6
:105E600037D616CE16D637CE16CE17D617D616CEAE
:105E700017D616CE16D617D636CE16CE17D636D697
:105E800016D617CEF5CD74BD74BD94C574BD74BD62
:105E900074BD94BD74C574BD94BDF6CD16D617D629
:105EA00016CE17D637D616CE16D617D617CE16D686
:105EB00017CE37D616D617CE16D617CE37D616D655
:105EC00017CE17D616D637CE36D617D616CE17D645
:105ED00036D617CE16CE17D616CE16D617CE16D65F
:105EE00017CE16D617CE17D616D636CE17CE16D64E
:105EF000F6CD94BD74C574C574BD74BD16D617CEE9
:105F000017CE36D617D617CE36D616D617CE36D6E5
:105F100017CE36D636CE17D616D616CE37D617D6D5
:105F200016CE17D637D616D636CE17D617CE16D6E5
:105F300037D616CE16D637D617CE16D617D616CED5
:105F400036D617CE17D636D616D617D616CE16D6BE
:105F500037D6D5C574BD94C574BD74BD95C536D648
:105F600017CE17D636D637CE16D617D636CE16CE8D
:105F700017D636CE16D617CE17D636CE37D617CE7C
:105F800016D637D616CE16D617CE37D616D617CE85
:105F900017D636D617CE16D637D616CE16D616CE76
:105FA00017D616CE36D617CE17D616D637CE16D665
:105FB00017D616CE74BD74BD74C574BD74C516CE27
:105FC00017D616CE37D616D637CE17CE17D616D644
:105FD00037CE16D617D636CE17D617D616CE17D634
:105FE00036D617CE16D636D617D616CE37D617D6FD
:105FF00016CE17D617D636D616D617CE36D637D6ED
:1060000017CE36D617CE16D617D617D616CE17D623
:1060100016CE16D6F6CD74BD74C574BD94C574BDC8
:1060200074BD74C594BD74BD74C5F6CD16D636CE98
:1060300017D616D637CE17D616D637CE16D616D6CC
:1060400017CE16D637D616CE16D617D616CE36D6C5
:1060500017D616CE17D616CE17D636D617CE16D6D4
:1060600017D637CE16D617D637D616CE36D637D65B
:1060700016D616CE37D616D617CE17D636D617D68C
:10608000F6CD74BD74BD94BD94C574BD36D617D617
:1060900016CE36D617CE16D616CE17D616D617CE9D
:1060A00016D617D617CE36D617D616CE17D636D65C
:1060B00016CE17D617D616CE17D636D617CE16D674
:1060C00017D637CE16D616D637CE17D616CE37D623
:1060D00016D617CE36CE17D617CE36D617D617CE3B
:1060E00016D6D5CD74BD74BD94C574BD94C517D6F0
:1060F00036CE16D617D616CE17D637D616D617D60C
:1061000017CE36D617D616CE16D617D616CE17D623
:1061100037CE16D617D617CE16D616CE17D616D613
:1061200016CE37D617CE16D617D617CE16D637D6E2
:1061300016CE17D616D616CE17D616CE17CE16D61C
:1061400016D616CE74BD94C594BD74BD74BD16CE5E
:1061500017D616D616CE37D616D616CE37D617CEB3
:1061600016D617CE36D616D617CE36D617CE16D6A4
:1061700017D617CE16CE17D616CE16D637D616CEBB
:1061800016D637CE17CE16D617D616CE16D617D6A3
:1061900016CE37D617D616CE36D617D636CE17D653
:1061A00017D636D6F6CD74BD74BD74C574BD74C52E
:1061B00074BD74C574BD74BD74C5F6CD16CE17D646
:1061C00037D616CE16D617D636CE17CE16D637D623
:1061D00016CE17D616CE37D617D616CE37D617CE3A
:1061E00016D636D637CE17D616CE17D636CE16D604
:1061F00017D616CE36D617D617CE16D617D617CE32
:1062000016D637D616CE36D617D616CE16D637CEE3
:10621000F6CD74C574BD74BD74C574BD17D636D6BD
:1062200017D617CE16D637D617CE36D617D636CEC1
:1062300017D616D616CE17D636CE17D616CE17D6F2
:1062400036CE16D617CE36D617D616CE36D617CEAB
:1062500016D617CE17D616CE36D617D616CE17D6D2
:1062600017D616D616D617CE16CE36D617D617CEC2
:1062700016D6D5CD74BD74BD74C594BD94C517D65E
:1062800016CE17D616D616CE37CE16D616CE17D6AB
:1062900016D617CE37D616D637CE16D616D617CE72
:1062A00016D616CE37D637D616CE16D637D617CE42
:1062B00016D617D636CE16D617CE36D617D617CE52
:1062C00036D617D617CE36D637D617D636CE17D6F9
:1062D00017D616CE74BD74C574BD74C574BD16CE04
:1062E00017D617D616CE17D616D616D637CE16D63A
:1062F00016D617CE17D616CE17D636D616CE17D632
:1063000036D636CE17D637D616CE17D617CE16D6E1
:1063100037D616D616CE37D617CE36D617CE16D6D1
:1063200016D617CE16D637CE16CE16D617D636CEEA
:1063300017CE16D6F6CD74BD94BD74C574BD74BDAC
:1063400074BD74C594BD74BD74BDF6CD16D617CE9C
:1063500016D616CE17D636D617CE16D617D637CEB1
:1063600016D617D616CE36D617D616CE16D617D6BA
:1063700017CE16D616D617CE16D617D617CE36D6B1
:1063800017CE17D616CE36D616CE17D636CE17CE91
:1063900017D616D617CE17D636CE17D616D616CE91
:1063A000F6CD94C574BD74C594BD74BD16D617CE14
:1063B00016D617D636CE17D616D617CE36D617CE51
:1063C00017D636CE17D617D616CE37D617D616CE40
:1063D00017D637D616CE17D616CE17D617D636CE30
:1063E00016D637D616CE17D617D636CE16D617CE21
:1063F00036CE17D637D616D617D616CE36D617CEF1
:1064000037D6D5C574BD74C574BD74BD95C516D6D3
:1064100037CE17D636D617CE17D616D637CE16D6CF
:1064200016D637CE16D617D617CE36D617D637CEBF
:1064300016D616D617CE16D617D637CE16D636CED1
:1064400017D616D617CE37D616D616CE37D616CEC0
:1064500016D637D616CE16D617D616CE36D617D6A9
:1064600017CE16CE74C574BD94BD74C574C516CE52
:1064700017D636CE37D617CE16CE37D617D616CE77
:1064800037D636D617CE17D636D617CE17D616CE5F
:1064900017D616D617D636CE17D616D636CE17D668
:1064A00017D616CE16D617D636D617CE17D636CE60
:1064B00037D616D617CE17D616D617CE17D616D667
:1064C00016CE17D6F6CD74BD74C594BD74BD74BD1B
:1064D00074BD74BD94C574C574BDF6CD36D617D6DB
:1064E00017CE36D617CE17D616D616CE37D616CE28
:1064F00016D637D617CE16D637CE17D636D616CEF0
:1065000037D617CE16D636D637CE16D617D616CEDF
:1065100036D617D617D616CE37D616D616D637CEC7
:1065200016D616CE37D616D617CE37D617D616D6D7
:10653000F6CD74BD74BD94C574BD74BD37D616D682
:1065400016CE37D616CE16D617D616CE17D616D6E0
:1065500016CE37D616D616CE17D616D636CE17D6B0
:1065600016D617CE36D616D637CE16D617D617CE9F
:1065700016D636D617CE16D617D616CE37D616D688
:1065800016CE37CE16D617CE37D616D617CE16D687
:1065900017D6D5C574BD94C574BD74BD94C537D622
:1065A00016CE16D617D636CE17D616D637CE17D65F
:1065B00016CE16D617CE16D616CE17D636D617CE78
:1065C00017D636D617CE16D636CE17D616D617CE3F
:1065D00036D616D617CE17D616D617CE17D616D647
:1065E00017CE17D616CE17CE17D616CE16D637D646
:1065F00016CE16CE94C574BD74BD94BD74BD16CEB2
:1066000016D616D617D616D636CE17D616D617CE17
:1066100016D616D617CE36D616CE17D636D617CEEF
:1066200016CE17D616CE17D616D637CE16D617CE06
:1066300036CE17D617CE16D616D617CE16D617D6EE
:1066400017CE36D616D617D636D637CE16D637D676
:1066500016CE16D6F6CD74BD74BD74C594C574BD82
:1066600074BD74BD74C594BD74BDF6CD16D616CE7A
:1066700037D616D616CE37D616D617CE17D616D686
:1066800017CE36D617D616CE16D617D617CE36D67E
:1066900016D617CE17D616D617CE36D616D617CE8E
:1066A00016D637CE16D617D617CE16D617D617D675
:1066B00036CE17D616D616CE17D616CE36CE17D657
:1066C000F6CD74BD74C574BD74BD74C536D617CE11
:1066D00017D636D617CE17D636CE37D616D617CE0D
:1066E00036D617D617CE36D617D616CE17D636D6F6
:1066F00017CE16D617D617CE16D636D617CE16D62E
:1067000017D617CE36D616CE17D637D616CE17D6FC
:1067100017D616D616CE17D616CE37D616D617CE0D
:1067200016D6D5CD74BD74BD94C574BD94C517D6A9
:1067300017CE16D617CE16D616D617CE16D637D6ED
:1067400017CE16D637D636CE17D616CE16D617CEC5
:1067500016D637CE16D617D617CE16D617D617CECC
:1067600016D637CE16D636CE17D636D616CE37D65E
:1067700016D616CE37D636D617D617CE36D617D665
:1067800017D616CE74C574C574BD74C574BD16CE47
:1067900017D617CE16D617D617CE16D636D617CE8C
:1067A00017D616CE17D616D617CE16D637D616D675
:1067B00037D636CE17D616D637CE17D616D616D625
:1067C00037D616D637CE37CE16D636D617CE16D6FD
:1067D00016CE17CE36D616CE17CE16D617D637CE3D
:1067E00016D617D6F6CD74BD74BD74C574BD74BD10
:1067F00074C574BD74BD74C574BDF6CD16D617CE00
:1068000017D616D617CE36D617CE16D636D617CEFC
:1068100016D617CE16D637D616CE16D617CE17D60C
:1068200016D636CE17D617CE16D617CE37D616D6DC
:1068300017CE16D636CE17D616CE37CE16D616CEDD
:1068400017D637D616CE37D617D616D616CE37D693
:10685000F6CD94BD74C594BD74BD74C516D617CE5F
:1068600016D616D617CE16D617D616CE17D637CEBC
:1068700016D616CE17D636CE17D617CE36D617CE94
:1068800016D636D617CE17CE16D637CE16D636CE65
:1068900017D617D636CE17D616CE16D617D636CE6C
:1068A00017D616D637D616CE17D616D637CE17D653
:1068B00036D6D5C574BD74C574BD94BD95C516D600
:1068C00037D637CE16D637D617CE16D636D617CEFB
:1068D00016D617D616CE17D637D616D617CE36D624
:1068E00016D617CE16D636D617CE36D636CE17D6FD
:1068F00017D616CE17D616D637CE16D617CE17D62B
:1069000036D617CE16D616D637CE16D616CE17D6FC
:1069100016D616CE74BD74BD94C574BD74C516CE9E
:1069200017D616CE36CE37D617D616CE17D636D6BB
:1069300017CE36D637D617CE16D637CE16CE17D6B2
:1069400016D617CE16D636CE17D616CE17CE17D6E3
:1069500016D616CE17D616D617CE17D636D617CECB
:1069600017D636D617D617CE16D616D617CE16D6B3
:1069700016CE17D6F5CD74BD74BD94C574BD74BD67
:1069800074BD94C574BD74BD94C5F6CD16CE37D60E
:1069900016D617CE37D616D617CE37D616CE17D66A
:1069A00037D616CE17D637CE17D636D616CE17D63A
:1069B00037CE16D636D617CE16D637D616CE17D62B
:1069C00017D616CE37D616D617D636D617CE16D633
:1069D00037D616CE16CE17D636D617CE17D616D62B
:1069E000F6CD74BD74C594BD74BD74BD37D636CEB6
:1069F00017D617CE36D617D616CE36D617D616D603
:106A000017CE17D636D616CE17D616D616CE17D61A
:106A100017CE36D616D617D636D617CE17D616D6E2
:106A200036CE17D616D617CE37D616D617CE36D6BA
:106A300016CE17CE37D616D616CE37D616CE17D6D2
:106A400017D6D5C574BD74C574BD74BD94C517D6AD
:106A500016CE16D617D636CE17CE17D636CE16D6B3
:106A600017D636CE17D616CE16D637D617CE16D69A
:106A700037D617CE16D617CE17D616D616CE17D6A9
:106A800036D616CE17D617D616CE17D616D616CE9B
:106A900017D637CE16D617CE17D616D637CE17CE70
:106AA00016D616CE74BD94BD74BD74C574BD16CE15
:106AB00017D616D617D616CE36D617CE16D617D662
:106AC00016CE16D617CE16D636D617D617CE16D65B
:106AD00017CE17D636D617CE16D636D617CE37D609
:106AE00016CE17D636D616D617CE16D636D617CE1B
:106AF00016D616D617CE37D636D617CE37D616D6E2
:106B000017CE36D6F6CD74BD74C594BD74C574BDAC
:106B100074BD74BD94C574BD74BDD6CD16D636CEC5
:106B200017D616CE36D617D616CE16D617D636CEDA
:106B300016D617D616CE16D617D617CE36D616D6E2
:106B400017CE17D616D636CE17D616D616CE37D6B9
:106B500016D617CE17D616CE16D617D637CE16D6C9
:106B600017D617CE16D617D616CE36D617D616CEB9
:106B7000F6CD74BD74C574C574BD74BD16CE16D67D
:106B800017D636CE16D617D637CE16CE16D637CE61
:106B900016D617D616CE17D637D616CE37D616D661
:106BA00017CE17CE16D636D617CE16D617D617CE80
:106BB00016D616CE17D636D616CE17D617D616CE6A
:106BC00017D617D616CE37D617D616CE16D616CE59
:106BD00017D6D5C574C594BD94C574BD94C537D6B4
:106BE00016CE17D616D616CE17D616D617CE17D659
:106BF00036CE17D617D636CE16CE17D616D617CE11
:106C000016D636D617CE16D637D617CE16D637CED8
:106C100017D616D637CE36D616CE37D637D616CEA8
:106C200016D617D636CE16D617D636D616D617D6C9
:106C300037D616CE74C574C574BD94BD74C5F6CD73
:106C400017D637D616CE17D616D637CE16D617CEB7
:106C500037D616D617CE16D617D616CE36D616D6A1
:106C600037CE16D617D617CE16D617D636D616CE98
:106C700017D637CE16D617CE37D616CE17D637D666
:106C800016CE17D616CE16D617D616CE36D617D699
:106C900017CE16D6D5CD74BD74BD74C574BD74BD84
:106CA00074BD74C574BD74C594BD94C5D6CDF6CD00
:106CB000F6CDD6CDF6CDF6CDF6CDF6CDF6CDF6CDDC
:106CC000F6CDF6CDF5CDF6CDF6CDF6C5F6CDF5CDB6
:106CD000F6CDF6CDD6CDF6CDF6CDF6C5F6CDF5CDC5
:106CE000F6CDF6CDF5CDF6CDF6C5F6CDF5CDF6CD96
:106CF000F6CDF5CDF6CDF6CDF6CDF6CDF6CDD5CD9E
:106D000094C594BD74BD74BD94C574C5B5C5D6CDC8
:106D1000F6CDF6CDF6CDF6CDF6CDD6CDF6CDF6CD7B
:106D2000F5CDF6CDF6CDF5CDF6CDF6CDF6CDF5CD4E
:106D3000F6CDF6CDF6CDF6C5D6CDF5CDF6CDF6CD64
:106D4000F6CDF6CDF6CDF6CDF5C5F6CDF6CDF5CD35
:106D5000F6CDF6CDF5CDF6CDF6CDF6CDF6CDF6CD1C
:106D6000D5C594C574BD74BD74C574BD74BDB5C5B9
:106D7000F6CDF6CDF6CDF6CDF6CDF5CDF6CDF6CDFC
:106D8000F5CDD6CDF6CDF6CDF6CDF6CDF6CDF6CD0C
:106D9000F6CDF6CDF6CDF5CDF6CDF6CDF5CDF6CDDD
:106DA000D6CDF6CDF6CDD6CDF6CDF6CDD6CDF6CD2B
:106DB000F6CDF6CDF6CDF6CDF6C5F6CDD5CDF6C5EC
:106DC000D5CDB5C574BD74BD74C574BD94BD95C530
:106DD000D5CDF6CDF6CDF6CDF6CDF6CDF5CDF6CDBD
:106DE000F6CDF6CDF6CDF6CDF6C5F6CDF6CDF6CD93
:106DF000F5CDF6CDF6CDF5CDF6CDF6CDD6CDF5CD9E
:106E0000F6CDF6CDD6CDF6CDF5CDF6CDD6CDF5CDAC
:106E1000F6CDF6CDF6CDF6CDF6CDD6CDF5CDF6C583
:106E2000F6CDD5CD94BD74BD94C574BD94BD74C567
:106E300074BD74BD94C574BD74BD74BD74BD74BDA2
:106E400074BD74BD74BD74BD74BD74BD74BD74BDBA
:106E500074BD74BD74BD74BD74BD74BD74BD74BDAA
:106E600074BD74BD74BD74BD74BD74BD74BD74BD9A
:106E700074BD74BD74BD74BD74BD74BD74BD74BD8A
:106E800074BD74BD74BD74BD74BD74BD74BD74BD7A
:106E900074BD74C594BD74BD74BD74BD74BD74BD42
:106EA00074BD74BD74BD74BD74BD74BD74BD74BD5A
:106EB00074BD74BD74BD74BD74BD74BD74BD74BD4A
:106EC00074BD74BD74BD74BD74BD74BD74BD74BD3A
:106ED00074BD74BD74BD74BD74BD74BD74BD74BD2A
:106EE00074BD74BD74BD74BD74BD74BD74BD74BD1A
:106EF00074BD74C574BD74BD74C594BD74BD74BDDA
:106F000074BD74BD74BD74BD74BD74BD74BD74BDF9
:106F100074BD74BD74BD74BD74BD74BD74BD74BDE9
:106F200074BD74BD74BD74BD74BD74BD74BD74BDD9
:106F300074BD74BD74BD74BD74BD74BD74BD74BDC9
:106F400074BD74BD74BD74BD74BD74BD74BD74BDB9
:106F500074BD74BD74BD94C574BD74BD74C574BD79
:106F600074BD74BD74BD74BD74BD74BD74BD74BD99
:106F700074BD74BD74BD74BD74BD74BD74BD74BD89
:106F800074BD74BD74BD74BD74BD74BD74BD74BD79
:106F900074BD74BD74BD74BD74BD74BD74BD74BD69
:106FA00074BD74BD74BD74BD74BD74BD74BD74BD59
:106FB00074BD74BD74BD94C574BD74BD74C574BD19
:106FC00074BD74C594BD74BD74C594BD74BD74C5E1
:106FD00074BD74BD74BD74BD74BD74BD74BD74BD29
:106FE00074BD74BD74BD74BD74C574BD74C574BD09
:106FF00074BD74BD74BD74BD74C574BD74BD74C5F9
:1070000074BD74BD74BD74C574BD74BD74C574BDE8
:1070100074BD74BD74BD74BD74BD74BD74BD74BDE8
:1070200094C574BD74C594C574BD74C594BD74C550
:1070300074BD74BD74BD74BD74C574BD74BD74BDC0
:1070400074BD74BD74BD74BD74BD74BD74BD74C5B0
:1070500074BD74BD74C574C574BD74BD74BD74BD98
:1070600074BD74BD74C574BD74C574BD74BD74C580
:1070700074BD74BD74BD74BD74BD74BD74C574BD80
:1070800074BD94C574BD74BD94C574C574BD94C5F8
:1070900074BD74BD74C574BD74BD74BD74BD74BD60
:1070A00074BD74BD74C574BD74BD74BD74BD74BD50
:1070B00074BD74BD74BD74BD74BD74BD74BD74BD48
:1070C00074BD74BD74BD74BD74BD74BD74BD74BD38
:1070D00074BD74BD74BD74C574BD74BD74C574BD18
:1070E00094C574BD74C574BD94BD74C574BD94BDA0
:1070F00074BD74BD74BD74BD74BD74BD74BD74BD08
:1071000074BD74BD74BD74C574BD74BD74C574BDE7
:1071100074BD74BD74BD74BD74BD74BD74BD74BDE7
:1071200074BD74BD74BD74BD74BD74BD74BD74BDD7
:1071300074BD74BD74BD74BD74BD74BD74C574BDBF
:1071400074C574BD74C574BD74BD94C574BD74BD7F
:1071500074BD74C574BD74C574C594BD74C594C53F
:1071600094BD74C594C574C574C594C574C574C5FF
:1071700094C574C574BD94C574BD74C594BD74C5FF
:1071800074C594C574BD94C574C574BD94C574BDEF
:1071900074C594C574BD94C574C574BD94C574C5D7
:1071A00074BD94C574C574C594C574C574BD94C5C7
:1071B00074BD74BD74BD74C594BD74BD74C594BDF7
:1071C00074C574C594BD74C594C574BD94C574C5A7
:1071D00074C594C574C574C594C574BD74C594BD97
:1071E00074C574BD94BD74C594BD94C574C594C56F
:1071F00094C574BD74BD94C574BD74C594BD74C587
:1072000094C574BD74C594C574C574BD94C574C566
:1072100074BD94BD74C574BD94BD74BD74C594C56E
:1072200074BD74C594BD94C574C594C574C594C526
:1072300074C594BD74C594C574BD74C594C574C536
:1072400074C594C574BD74C594C574C574C594C51E
:1072500074C594C574C594C574C594C574C594C5E6
:1072600074C574BD94C574C574BD94C574BD74BD36
:1072700094C574BD74BD74C594BD74C574BD94C506
:1072800074C574C594C574C574C594C574C574C5F6
:1072900094C574BD74C594C574BD74C594C574BDDE
:1072A00074C574C594C574C574C594BD74C594C5BE
:1072B00074C594C574C594C594C574C594C594C566
:1072C00074C594C574C594C594BD74C594BD94C566
:1072D00074BD94C574BD74BD94C574C574BD74BDCE
:1072E00074BD74BD94BD74BD74BD74BD74BD74BDF6
:1072F00074BD74BD74BD94BD74BD74BD74BD74BDE6
:1073000094BD74BD74C574BD74BD74BD94BD74BDAD
:1073100074BD74BD94C574BD74BD94BD74BD74BD9D
:1073200094BD74BD74BD74BD94BD74BD74BD74BD95
:1073300074BD94C574BD74BD94BD74BD74C574BD75
:1073400074C594BD74BD74C574BD74BD74C594BD5D
:1073500074BD74C574BD74BD74BD74BD94BD74BD7D
:1073600074BD94BD74BD74BD74BD74C574BD94BD4D
:1073700074C574BD74BD74BD74C574BD74BD74BD75
:1073800074C574BD94BD74C574BD94BD74BD74BD25
:1073900074BD94C574BD74BD74BD94BD74BD74C515
:1073A00074BD74BD74C574C574BD74BD74BD74BD45
:1073B00074C574BD74BD74BD74BD74BD74BD74BD3D
:1073C00094BD74BD74BD74BD94C574BD74BD74BDED
:1073D00074BD94BD74C574BD74BD74BD94BD74BDDD
:1073E00074BD74BD94BD74BD74BD74BD74BD74BDF5
:1073F00094BD74BD74BD74BD94BD74C574BD74BDBD
:1074000074C594BD74BD74C574BD74BD74C574BDBC
:1074100074BD94BD74BD74BD74BD94BD74BD74BDA4
:1074200074BD74C594BD74BD74BD74BD94BD74BD8C
:1074300074BD94BD74BD74BD94BD74C574BD74BD7C
:1074400094BD74BD74BD74BD74BD74BD74BD74BD94
:1074500074BD74BD74BD74BD74C574BD74BD74BD9C
:1074600074BD94C574BD74BD74C574BD94BD74C53C
:1074700074C574BD94C574C574BD94C594C594C5D4
:1074800094C594C594C594BD94C594C594BD94C544
:1074900074C594BD94C594C594C594C574C594C56C
:1074A00094BD94C574C594BD94C594C574C594C564
:1074B00094C594C574C594C594C594C594C594BD2C
:1074C00094C594C574BD94C594BD94C594C594BD2C
:1074D00074BD74C594BD74C574BD94C574BD94C5A4
:1074E00094BD94C594C594BD94C594C574C594C504
:1074F00094BD94C594C594BD94C594C594BD74C5FC
:1075000094C594C594C594C594BD94C594BD94C5C3
:1075100074C594BD94C574C594C594C594C574C50B
:1075200094BD94C594C594BD94C574C594BD94C5CB
:1075300094BD74BD94C574BD94C574C594BD74BD2B
:1075400094C594C594C594C594BD94C594C574BDA3
:1075500094C594C574C594BD94C594C594BD94C593
:1075600094C574BD94C594C594BD94C594C574BDAB
:1075700094C594C574BD94C594C594BD94C594C573
:1075800094C594C574C594C594BD94C594C594C55B
:1075900094C574BD74C594BD74BD94C574BD74BDEB
:1075A00094C594C594BD94C594C574BD94C594C543
:1075B00094BD94C594C594BD94C594C574C594C533
:1075C00094C594C574BD94C594C594BD74C594C543
:1075D00094BD74C594C594BD94C594C594BD94C51B
:1075E00094C594BD94C594C594BD94C594C574C503
:1075F00094C594BD74C574BD94BD74C574BD74BD8B
:1076000074BD74BD74C574BD74BDB5C516D616D62B
:1076100017CE16D616D616D616D616D616D616D611
:1076200017D616CE16D617D616CE16D617D616D607
:1076300016D617D616CE16D617D616D616CE17D6F7
:1076400016D616CE17D616D617CE16D616D617D6E7
:1076500016D616CE17D616D616D617D616D617D6CF
:10766000D5C574BD74C574BD94BD74BDD6CD16D6D4
:1076700016D617CE16D616D616D616D617D616D6B0
:1076800016D617D616D616D617D616CE16D617D69F
:1076900016CE16CE17D616D616D617D616D616CEA0
:1076A00017D616D616CE17D616CE16D617D616CE8F
:1076B00017D616D616D617D616D616D617D616D667
:1076C00016D695C574BD94BD74BD74C594C5F6CD6C
:1076D00017D616CE17D616D617D616D616D617D64E
:1076E00016D616D617D616D616CE16D616D617D640
:1076F00016D616CE17D616D616D617D616D616D630
:1077000017D616D616D616D616D616D616CE16D620
:1077100016D616CE16D617D616D616CE17D616CE1F
:1077200017D6D6CD74BD74C594BD74C574BDD5CD02
:1077300017D616D616D617D616D616D617D616D6E6
:1077400016CE16D616D616D617D616D616CE17D6E7
:1077500016D616D617D616D617D616CE17D616D6CE
:1077600016D617D616D616D617D616D616D617D6B6
:1077700016D616D617D616D616CE17D616D617CEB6
:1077800017D616CEB5C574C574BD94C574BD74BD89
:1077900074BD74BD94C594BD74BDF6CD17D616CE18
:1077A00017CE17D617CE17CE17CE17CE17CE16D6A2
:1077B00017CE17D616CE17CE17D616CE17CE17CE93
:1077C00016D617CE17D616CE17D617CE16CE17D674
:1077D00017CE16CE17D617CE16CE17D617CE17CE73
:1077E00016D617CE17D616CE17CE17CE16D616D655
:1077F000F6CD74BD74C594BD74C574BD16D617D6C8
:1078000017CE16D617CE17D617CE16CE17CE17CE42
:1078100016CE17CE17CE16D617CE17D616D617CE2B
:1078200017D616D617CE17CE16D617CE17D616CE13
:1078300017D617D616CE37D617CE16CE17D617CEE2
:1078400016D617CE17CE16CE17CE17D616CE17CE03
:1078500017D6D5C574BD74C574BD74BD94C517D68F
:1078600017CE16D617CE17CE16CE17CE17D616CEE3
:1078700017CE17CE16D617CE17D617CE16CE17D6CA
:1078800017CE16D617CE17CE16CE17CE17CE16CECB
:1078900017CE17CE17CE17CE17D617CE17CE17D6B0
:1078A00017CE17CE16D617CE17D616D617CE16D693
:1078B00016CE16CE74BD74BD74C574BD94BDF6CD20
:1078C00017D617CE16CE17CE17CE16CE17D617CE82
:1078D00017D617CE17CE16D617CE17CE16D617CE6A
:1078E00017CE16CE17CE17D616CE17D617CE16CE63
:1078F00017D617CE16CE17CE17CE16CE17CE17CE5A
:1079000016CE17CE17D616CE17D617CE16D616D633
:1079100017CE16D6F6CD74BD74BD74C594BD74C5AE
:1079200074BD74C574BD74C574BDF6CD16D617D6B6
:1079300036D616D616D637D616D616D637D616CE8D
:1079400036D637D616D636D637D616D636CE37D61C
:1079500016D636CE37D616D636CE17D636D617D654
:1079600036D637D616D636D617D616D636CE17D63C
:1079700016D637D616CE37D616D617CE37D616CE5B
:10798000F6CD74BD74BD74C574BD94BD16D617D63E
:1079900036CE16D637D616CE37D616D636D617D614
:1079A00016D636D617D616CE37D616CE37D636CE0C
:1079B00017D636D616CE37D616D636CE17D636D6F4
:1079C00036CE17D616D636D617D616D636CE17D604
:1079D00036D617D616D636D617D636CE36D617D6CC
:1079E00016D6D5C574C574BD94BD74BD94C537D6BF
:1079F00016D636D637D616D636D617D636CE36D68D
:107A000017D636D636CE17D637D616D616CE37D6A2
:107A100036D616D637D616D636D617D636D636D664
:107A200017D636D636D616D637CE16D616D637D67B
:107A300016D636D617CE36D616CE17D637D617D692
:107A400016D616CE94C574BD74BD94C574BD16CE3D
:107A500016D617D636D616D637D616D636CE17D66B
:107A600036D616D617CE36D616D617CE36D636D644
:107A700017D636D616D637CE36D616D637D636CE13
:107A800017D636D636D617D616D637D616D617D632
:107A900036D617D616CE36D617D636CE17D636D613
:107AA00017CE16D6F6CD74BD74C574BD74BD74BD45
:107AB00074BD74BD94C574BD74BDF6CD16D617CE15
:107AC00017CE16D617CE16D616D637CE17D616D64A
:107AD00017CE17CE16D617CE17D616D617D617D658
:107AE00016CE17D617D616CE17D636D617CE16CE32
:107AF00016D617CE17CE16D637CE16D617D636CE02
:107B000017D616D617CE36D616D617D616CE37D6E1
:107B1000F6CD74C594BD74BD74C594BD17D616CE8C
:107B200017D617D616CE16D617D637CE16D617D6E0
:107B300037CE16D617D637D616CE16D617D616CEB9
:107B400017D617D616CE17D617D616CE17D617D6DF
:107B500016CE17CE17D616CE17D617D636CE16D6C1
:107B600017CE36CE17D617D616CE17D617D636CE90
:107B700017D6D5CD94BD74C574BD74C594C517CE44
:107B800017CE16D617CE16D617D617CE16D617D6A8
:107B900017CE16D617D616CE16D637D617CE16D679
:107BA00017CE17CE16D617D617CE16D617D617CE8F
:107BB00016D617D616CE16D617D636CE16D617CE5A
:107BC00016D617D637CE16D616D637CE16CE16D62A
:107BD00037D616CE74BD74C594BD74C574BD16CEAB
:107BE00017D616D617CE17D616D637CE16D616D621
:107BF00017CE16D637D617CE16D617D617CE16D618
:107C000017D617CE16D617D616CE17D616D617CE27
:107C100016D617D617CE16D637D616CE16D617D6F0
:107C200036CE17D617D616CE17D616D617CE37D6C7
:107C300016D617D6F6CD74BD94BD94C574BD74C563
:107C400074BD74C594BD74BD74C5F6CD36D616CE5C
:107C500037D617D636CE17CE17D616CE16CE17D69F
:107C600016D636D617CE16CE16D637CE16CE16D692
:107C700037CE16D616D617CE17D616D617CE17D697
:107C800016D637CE16D617D616CE17D617D616CE88
:107C900036CE17D617D616CE37D616D616CE17D658
:107CA000F6CD74BD94C574BD74BD74C536D617CEFB
:107CB00016D637D616CE17D616CE17CE16D616CE61
:107CC00017CE16D616CE17D616D617CE17D636D648
:107CD00016CE17D636D616CE37D616CE16D637D6F9
:107CE00016CE36D617D636CE16CE17D617D616CE11
:107CF00017D616D637CE16CE16D617D616CE17CE20
:107D000017D6D5C574BD74BD94C574BD94C537D69A
:107D100016CE17D636CE17CE16D636CE17D616D6E0
:107D200037CE17CE16D617CE16D617CE36D616D6CF
:107D300017CE36D616CE17CE36D616CE17CE16D6C8
:107D400036CE17CE17D617D617CE16D637D617CEAD
:107D500016CE16D617D617CE17D616D617CE16D6D7
:107D600017D616CE74BD74C574BD74BD74C516CE59
:107D700017D616CE37CE16D617CE17CE16D637CE86
:107D800017CE16D616D617CE36D616D617CE36CE70
:107D900016D617CE37CE16D617CE16D617CE36D65F
:107DA00016CE17CE16D636CE17CE17D616CE37CE5F
:107DB00016D616CE37D617CE16D636D617CE16CE40
:107DC00016D616CEF6CD74BD74C574BD74BD74C51B
:107DD00074BD74C574BD74BD74C5F6CD16CE16D60B
:107DE00017D636D616CE17D637D616D637D617CEDE
:107DF00016D637D617D616D637D617CE16D617D6E6
:107E000037CE16D636CE37D616CE16D637D616D6A7
:107E100017CE36D616D617CE36D616CE17D636D6B7
:107E200017CE16D616D617CE17D636CE17D616D6E6
:107E3000F6CD74BD74C594BD74BD74BD17D636D669
:107E400016CE17D637D636CE17D616D637D637D65D
:107E500016D637CE17D616CE37D616CE37D616D676
:107E600017CE37D616CE17D617D636CE17D617CE8C
:107E700016D617D637D616CE17D636D617CE37D64D
:107E800016D617D616D637CE37D616D636CE17D63E
:107E900016D6D5C574BD74C594BD74BD95C516D62A
:107EA00016D637D616D617D637CE16D617D636CE1E
:107EB00016D617D636D637D617CE16D617D617CE2D
:107EC00036D617D617D636D617D637D616D617D6ED
:107ED00036D616CE37D636D616CE17D616D637D6CF
:107EE00016CE36D617D636CE16D637D617CE16D6E7
:107EF00037D616CE74BD74C594BD74BD74C516CE88
:107F000016D617D636D616D617D636D616D617D6CE
:107F100037D616CE17D637D616CE17D637D616D6AC
:107F200016D637D616D616D637D637CE16D617D695
:107F300037D616D617D616D617D636D617D617D69C
:107F400016D616D637CE16D617CE37D616D617D69D
:107F500037CE16D6F6CD74BD74C574BD94BD74BD50
:107F600074BD74C594BD74BD74BDF6CD17D616CE60
:107F700017D616CE17D616D616CE37D616D616CE96
:107F800017CE16D616CE37D616CE16D617D636CE6E
:107F900017D617D616D617CE17D636CE16D617CE74
:107FA00036D617D617CE16D637D617CE16D617D63C
:107FB00017CE36D636CE17D616D617CE37D616D615
:107FC000F6CD94BD74C574C574BD74BD17D616D6F0
:107FD00017CE16D616D617CE36D616D617CE16D636
:107FE00016D617CE36D616D617CE36D616CE17D606
:107FF00016D616CE17D616D616CE17D636D616CE17
:1080000017D616CE16CE17D617D616CE36D617CE0C
:1080100016CE36D617D616CE17D616D617CE36D6D5
:1080200017D6D5CD74BD74C574BD74BD94C517CEB7
:1080300017CE16D617CE16D616D617CE17D616CEFC
:1080400017D616D616CE17D636CE16D617D636CEA5
:1080500016D617D616CE16CE17D616CE37CE17D6BC
:1080600017D616CE17D616CE37D616CE17CE16D6AC
:1080700017D617CE36D617CE16D616CE37D616CE7C
:1080800017D616CE74BD74C594BD74BD74C516CE16
:1080900017CE17D616CE17CE37D616CE17CE16D683
:1080A00016D637CE16D616CE17D616CE17D617CE6C
:1080B00016CE17D616CE17CE16D616D617CE16D67D
:1080C00017CE36CE17D617CE36CE16D617CE36CE1C
:1080D00017D617D616CE16D617D616CE16D637D62C
:1080E00017CE16D6F6CD74BD74BD94C574C574BDD7
:1080F00074BD74BD94C574C574BDF6CD36D617D69F
:1081000036CE17D637D616CE17CE17D616D637CECA
:1081100037D616D617CE17D616D637CE16D616CED3
:1081200017D616D616CE17D637D616CE17D617D6DA
:1081300016CE16D617CE36D617D616CE36D617D6B4
:1081400016CE17D617D636CE16D617D616CE16D6C4
:10815000F6CD74BD74BD94BD74C594BD36D617D626
:1081600037CE16CE17D617D616CE17CE17D636CE92
:1081700017D617D616CE17D617D616CE17D637CE91
:1081800016D637CE37D616CE17D637D616CE17D642
:1081900037D636D616CE37D616D616CE17D616D62C
:1081A00017CE17D616CE17D616D617CE17D616CE8A
:1081B00037D6D5C574BD94C574BD74BD94C537D6C6
:1081C00036D617CE36D617CE36D616D637CE16D6E4
:1081D00037CE17CE16D617D616CE37D616CE17D61A
:1081E00017CE36D617D617CE36D616D616CE17D603
:1081F00016D637CE16D617D616D637D616CE17D6EB
:1082000036D617CE16D617D617CE16D616D617CE02
:1082100016D616CE74BD74C574BD74BD74C516CEA5
:1082200017D616D636CE17D616D617CE37D616D6BA
:1082300017CE17D636D617CE36D616D637CE36D672
:1082400017D636CE17D637D616CE17D636D616CE82
:1082500017D636D616CE17D636D617CE16D616D68B
:1082600037CE17D616D637CE37D616CE16CE17D669
:1082700016D616CEF6CD74BD74BD74C574BD74BD6E
:1082800074BD74BD74C594BD74BDF6CD16D616CE3E
:1082900017D636D616CE17D636D616CE17D616D64B
:1082A00016CE37D616D616CE37D617D616CE17D642
:1082B00037CE36CE17D616D616CE17D636D617CE1A
:1082C00036D617D616CE37D616CE17D637CE16D602
:1082D00016D617CE17D616CE37D617D616CE37D611
:1082E000F6CD74BD74C574BD74BD74BD16D617D6F5
:1082F00036CE16D637D636CE16D617D636D616CEB4
:1083000017D636D616CE37D616D616D637CE16D6BA
:1083100016D617D616CE16D637D616CE16CE17D6F2
:1083200017D616CE17D617D636CE17D617D636D6B8
:1083300016D637CE16D637D636CE16D637D616D66A
:1083400016CED5CD74BD74BD94C574BD95C516D675
:1083500017D616D617CE37D616D617CE16D636D689
:1083600017D616CE37D616D617CE17D636D616CE81
:1083700017D616D636CE17D617D636D617CE16D669
:1083800036D617CE16D617CE16CE17D637D616CE69
:1083900016D637D616CE16D637D637CE16D637D609
:1083A00017D616CE94C574BD74C594BD74BD16CED3
:1083B00017D616D637D616D616CE37D616D616CE2A
:1083C00037D616D617CE17D616D617CE16D617D638
:1083D00016D616CE37D616D617CE37D616D617CE11
:1083E00017D616D617CE16D617D617CE16D617D638
:1083F00036CE16D617CE16D617D637D616CE17D6F1
:1084000036D617D6F6CD74BD74C594BD74BD74C58B
:1084100074C574BD74BD74C574BDF6CD16D617CEC3
:1084200017D616CE17D617D636CE17D617D616CEDF
:1084300017D617CE36D616CE17D616D636CE17D6B0
:1084400016D617D637CE16D617CE36D617CE16D6A0
:1084500017D637CE16D616D617D616CE17D636CE90
:1084600017D636D616CE17D636CE16D617D636CE61
:10847000F6CD74C594BD74C574BD94BD17D616D61B
:1084800017CE17D616D617CE17D636D617CE17D67E
:1084900016CE17D637CE16CE17D637CE16D617D657
:1084A00017CE16D617D637CE16D617D636CE16D640
:1084B00017CE36D617D616CE17D636CE17CE16D638
:1084C00037CE16D617D616CE17CE16D617D617CE47
:1084D00017D6D5CD74BD74BD74C594BD94C517CEE3
:1084E00016CE16D617D616CE17D617CE16D617D640
:1084F00016CE17D636D616CE17D616D617CE36D6F1
:1085000017D617CE16D616CE17D617CE16D637CE06
:1085100017D616D637CE16D617D636CE16D617CECF
:1085200017D616D617CE16D617D616CE17CE16D6FF
:1085300017D616CE74BD74C594BD74C574BD16CE61
:1085400017D616CE17CE17D616CE17D616D617CEE6
:1085500016D636CE17D616D637CE16D617CE17D68F
:1085600016CE17D616D616CE17D616CE36D617CEA8
:1085700036D617D637CE16D636D617CE37D616D627
:1085800017CE36D617D616CE16D617D636CE17D65F
:1085900016CE16D6F6CD74BD74C594BD74BD74C523
:1085A00074BD94C594BD74BD74C5F6CD36D617D6CA
:1085B00036CE16D617D636CE16D617D636CE36D6F1
:1085C00017D617D616CE37D617CE16D617D636CE1E
:1085D00016D617D616CE37D616D617CE16D616D628
:1085E00017CE16CE37D617D616CE37D616D617CE06
:1085F00017D636D617CE17D616D617CE17D616D606
:10860000F6CD74BD94BD74C574C594BD16D617D689
:1086100036CE16D617D616CE16D617CE16D637D6CF
:1086200016CE16D617D616D617CE16D616D637CEDF
:1086300036CE16D617D616CE17D617D636D617CEAE
:1086400016D637D616CE16D617D616D616CE17D6B7
:1086500017D616CE17D637D616CE17D636CE16CE96
:1086600017D6D5C574BD74C574BD74BD94C537D651
:1086700037D616CE36D617D636CE36D617CE17D62E
:1086800036CE17D617D636CE17D636D617CE16D63E
:1086900036CE17D617D636CE16D617D636CE16D62F
:1086A00017CE16D637D616D617CE16D616D637CE3E
:1086B00016D637CE17D636CE16D617D636CE17D60E
:1086C00016D616CE74BD74BD74C574BD74C516CEF1
:1086D00016D617D636CE17D636D617CE37D616D6E6
:1086E00017CE17D616CE36D617D616CE36D637CEE6
:1086F00017D636D617CE37D616D617CE17D616D6E5
:1087000016CE37D616CE17D616D636CE17D616CEE6
:1087100017D617D636CE17CE16D636CE17D617D6CC
:1087200016CE16CEF6CD74BD74BD74C574BD74BDC1
:1087300074BD74BD74C574BD94BDF6CD16CE17D688
:1087400017D636CE17D616CE17D617CE16CE16D6C5
:1087500037CE16D616D617CE36D617D617CE16D68D
:1087600037CE16D616D617CE16D637D617CE36D65D
:1087700016D617CE16D617CE36CE16D617D616CE96
:1087800016D617CE36D616D617CE36D616CE17D65E
:10879000F6CD74BD74BD74BD74BD74BD16D637D628
:1087A00016CE17D637CE36D617D616CE36D617D61D
:1087B00017CE36D616D637CE16D617D617CE16D62D
:1087C00017D637CE16D636CE17CE16D617CE17D624
:1087D00016D617CE37CE16D637D617CE36D617D6EC
:1087E00036CE16D617D636CE16D617D636D617D6D6
:1087F00016D6D5C594C574BD94C574BD94C517D699
:1088000017CE16D617CE17D616D616CE17D636D6FC
:1088100016CE17D616CE17D616CE17D616D617CE14
:1088200016D636D617CE17D636D617CE17D616D6B4
:1088300016CE17CE16D637CE17D617D636CE17D6B3
:1088400016D616CE37D617D616CE37D617D616CE9C
:1088500037D616CE74BD94C574BD74BD94BD16CE06
:1088600017D616D617D636CE16D617CE16D636D675
:1088700017CE17D636D617CE17D616D616CE17D68B
:1088800016D616CE37CE16D616D637CE17D616D65D
:1088900017CE16D617D617CE16D617D616CE36D66C
:1088A00017D616CE16D637D617D616CE17D636D634
:1088B00017D617D6F5CD74BD74C594BD74C574BDF7
:1088C00074BD74C574BD74C574BDF6CD16D616CE10
:1088D00017D617D636CE17D616D637D617D616CE03
:1088E00017D636CE17D616D616CE37D616D617CEFC
:1088F00017D616CE37D617CE16D616D637CE17D6EB
:1089000016D637D616D616D617D617CE36D637D6AB
:1089100016CE17D617D636CE17D616D637CE16D6CB
:10892000F6CD94C574C594BD94C574BD17D616D63E
:1089300017CE16D616D617CE17D636D617CE16D6CB
:1089400017CE17D636CE17D636D617CE36D616D67B
:1089500017CE17D616D617D636D616CE17D636D683
:1089600016CE17D616D616CE17D636CE17D616D69C
:1089700017CE37D616CE17D617D616CE17CE37D671
:1089800017D6D5C574BD74C574BD94BD94C517D62E
:1089900016CE36D617D617CE36D617D617CE16D64B
:1089A00017D636CE17D616D637CE16D637D617CE1A
:1089B00017D616CE16D617D636CE16D617D637D623
:1089C00036D617D616CE16D637D616CE17D617D613
:1089D00016CE16D617D616CE16D617D616CE16D64D
:1089E00017D616CE74C574BD94C574BD74C516CEA5
:1089F00017D616CE17D617D616CE17D616CE37D60A
:108A000016D616CE17D616CE37D617D616CE37D6DA
:108A100017D616CE17D617D616CE36D617CE36D6CA
:108A200037D616CE36D637CE16D617D637CE16D67A
:108A300017CE37D616D617CE16D617D636CE16CEB2
:108A400017D637D6F5CD74BD74BD94C574BD74BD4D
:108A500074BD94BD74C574BD74BDF6CD16D636CE46
:108A600017D616D616CE37D616CE16D637D617D672
:108A700016CE17D637D616CE17CE16D636D617CE72
:108A800016D636D617CE16D637D616CE16D617CE5B
:108A900017CE36D617CE37D616D617CE16D617D649
:108AA00037CE16D616CE17D616D617CE37D616D63A
:108AB000F6CD74BD74BD74C574BD94BD16D617D6FD
:108AC00037CE16D616D637CE16D617CE17D636D6FA
:108AD00016D617CE17D616D617CE16CE17D636D62A
:108AE00016CE17D636CE17D617D636CE17D616D6FA
:108AF00037CE17D616D637CE16D617D616CE16D6EA
:108B000017D616CE36D617D616CE36D617D616CEDA
:108B100016D6D5C574BD74C574BD74BD95C516D6BD
:108B200037D616CE16D637CE16D617D636CE17D699
:108B300017D636CE16D617D636CE16D617CE36D68A
:108B400016D637CE17D616CE17CE16D616CE17CEC9
:108B500017D636D617CE16D616CE36D617D636CE6A
:108B600037D617D616CE37CE37D616D637CE17D637
:108B700016D616CE74BD74BD74C574BD74BD16CE44
:108B800017D616CE36D617D637CE16D617D617CE58
:108B900036D617D616CE36D617CE16D636CE17D62A
:108BA00016D636CE17D617D636CE17D616D617CE39
:108BB00016D617D617CE16D616CE37D616D616CE4A
:108BC00017D616D637CE16CE17D637D616CE17D618
:108BD00016CE16CEF6CD74BD74BD74C574BD74BD0D
:108BE00074BD74C594BD74BD94C5F6CD17D617CEAB
:108BF00036D617CE17D616D617CE16CE16D637CEF1
:108C000016D616D617CE37D616D617CE17D636D6D0
:108C100017CE17D616D617CE37D616D617CE36D6C7
:108C200016D617CE16CE16D637CE16D616CE17D6E1
:108C300016D636CE17D617D636CE16CE17D616D6A9
:108C4000F6CD94BD74BD74C574BD74BD36D617CE53
:108C500016D637CE17D616D636CE17D616CE37D668
:108C600016CE16D637D616CE16D637D617CE16D679
:108C700017D636CE16D617CE16D617CE16D617CE90
:108C800036D616D617CE37D616D617CE37CE36D618
:108C900017D617CE16D637CE16D617D636CE17D647
:108CA00017D6D5CD94BD74BD94C574BD94C517D6E3
:108CB00017CE16D617D616CE17D616CE36D617CE50
:108CC00016D617D617CE16D617D617CE16D617D64F
:108CD00016CE37D616D617D637D636D617CE16D6E0
:108CE00016CE17D637D617CE17D616CE17D616CE1F
:108CF00016D617D616CE17D616D616CE17D637CE08
:108D000016D616CE74BD94C574BD74C574BD16CE8A
:108D100017D617D636CE16D617D636CE16D617CEC7
:108D200016D637D617CE16D617D616CE17D617D6CE
:108D300016CE36D617D616CE16D617D617CE16CED0
:108D400016D637D617CE16D617D617CE16D637CE96
:108D500016D617D616CE36D617D616CE17D637D67F
:108D600016D617D6F6CD74BD74C594BD74C574BD42
:108D700074BD74C574BD74BD74C5F6CD16CE16D65B
:108D800017D636CE16D637D617CE16D637D617CE36
:108D900016D616CE17D616D636D617CE16D616D661
:108DA00017CE36D616D617CE16D617D617CE36D637
:108DB00017D617D636D617CE17D636D617CE17D61D
:108DC00016D637CE17D616D637CE16D617D637CEF6
:108DD000F6CD74C594BD74BD74C574BD17D616D6D2
:108DE00016CE37D617CE16D617D616CE17D617CE1E
:108DF00016D637D617CE16D637D616CE16D617CEE7
:108E000037D616D617CE36D617D636D617CE16D6AE
:108E100017D616CE16CE17D616D616CE17D616D607
:108E200036CE17D617D616CE17D617CE16D636CEBE
:108E300017D6D5C574BD74C574BD94BD94C517D679
:108E400036CE17D637D616CE17D637D616CE16D676
:108E500037CE16D637CE36D617D636CE17D616CE4E
:108E600017D616CE36D617CE16D617D637D616CE76
:108E700016D637CE16D616D637CE17D616D617CE66
:108E800037D616CE37D616D617CE36D616D617CE36
:108E900017D616CE74C574BD94BD74C574BD16CEF8
:108EA00016D617D617CE16D617D636CE17D616D64E
:108EB00036CE17D616CE37D616D637CE16D617CE0E
:108EC00037D616D617CE37CE16D636D637CE16D6D6
:108ED00017D636CE16D617D636CE16D617D637CEE6
:108EE00016D617D617CE16D636D617CE16D616CE17
:108EF00017D616D6F6CD74BD74BD94C574BD74BDB9
:108F000074BD74BD94C574BD74BDF6CD16D616D6A9
:108F100017CE17D616CE36D617D616D636CE17D6C5
:108F200017D636CE17D617CE16CE37D617CE16D6BC
:108F300037CE17D616CE36D617CE16D636CE17CE95
:108F400016D616CE17D616D616CE17D636D616CEB7
:108F500017D616CE16D617D616CE17D616D616CEC6
:108F6000F6CD74C574BD94BD74C594BD17D616D620
:108F700037D616CE16D637D617CE36D616D617CE45
:108F800036D616CE17D616CE17D617D636CE17D655
:108F900016D617CE17D616CE16D637CE16D617D665
:108FA00037CE36D617D617CE36D617D617D616CE14
:108FB00016CE37D616D616CE37D616D617CE16D626
:108FC00017D6D5C574BD74C574BD74BD95C516D608
:108FD00016CE37D616CE16D637D616CE17D617D605
:108FE00016D616CE17D616CE16D617D636CE37D6F6
:108FF00017D616CE17D616CE16CE17D616CE37D60D
:1090000017D616CE16D617D636CE16D617D636CED5
:1090100016D617D636CE17D617CE36D617D616CEC4
:1090200037D616CE74BD74C594BD74BD74C516CE46
:1090300017D616D636CE17D616CE17D617D616CEC4
:1090400017D616D617CE16D637D616CE16D637D68C
:1090500016CE16D617D617CE16D617D616CE17D6C4
:1090600017D616CE17D637CE16D616D617CE16D694
:1090700036CE17D617D636CE17D617D636CE17D643
:1090800016CE36CEF6CD74BD74BD74C574BD74BD38
:1090900074BD74C594BD74C574BDF6CD37D616CEF7
:1090A00037D617D616CE17CE17D616CE16D617D653
:1090B00036CE16D637D616D616D617D636CE16D6FE
:1090C00017D617CE16D637D617CE16D617D617D62A
:1090D00036CE17D617CE36D617CE17D636D617CEEB
:1090E00017D636D637CE16D637CE16D637D616CEB4
:1090F000F6CD74BD74C574BD74BD94BD16D617CEBF
:1091000037D616D616CE17D616CE37D616D617D6CB
:1091100017CE16D636D617CE16D637D616CE16D6C4
:1091200037CE16D637D616CE17D617D616CE16D6B3
:1091300017CE16D637D616CE16D637CE37D616D683
:1091400017D617CE36D617D616CE37D616D617CE92
:1091500037D6D5CD74BD94C574C574BD94C537D606
:1091600017D616CE17D616D616CE17D636CE17D693
:1091700016D637CE17D616D617CE17D616D616CE83
:1091800037D616D617D637D636CE17D616D616CE2B
:1091900037D617D616CE17D617D636CE17D616D63A
:1091A00017CE17D616D616CE17D617D616CE16D673
:1091B00017D616CE74BD74C574BD74BD74C516CEF5
:1091C00017D616CE37D617D616CE36D637CE17D6F2
:1091D00016D637CE16D617CE17D616D617CE17D622
:1091E00016CE37D616D616CE37D617D616CE36D6D4
:1091F00037D616CE16D617D637CE16D617D637CEC2
:1092000016D616CE36D617CE16D616D637CE17D6D3
:1092100016D617D6F6CD74BD74C594BD74C574C585
:1092200074BD74BD74C574BD74BDF6CD16D616CEAE
:1092300037D616D616D637D617CE36D617D617CE79
:1092400016D617CE17CE36D617CE17D616D637CE99
:1092500016D616D637CE16D616D637CE16D616D67C
:1092600037D616CE16D637D616CE16D617CE36D653
:1092700016D617CE16D617D616CE37D617D616D67A
:10928000F6CD94BD74C574C594BD74C516D617CEFD
:1092900016D617D637CE16D617D616CE37D616CE42
:1092A00017D637D616CE17D636CE17D617D616CE31
:1092B00017D616D616CE37D616D637CE16D637D6FA
:1092C00016CE17D616D617CE16D616CE17CE36D63B
:1092D00016D617CE16D617D617CE36D616D617CE22
:1092E00016D6D5C574BD74BD94BD74BD94C517D6CE
:1092F00016CE37D617D616CE37D617D616CE36D6C2
:1093000017CE16D637D636CE16CE37D616D617CEB9
:1093100016CE36D617CE16D617D637CE16D616CECA
:1093200017D636D617CE16D636CE17D616CE37D691
:1093300016CE37D616D636CE17D616CE37D617D681
:1093400016D616CE74BD94C574C574BD94BD16CE24
:1093500017D616D617CE16D617D616CE16D637CEA1
:1093600016D616D637CE16D616CE37D636D616CE53
:1093700017D637D616CE16D637D616CE17D616CE61
:1093800017D637D616CE16D617CE36D616D617CE51
:1093900017D616D617CE17D616CE16D617D636CE61
:1093A00016D617D6F5CD74BD74BD94BD74BD74BD0D
:1093B00074BD74C594BD74BD94C5F6CD16CE17D6D4
:1093C00016CE17CE36D616D617CE36D617CE16D61A
:1093D00036D617D616CE16D637CE16D617D617CE01
:1093E00036D617D617CE16D617D637CE16CE17D6F0
:1093F00017D616CE17D617D636D617CE17D616CE00
:1094000017D617CE36D617D616CE16CE17D616D6F0
:10941000F6CD94BD74BD74BD74BD74BD37D616D67B
:1094200016CE37D616CE17D616D617CE16D636CEB9
:1094300016D617D617CE16D616D617CE36D617D6B8
:1094400017CE36D617CE17D616CE16D637D617CE97
:1094500016D636CE17D637D616D617D617CE16D678
:1094600037CE16D636CE17D616CE16D637CE17D658
:1094700016D6D5C574C574C574BD94BD95C516D62C
:1094800016CE37D616CE16CE37D617D616CE17D658
:1094900017D616CE17D617D616D617CE37D616D657
:1094A00017D617CE16D616CE17D616D637CE17D64F
:1094B00016D617CE36D617D617CE16D617D616CE40
:1094C00016D617CE37D616D617CE36D616CE17CE18
:1094D00037D616CE74BD74C594BD74BD74C516CE92
:1094E00017D616D636CE37D617D616CE17D617D6E7
:1094F00016CE17D637D616CE17D617D616CE16D600
:1095000017D616CE17CE17D616CE37D616D617CEF6
:1095100016D617CE37D616D617CE17D636CE16D6BF
:1095200017D637CE16D637D637CE16D617D617CE8D
:1095300016CE17D6F6CD74BD74C574C574BD74BD92
:1095400074BD74C574BD74BD74C5F6CD16D617D67A
:1095500037D616CE17D617CE16D616D617CE37D67E
:1095600016D617CE37D616D617D636CE16D617CE6F
:1095700016D616CE37D616CE16D617D636CE16D661
:1095800017CE36D616CE17D636CE17D616D636CE38
:1095900017D616D636CE17D617D636CE17D617CE3E
:1095A000F6CD74C574BD94C574BD74BD37D616D6DA
:1095B00017CE16D617D636CE37D616D617CE17D61E
:1095C00036D616CE17D636D617CE16CE36D617D6F0
:1095D00016CE36D617D616CE37D616D617CE16D600
:1095E00017D616CE37CE16D616CE37D616D617D6EF
:1095F00017D616CE17D637D616D617CE17D636D6D6
:1096000017CED5CD74BD74BD74C574BD94C517D6C1
:1096100017CE16D617D616D616CE17D636D616CEDF
:1096200037D616CE16D637D616CE16D617CE36D68F
:1096300017D617CE36D637D616CE16D617D636CE7E
:1096400017D616CE16D637D616CE17D637D616CE8E
:1096500017D616D617CE17D616D637D616D616D68E
:1096600017D616CE74BD74C574BD74BD74C516CE40
:1096700017CE17D616CE17D636CE16D637D616CE66
:1096800016D637CE16D616D637CE16D617CE37D62E
:1096900016D636CE37D616D617CE16D637D616CE1F
:1096A00016D616D617CE36D616D617CE17D636D627
:1096B00016CE17D616D616CE17D636CE16D617D63F
:1096C00036CE16D6F6CD74BD74BD94C574C574BDC2
:1096D00074BD94C574BD74BD74BDF6CD16CE16D6DA
:1096E00037D616D616CE37D617D616CE36D617CECE
:1096F00016D616CE17D617D616CE17D636CE17D6FE
:1097000017D636CE17D617D636CE17D617D616CECC
:1097100037D617D616CE36D617D616CE17D637D694
:1097200016CE17D616CE17D636D616D617CE36D6AE
:10973000F6CD74BD74C594C574BD74BD16D637D648
:1097400017CE16D616D617CE16D637D616CE17D6AD
:1097500017CE36D617CE17D636D617D617CE16D67C
:1097600017D617CE16D617D636CE17D616CE37D66C
:1097700016D617D617D616CE17D636CE16CE17D67D
:1097800036D616CE17D636CE16D617D616CE16D64F
:1097900017D6D5C594BD74BD94C574BD94C537D6D0
:1097A00016CE37D617D636CE17D617D616CE37D60C
:1097B00016D617CE36D617CE17D616D616CE37CE25
:1097C00016D616D617CE17D636CE17D616D617CE2D
:1097D00037D616D617CE16D636CE17D616D637CEDD
:1097E00036D616D617CE36CE16D617CE17CE16D6F6
:1097F00037D616CE74BD74C594BD74BD74C516CE6F
:1098000016D617D616D617CE16D617D637CE16D6E4
:1098100017D637CE16D617D616CE36D617D617CEBB
:1098200016D617D616D637CE16D617D616CE37D6A4
:1098300037D616CE17D617CE36D616D617CE17D69B
:1098400036CE17D616D617CE17D616D637CE17D68B
:1098500016D616CEF6CD74BD74BD94BD74BD74C558
:1098600074BD74BD94C574C594BDF6CD16D617CE1F
:1098700017CE16D636D617CE17D636D617CE17D65B
:1098800036D616CE37D616CE16D637D617CE16D62D
:1098900016D637CE16D616D617CE36D616D617CE3D
:1098A00016D617D617CE16D617D616CE37D616D644
:1098B00017CE36D617D617CE16CE17D616D636D61C
:1098C000F6CD74BD74BD74BD94C574BD16D617D6DF
:1098D00036CE17D637CE16CE17D616CE36D617D6E4
:1098E00016CE16D617D616CE16D637D616CE16D60E
:1098F00037CE16D616D637CE17D616D617CE36CEC4
:1099000016D617CE36D617D617D616D637CE17D6C2
:1099100016CE37D617D616CE37CE17D636CE17D6A2
:1099200017D6D5C574C574C574BD94BD95C516D676
:1099300016CE17D636CE16D617D636CE17CE16D6A4
:1099400017D617CE16D616D637CE17D616D617D6A2
:1099500036CE16D617D616CE17D637D616CE16D67C
:1099600017D637CE16D617D617CE16D616CE17D68A
:1099700017D616CE37D616D617D637CE16D617CE5A
:1099800016D616CE74BD74C594BD74C574BD16CEFE
:1099900017D636CE37D616D617CE16D616CE17D63B
:1099A00016D616CE17D617CE16D617D636CE16CE54
:1099B00017D617CE16D616CE37D616D617CE16D63B
:1099C00017CE36D616D617CE17D636CE16D617D60B
:1099D00016CE37D636CE16D617D636CE17D616D6DC
:1099E00017CE17D6F6CD74C574BD74C574BD74BDDD
:1099F00074BD74BD74C574BD74BDF6CD16D637D6AE
:109A000016CE17D617D616CE16D617D616CE17D60A
:109A100017D616CE37D617D616CE16D617D636CEBA
:109A200017D617D616CE17D617CE16D637D616CEC9
:109A300036D617D636CE17D616CE37D616CE16D67B
:109A400017D636CE16D617D636CE17D617CE16D68A
:109A5000F6CD94BD74C574BD74BD94C517D616CE2D
:109A600016D617D636D617D617CE16D617D637CE61
:109A700016D617D637CE16CE17D617CE36D617D659
:109A800017CE36D617CE16D616D617CE17D616D66A
:109A900017CE36D616CE17CE36D616D617D616CE43
:109AA00016D617D616CE16D617D616D636CE17D643
:109AB00016CED5C574BD74C574BD74BD94C517D616
:109AC00017D616CE17D617CE16D636D617CE16D62A
:109AD00036D617CE16D636D617CE36CE17D617D6DA
:109AE00016CE37D617D616CE16D617CE36D616CEF3
:109AF00017D616CE36D617D617CE36D617D616CEDA
:109B000037D617CE16D617D616CE36D617D616D6C1
:109B100037D616CE74BD74C574BD74BD74C516CE6B
:109B200017D616CE17D636CE17D637D616CE37D688
:109B300017CE36D617D636CE17D617D636CE16D679
:109B400037D636CE17D617D616CE37D616D617CE68
:109B500016D617D636CE16D617D617CE36D617D671
:109B600016CE17D617D616CE36D617CE16D636CE72
:109B700017D616D6F5CD74BD74BD94C574BD74BD2D
:109B800074C574BD94BD74C574BDF6CD16D616D615
:109B900037CE16D637CE16D637CE16D636CE17D601
:109BA00016D616CE17D637D616CE17D636CE17D629
:109BB00016CE16D637D636CE16D617CE17D616CE22
:109BC00017D636CE16D617D637CE16D617D617CE08
:109BD00016D617CE17D636D616D637CE17D616D6F1
:109BE000F6CD74BD94C574BD74BD74BD37D616CEA4
:109BF00017D616CE16D637D616CE16D637D616CEDA
:109C000016D637D616CE36D617D616CE16D617D6C1
:109C100016CE37D617D616CE36D637CE16D617D698
:109C200037D616D617D617CE36CE17D617CE36D687
:109C300017D637CE16D637D617CE16D617D617D68E
:109C400036D6D5C574BD94C574BD74BD94C537D61C
:109C500036CE16D637D617CE16D617D617CE16D678
:109C600037D617CE16D617D617CE16D636D617CE67
:109C700016D617CE36D636D617CE17D616D637CE38
:109C800017D616D616CE37D616CE16D637D616CE49
:109C900016D637D616CE17D636CE17D616CE17CE40
:109CA00017D616CE74C594BD74BD74C594BD16CEBA
:109CB00017D616D616CE17D616D616CE37D616D631
:109CC00016CE17D636D616CE17D616CE17D617D628
:109CD00016D616CE37D616D617CE16CE37D616D6F9
:109CE00017CE17D617CE36D616D617CE17D636CEEF
:109CF00016D617D617CE36D617D617D616CE37D6CF
:109D000017CE16D6F6CD74BD74BD94C574C574BD9A
:109D100074BD74C594BD74BD74C5F6CD16CE17D68A
:109D200017D616CE16D637D617CE16D617D637CEA6
:109D300036D616CE17D616CE37D616D617CE16D698
:109D400037D616CE17D617D636CE16D617D637D65E
:109D500016CE17D617D616CE16D617D636CE37D677
:109D600016D616CE37CE17D616CE16D637D616CE70
:109D7000F6CD74BD74C594C574BD74BD16D637D602
:109D800017CE36D617CE17D636CE17D617CE16D64E
:109D900017CE17D616D617D637CE16D637D616CE36
:109DA00016D617D616CE17D617D616CE36D617CE47
:109DB00016CE16D617D636D616D617CE16D636D611
:109DC00017CE16CE16D617D636CE16CE17D616CE38
:109DD00017D6D5CD74BD74BD94C574BD95C517D6C1
:109DE00016CE17D616D636CE17D636D616CE17D6E8
:109DF00016CE37D616CE17D636D617CE16D636D6B8
:109E000017CE16D617CE17D636D616CE17D616D6E6
:109E100037CE17D616D617CE17D616CE37D617D6B4
:109E200016CE16D617D636CE17D616D637D616CEA7
:109E300016D616CE74BD74C594BD74C574BD16CE49
:109E400017D617D636CE17D617CE16D617D617CEA4
:109E500016D617CE17D616D636CE17D616CE37D676
:109E600017CE16D617CE36D616D617CE16D637D666
:109E700036CE16D617D617CE36D616D617CE16D657
:109E800037D616CE16CE17D616CE17D616D616CE6F
:109E900017D636CEF6CD74BD74BD74BD74C574BD11
:109EA00074BD74BD74C574BD94BDF6CD16D637CEE1
:109EB00016D617D616CE17D616D616CE17D616D64F
:109EC00017CE37D616D616CE17D637D616CE17D605
:109ED00016D637CE16D617D617CE16D636CE17D6F6
:109EE00016D636CE17D636CE17D616CE16D617D6E7
:109EF00017CE36D616D617CE17D616D617CE37D6D5
:109F0000F6CD74BD74BD74C594BD74BD16D617D698
:109F100016D616CE17D616D616D637CE16D616D6CF
:109F200037CE16CE16D617CE16D617D637CE16CEB5
:109F300017D636CE36D617D617CE16D617D637CE74
:109F400016D617CE37CE16D617D617CE36D617D684
:109F500017CE16D637D617CE16D637D616CE37D654
:109F600017D6D5C574BD74C574BD94BD94C516D639
:109F700017CE17D616CE17D617CE36D617D616CE7C
:109F800037D616D617CE36D617D617CE16D617D63C
:109F900037CE16D617D616CE17D637CE16D616D635
:109FA00017CE36D616D637CE16D616D617CE17D625
:109FB00036CE17D617D616CE16D617D617CE36D615
:109FC00017D616CE74BD74C574BD74BD74C516CED7
:109FD00017D616CE16D637D616CE36D617CE36D6D6
:109FE00036D617CE17D636D617CE17D636D616CEC5
:109FF00017D616D617CE17D636D617CE17D616CEF4
:10A0000016D637D616CE17CE17D636D617CE17D6C3
:10A0100016D637CE16D637D616CE37D637D616CE74
:10A0200016D617D6F6CD74C574BD94BD74BD74C56F
:10A0300074BD74C594BD74C574BDF6CD16D616CE68
:10A0400037D636D617CE16D637D637CE16D616D63C
:10A0500017CE17D636D617CE16D616CE37D616CE7C
:10A0600017D616CE36D616CE17D637D616CE17CE6C
:10A0700017D616D617CE17D636D617CE17D616CE73
:10A0800037D617D616D636CE17D616CE16D617D63C
:10A09000F6CD94BD74C574BD74BD94C517D616CEE7
:10A0A00037D617D636CE17D617CE16D637D617D6FA
:10A0B00016D637D637CE16D616D617CE16D617D60C
:10A0C00017D616CE17D636CE16D617D636CE16D605
:10A0D00017D636D616CE17D616CE36D617CE16D6F5
:10A0E00016D637CE16D616D617CE17D616D616CE05
:10A0F00037D6D5C574C574BD74C574BD94C537D67F
:10A1000036CE16D637D616CE16D617CE17D616D6C4
:10A1100016CE17D616D616CE17D636CE16D617CEDC
:10A1200016D636D617CE16D616D617CE37D616CEA4
:10A1300017D617CE16D637D617CE16D636D617CE92
:10A1400016D636CE17D617CE36D617CE16D617D683
:10A1500017D616CE94C574BD74BD94C574BD16CE05
:10A1600017D616D617CE17D636D617CE17D616D67A
:10A1700016CE17D636CE16D617D616CE17D636D654
:10A1800016CE37D616D617CE16D636D617CE16D644
:10A1900017D617CE36D616D617CE16D636CE17D633
:10A1A00016D617CE17D616D616CE17D617CE36D643
:10A1B00017D616CEF6CD74BD74C594C574BD74BDE6
:10A1C00074BD74BD94C574BD74BDF6CD16D617CEDE
:10A1D00017D616CE17D636CE16D617CE37D616CEFB
:10A1E00016D617CE16D637D617CE16D617D636D6DB
:10A1F00017CE17D616D617CE36D616D617D636CED3
:10A2000016D617D636CE16D617D636CE16D616D6BC
:10A2100037CE16D617CE17D636D637CE16D616D692
:10A22000F6CD74BD94C574BD74BD74C536D617CE55
:10A2300016D636CE17D616CE36D617CE16CE16CEA4
:10A2400017D616D617CE36D617D636CE16D637D65A
:10A2500036CE17D617D616CE37D617CE16D617D671
:10A2600017CE16D617D617CE36D617D617CE16D681
:10A2700037D617CE16D636D617CE16D637D616CE32
:10A2800017D6D5CD74BD94BD94BD74C595C517CEF4
:10A2900016D617D617CE36D616D637CE16D637D60A
:10A2A00017CE36D617CE17D636D617CE17D636D601
:10A2B00017CE17D636CE17D636D616CE17D636D6F2
:10A2C00016CE17D616CE16D617CE37D616D617CE2A
:10A2D00017D616D636CE17D616D636CE17CE16D6F3
:10A2E00036CE16CE74C574BD94BD74C574BD16CE7D
:10A2F00017D616D637CE16D616D617CE17D636CED2
:10A3000017D617D616CE17D636D617CE17D616D6D8
:10A3100017CE37D616D616CE17D617D636CE17D6B0
:10A3200016CE17D616D636CE17D617D616CE36D6A2
:10A3300017CE16D637D616CE17D616D616CE17D6B1
:10A3400016D616CEF6CD74BD74BD74C574BD74BD7D
:10A3500074BD74C574BD74BD74C5F6CD36D617D63C
:10A3600016CE16D637D617CE16D616D617CE37D661
:10A3700016D636CE17D616D636CE17D616CE17D652
:10A3800036D617CE17D636D617CE17CE16D617D640
:10A3900036CE17D617D616CE17D637D616CE17D630
:10A3A00016D616CE17D616D617CE17D636CE17D641
:10A3B000F6CD74BD74C594BD74BD74BD17D616D6E4
:10A3C00017CE17D616D617D636D617D617D636CEF8
:10A3D00017D616CE16D617CE17D616CE17D616CE39
:10A3E00016CE17D636D616CE17D616D636CE17D6E2
:10A3F00036CE16D617D636CE16D617D616CE36D6B3
:10A4000017CE17D616CE17D637CE16D617CE17D6E6
:10A4100016D6D5C574BD74C574BD74BD94C517D6A4
:10A4200016CE16D617D617CE36D617D616CE16D6C1
:10A4300037D616CE17D636D616CE17D616D616CE91
:10A4400017D616D617CE17D616CE17D617D616CEBF
:10A4500037D617D636D616CE17D616CE36D617D648
:10A4600016CE37D617D616CE17D637D616D617D657
:10A4700017D616CE74BD74C574BD74BD74C516CE22
:10A4800017D616CE36D617CE16D636D617CE16D641
:10A4900037D616CE17D636CE17D616CE36D617CE18
:10A4A00016D617CE37D616CE37D616CE17D636D600
:10A4B00016CE37D617D616CE37D617D616CE17D60F
:10A4C00036D616CE17D637CE36D617D636CE17D6C0
:10A4D00017D636D6F6CD74BD74BD94C574BD74C59B
:10A4E00074BD74C594BD74BD74C5F6CD16CE17D6B3
:10A4F00037D616CE17D617D616CE37D616D617CECF
:10A5000017D616D617CE17D616D637CE16D616CEDF
:10A5100017D636CE16D617D616CE16D637D617CEAF
:10A5200016D636CE17D616CE36D617D617CE37CE87
:10A5300016D637D616CE36D617D616CE16D637D668
:10A54000F6CD74BD74BD74C594BD74BD36D617D632
:10A5500036CE16D617CE37CE16D616D617CE37D657
:10A5600016D637D616CE17D636D617D617CE36D637
:10A5700017D617D616CE37D616D617CE17D616D666
:10A5800037CE17D616D617CE17D636CE17D616D63E
:10A5900016CE37D616D617CE16D636D617CE16D630
:10A5A00037D6D5C574BD74C574BD94BD94C517D6D2
:10A5B00037CE36D616D617CE17D616D617CE17CE16
:10A5C00016D617D616CE17D617CE36D617CE37D6FE
:10A5D00016D636CE17D636D616CE37D616D616CED1
:10A5E00017D617CE36D617D617CE36D617CE16D6DE
:10A5F00016CE17D616D616CE37D616CE16CE17D6F8
:10A6000017D616CE74BD74C594BD74BD74C516CE70
:10A6100017D617D616CE17D617CE36D617D616CECD
:10A6200016D637D616CE17D616D617CE37D616D696
:10A6300016CE17D616D617CE16D616D617CE17D6CE
:10A6400016D617CE16D616CE17D636D616CE17D69F
:10A6500017D616CE16D617D616CE17D636CE16CE97
:10A6600017D616CEF6CD74BD74C594BD74BD74BD39
:10A6700074BD74BD94C574BD74BDF6CD16CE16D62A
:10A6800037D616CE16D636D617CE16D616D637CE1F
:10A6900016D616CE37CE16D617D617CE36D617D62E
:10A6A00017CE16D617CE37D616D616CE37D616D61E
:10A6B00017CE17D616D637CE16D616D617CE16D62E
:10A6C00017D617CE36CE17D617D616CE17D616D61D
:10A6D000F6CD94BD74C574C574BD74BD16D637D699
:10A6E00017CE16D636D617CE16D616CE37CE16D6E7
:10A6F00016D617CE37D616D616CE37D616D616CECF
:10A7000037D616CE17D616D637CE16CE16D617D6BD
:10A7100016CE36D617CE16D636D617CE17D616D6AE
:10A7200037CE16D617D636CE17D616D616CE17D69D
:10A7300017D6D5C574BD74C594C574BD94C517D658
:10A7400017CE16D636CE17D616CE36D637D616CE66
:10A7500016D637D636CE16D617D616CE36D617D646
:10A7600017CE16CE37D617D616CE17D637CE16D664
:10A7700016D637CE16D617D616CE17D617D636CE4D
:10A7800017D637D616CE17D617D616CE37D616CE3C
:10A7900036D616CE74BD74C594BD74C574BD16CEC0
:10A7A00016D617D636CE17D616D617CE17D616CE3D
:10A7B00017D617D636CE16D617D636CE17D616D605
:10A7C00037CE36D616D617CE37D636D617CE16D6BD
:10A7D00037CE16D637D617CE16D617CE36D617CED4
:10A7E00037D616D637CE16D617D616CE17D637D6B4
:10A7F00016CE16D6F6CD74BD74C574BD74C574BDC1
:10A8000074BD74C574BD94C574BDF6CD16D617CE8F
:10A8100017D616CE37D617CE16D617CE37D616D6AB
:10A8200017CE37D616D636CE17D616D616CE37D67C
:10A8300016D616CE37D616D617CE17D616CE16D6AD
:10A8400037D616CE17D617D616CE37D616D616CE7C
:10A8500037D616D616D617CE36D637CE16D616CE4D
:10A86000F6CD74BD94BD74C574BD94BD17D616D60F
:10A8700017CE17D616D617D617CE37D616D617CE6A
:10A8800016D617CE16D617CE17CE36D617D617CE63
:10A8900016D636D617CE16D617D637D616CE37D604
:10A8A00016D617CE37D616D616CE17D636D617CE1C
:10A8B00017D616D616CE17D637D617CE36D616CE0C
:10A8C00017D6D5CD74BD74BD74BD74BD94C537D6CF
:10A8D00016D617CE17D636D617CE17D616D617CE0B
:10A8E00037D616CE17D617D636CE17D616D616CEDC
:10A8F00017D616D616CE17D616D616CE37D617D6E4
:10A9000016CE16D617CE36D616D617CE36D616D6BD
:10A9100017CE36D616CE37D616D617D617D616D6A3
:10A9200017D616CE74BD74C574BD74BD74C516CE6D
:10A9300017CE16D637D616CE16D637D636CE16D66C
:10A9400017CE36D617CE17D616CE17D616D617CEA2
:10A9500017D616CE17D636D617CE16D616D637CE6B
:10A9600016D617D636CE16D617D637CE16D616D654
:10A9700017CE36D617CE17D636D616CE17D617D64A
:10A9800016D617D6F6CD74BD74BD94C574BD74C506
:10A9900074BD74BD74C574BD94BDF6CD16D637D6DE
:10A9A00016CE16D617D617CE36D616D617CE16D63C
:10A9B00016D617D617CE16D637D616CE17D617CE2A
:10A9C00036D617D616CE16D637D617CE16D637D6D3
:10A9D00016CE16D637CE16D617CE37D616D617CEF3
:10A9E00036CE17D617D616CE16D617D637CE16D6DB
:10A9F000F6CD74BD74C594BD74BD74C536D616CE7F
:10AA000016D637CE16D616CE37D616D617D636CE9B
:10AA100017D636D616D617D636CE16D617D617CEA2
:10AA200016D617D636CE17CE16D616D617CE16D6BB
:10AA300017D616CE17D637CE16D617D616CE36CE92
:10AA400017D617CE36D616D617CE16D617D637CE79
:10AA500016D6D5C594BD74C594BD74BD95C516D61E
:10AA600036CE17D616D616CE17D616CE16D637D65B
:10AA700016CE16D617D616CE17D637CE16D617CE72
:10AA800037D636D617CE37D616D616CE17D637CEF9
:10AA900016D617D637CE16D617D637CE16D617D621
:10AAA00017CE16D617D616CE36CE17D636CE17CE2A
:10AAB00017D616CE74C594BD74BD74C594BD16CE9C
:10AAC00017D616D617CE17D616CE17D616D637CE19
:10AAD00016D616D617D636CE16D637D616CE36D6C4
:10AAE00017D617CE16D617CE16CE17D617D616CE21
:10AAF00017D616CE17D616D616CE17D616D617CE0A
:10AB000016D616D617CE16D637CE16D616CE37CEC2
:10AB100016D616CEF6CD74BD74BD94C574BD74BD85
:10AB200074BD94C574BD74BD74C5F6CD16D617CE6C
:10AB300036D617D616CE36D617D617CE36CE17D669
:10AB400036CE16CE17D616D617CE37D616D616CE82
:10AB500017D637D616CE17D636D616CE17D617CE68
:10AB600016D617D636CE16D617D616CE17D616D672
:10AB700017CE36D617D616CE17D616D617D637D640
:10AB8000F6CD74BD74C574BD74BD74C517D637CE0B
:10AB900016D617D637CE16D616CE17D616CE17D649
:10ABA00017CE36D617CE17D636D616CE17D636CE01
:10ABB00016D617D617CE36D617D616CE37D617CE08
:10ABC00036D616D617CE16D637CE17D616D616D6F2
:10ABD00037CE16D617D637CE16CE16D617D616CEF1
:10ABE00017D6D5CD74BD74C574C594BD94C517D69C
:10ABF00017CE16D637CE17D636D617CE17D636D6A8
:10AC000017CE17D636CE16D617D616CE16D617D6D8
:10AC100016CE16D617D617CE36D617D616CE16D6C9
:10AC200037D616CE16D617CE16D616CE17D636CEA1
:10AC300016D617D637CE16D617D616CE36D617D680
:10AC400016CE16CE74C574BD94C574BD74BD16CE33
:10AC500017D616D636CE37D617D616CE17D617D65F
:10AC600036CE17D617CE16D637D617CE16CE16D660
:10AC700037D616CE36D617D636D637CE16D637D6E0
:10AC800016CE37D617D636CE37CE16D637D637CEDF
:10AC900016D617D636CE17D617D616D637D617CE1F
:10ACA00016D636D6F6CD74BD74C574BD74BD74BDEC
:10ACB00074BD74C594BD74BD74C5F6CD16CE17D6DB
:10ACC00017D636CE17D616D617CE16D617D637D6EF
:10ACD00016D617CE36D616D617CE16D636D617CEE9
:10ACE00016D616CE17D617CE16D636D617CE36D6D9
:10ACF00017D617CE16D637D616CE16CE37D617D6C7
:10AD000016CE16D637D637CE16CE16D616CE17D6C0
:10AD1000F6CD94BD74C594BD74BD74BD36D617D63A
:10AD200016CE16D617D637CE16D617D636CE16D698
:10AD300017D616CE17D616CE17D617D636CE17D6A6
:10AD400036CE17D616D616CE37D617D616CE36D658
:10AD500017CE17D636D616CE17D636CE17D617D666
:10AD600016CE16D617D616CE37D617D636CE16D658
:10AD700017D6D5C574BD74BD74BD74BD94C517D642
:10AD800016CE36D617D616CE36D617D616CE16D639
:10AD900017D617CE36D617D617CE36D637D617CE05
:10ADA00016D637CE16D616CE17D637D616CE17D617
:10ADB00017CE36D617D637CE16D617D637CE16D6E6
:10ADC00016D637CE16D617D617CE16D617D637D6EE
:10ADD00016D616CE74BD74C574BD74C574BD16CEBA
:10ADE00017D617D616CE16D637D616CE16D637D6CF
:10ADF00016CE17D616D616CE17D617D616CE17D607
:10AE000017D636CE17D616D617CE16D616CE17D6D6
:10AE100036D616CE17D617D616D617CE16D616CEC7
:10AE200017D637CE16D616CE17D636CE17D616D696
:10AE300017CE17D6F5CD74BD74BD94C574C574BD59
:10AE400074BD74C574BD74BD94BDF6CD16D616CE52
:10AE500017D616CE37D617CE36D616D617CE16D666
:10AE600017D617CE36D617CE17D636CE17D617D654
:10AE700036CE17D636D617CE17D616D617CE36D626
:10AE800016CE17D617D616CE37D617D616CE36D636
:10AE900017D616CE17D616D637D637CE16D616D61E
:10AEA000F6CD74BD74C594C574BD74BD16D617D6E1
:10AEB00037CE16D616D617CE37D616D617CE36D6E6
:10AEC00017D636CE16D637D616CE17D616D617CEF6
:10AED00017D636D617CE16D617CE16D616D617CE06
:10AEE00016D617CE16D617D616D616CE37CE17D6F6
:10AEF00016D637CE16D616D617CE16D637CE17D6C6
:10AF000016D6D5C594BD74C594BD74BD95C536D649
:10AF100017CE17D616D617CE17D636CE17CE16D6CC
:10AF200036D617CE16D616CE17D616D617CE36D696
:10AF300017D617CE36D616D617CE16D636D617CE85
:10AF400016D616D617CE16D636D617CE17D616D68E
:10AF500017CE17CE16D636D637CE16D617CE16CE75
:10AF600017D616CE94BD74C594BD74BD74C516CEE7
:10AF700016D617D617CE16D617CE36D617CE16D665
:10AF800017CE36D637D616CE16D637D636CE17D6F5
:10AF900016D617CE16D617CE17D636D617CE17D644
:10AFA00016CE16D617CE16D616D637CE17D616D636
:10AFB00017CE16D637D616CE16D617CE16D636D606
:10AFC00017CE16D6F6CD74BD74BD94C574BD74BDD0
:10AFD00074BD74BD94C574C574BDF6CD16D637D690
:10AFE00016CE16D617D616CE16D637CE16CE16D6FF
:10AFF00037CE16D616D617CE36D616D617CE16D6C6
:10B0000017CE37D616D616CE37D617CE16D617D6B3
:10B0100036CE16D617CE36D616D617D616CE17D6A5
:10B0200037D616CE16CE17D616D617CE37D616D694
:10B03000F6CD74BD74BD74BD94C574BD17D636D637
:10B0400017CE17D636CE16D617D616CE17D617D693
:10B0500016CE17D637D616CE16D637CE16D616D665
:10B0600017CE16D637D617CE36D617CE37D616D633
:10B0700037CE16D637CE17D616D617D636CE16D624
:10B0800017D637CE16D617D636CE16D617D617CE33
:10B0900016D6D5CD74BD74C574C574BD94C517D608
:10B0A00016CE37D616CE16D617D616D637D617CE14
:10B0B00016D637D617CE36D616D617CE16CE16D605
:10B0C00017D616CE17D637D616CE17CE17D636D6F3
:10B0D00017CE17D636CE17D616D636CE17D636D6C4
:10B0E00016CE17D616D617CE16D637D616CE17D6F4
:10B0F00037D616CE74BD74C574BD94BD74C516CE56
:10B1000017D636CE36D617D616CE17D637D616CE93
:10B1100016D617CE17D637CE16D616CE17D636D6A3
:10B1200016CE17D636D616CE17D636D617CE17D693
:10B1300036D617CE37D636CE17D616D636CE17D643
:10B1400016D637CE17D616D637CE17D616D637CE52
:10B1500016D617D6F6CD74BD74C574BD74BD74C54E
:10B1600074BD74BD74C574BD74BDF6CD16D617CE4E
:10B1700037D616D617CE37D616D617D637D616CE1A
:10B1800017D637D616CE17D617D616CE37D616D62A
:10B1900016CE17D616CE16D637D616CE16D617D644
:10B1A00037CE16D617D617CE16CE37D616D617CE1A
:10B1B00016D637D617CE16D616CE17D616CE37D603
:10B1C000F6CD94BD74BD74C574BD94BD16D616CEAF
:10B1D00017D616D637CE17D616CE36D617D636CEC3
:10B1E00016CE17D617D616CE17D637D616CE37D6D2
:10B1F00016CE16D617D616CE16D637D616CE17D6E4
:10B2000016D636D617CE36CE17D617D616CE16D6B3
:10B2100017CE16D637CE17D616D637CE16D616CEAA
:10B2200037D6D5C574BD74BD94BD74BD94C517D64D
:10B2300036D616CE17D637CE16D616CE17D616D683
:10B2400016CE17D617D636CE17D637D636CE17D651
:10B2500036D616CE17D616D636CE17D616D616CE64
:10B2600037D616D617CE17D616CE17D617CE16D671
:10B2700037D636CE17D617CE16D616D637CE16D622
:10B2800016D616CE74C574BD74BD74C574BD16CE05
:10B2900017D616CE17D617D636CE16D617D637CE21
:10B2A00016D616D617CE16D617D617CE16D617CE52
:10B2B00037CE16D617D637CE16D616CE16D617D602
:10B2C00036CE17D616D617CE17D616CE17D636CEFA
:10B2D00016D617D616CE16D637D616CE17D617CE02
:10B2E00016CE16D6F6CD74BD74BD94C574BD74BDAE
:10B2F00074C594BD74BD74C594BDF6CD16D616CE76
:10B3000037D616CE16D637CE16D617D616CE16D6B2
:10B3100017D616CE36D617D616CE37CE17D616D6A1
:10B3200037CE17D616D637CE17D616D637CE17D66F
:10B3300016D636CE17D616D637CE16D617D636CE62
:10B3400016D617D637D616CE37D616D616CE17D669
:10B35000F6CD74BD94C574C574BD74BD37D616D60C
:10B3600016CE37D616D617CE16D637CE17D616D651
:10B3700036CE17D616D636CE17D616D617CE17D641
:10B3800036D617CE37D616D617CE16D616CE17D631
:10B3900017D616CE17D616D636CE17D637D616CE21
:10B3A00017D636D616CE17D617CE16D637D617D608
:10B3B00017CED5CD74BD74C594C574BD95C537D6AB
:10B3C00016CE17D617D636CE17D637CE16D637CED8
:10B3D00016CE16D617D616CE16D617D617CE16D622
:10B3E00017D637CE16D617CE17D636D617CE17D6CF
:10B3F00016D636CE17D616D636CE17D616D617CEC2
:10B4000017D616D636CE17D617D636CE17D617D6A7
:10B4100016CE16CE74C594BD74C574BD74BD16CE5B
:10B4200017D616D617CE16D617CE16D616D617CED0
:10B4300037D616D636CE17D636D637CE16D617D638
:10B4400016D616CE17D617D636CE17D617D636CE70
:10B4500016D617D616CE16D637D616CE17D617D678
:10B4600036CE17D617CE36D617D616CE36D617D630
:10B4700016CE36D6F6CD74BD74BD94C574BD74BDFC
:10B4800074BD74C594BD74BD74C5F6CD16CE17D603
:10B4900017D616D617CE16D617CE36CE17D637D61F
:10B4A00016CE17D617CE36D616D617D616CE16D631
:10B4B00037D616CE16D617CE16D616CE17CE16D629
:10B4C00016D617CE36D617D616CE17D617CE36D6F0
:10B4D00017CE16CE16D617D637CE16D617D636CEE8
:10B4E000F6CD74BD74BD94C574BD74BD17D637D682
:10B4F00016CE17D616D616CE37D616D617CE17D6E0
:10B5000016D637CE16D617CE36D616CE17D616D6B0
:10B5100016CE17CE36D617D617CE36D617D637CE86
:10B5200016CE17D636D617CE16D616CE37D617D68F
:10B5300016CE17D616D636CE17D616CE16D617CEA8
:10B5400016D6D5CD74BD74BD74C574BD94C517D65B
:10B5500016CE16D637D616D616CE17D616D637D658
:10B5600017D636CE37D617CE16D616CE37D616D62F
:10B5700016CE17D636D617CE16D616D637CE17D63F
:10B5800016CE17D637D616CE17D636D636CE17D60F
:10B5900016CE17D616D636CE17D616CE16D617D640
:10B5A00037CE16CE74C574BD94BD74C574BD16CEA9
:10B5B00017D616D636CE37D617D636CE17D616CEDF
:10B5C00017D617D616CE17D616D616CE37D616D607
:10B5D00017CE36D616CE17D616D637CE17D616CEE7
:10B5E00017D637CE16D617D636CE16D617D616CECF
:10B5F00017D636D616CE17D617CE16D637D617D6B6
:10B6000016D617CEF6CD74BD74C574BD74C574BDA1
:10B6100074BD74BD74C574BD74BDF6CD16D637CE79
:10B6200016D637D617CE16D637D616CE17D616D686
:10B6300036CE17D617D616CE37D617D616CE37D65D
:10B6400017D616CE37D617D636D617D637CE16D645
:10B6500017CE17D616CE37D616D616CE37D616D65E
:10B6600017D637CE16D616D617CE17D616D616D666
:10B67000F6CD74C574BD74BD94C574BD16D616D60A
:10B6800017CE37D616CE17D617D616CE36D617D62D
:10B6900016CE17D617D616D617CE37D616D637CE1D
:10B6A00017D616D616CE17D636D616CE17D636D607
:10B6B00016CE17D637D616CE17D616D616CE37D6FE
:10B6C00016CE17D637D616CE17D637D616CE36D6CE
:10B6D00017D6D5C594BD74BD74BD94BD94C517D699
:10B6E00037CE16CE17D616CE17D616D617CE16D6F6
:10B6F00017D616CE16D637D617CE16D637D617CEBD
:10B7000016CE16D617D636CE17D616CE16D637D6AE
:10B7100016CE16D617CE16D617D617CE16D636D6BE
:10B7200017CE17D636D617CE17D636D617CE16D68C
:10B7300017D616CE74BD74C574BD94C574C516CE27
:10B7400017D617D616CE17D616D617CE36D616D685
:10B7500017CE36D617CE17D616CE17D617CE36D664
:10B7600017D617CE36D617CE16D616D636CE17D64D
:10B7700016D616CE37D617CE16D637D616CE17D63D
:10B7800036D617CE16D617D636CE16CE17D616CE36
:10B7900017D616D6F6CD74BD74BD94C574BD74BDF0
:10B7A00074BD74C594BD74C574BDD5CD17D616CE01
:10B7B00036D617CE16D636D617D617CE16D617CEFD
:10B7C00036D616D617CE16CE16D637CE16D616CEF7
:10B7D00017D616D617CE36CE16D617D616D636CEDE
:10B7E00037D616D617CE16D637D616CE16D617D6C5
:10B7F00016CE17D636D616CE37D616CE37CE17D6A5
:10B80000D5CD94BD74C574BD74BD74BD16CE16D6A9
:10B8100017D636CE16D617D636CE17D616CE36D67D
:10B8200017CE16D636CE17D616D617CE16D636CE95
:10B8300017D616D637CE17D616D617CE17D616D693
:10B8400016CE17D616D617CE37D616D617CE16D68C
:10B8500036D617CE16D616D617CE17D636D617CE5C
:10B8600017D6B5C574C574C594BD74BD94C516CE40
:10B8700017D616D637CE17D636D637CE16CE17D61B
:10B8800036CE17D616D616CE17D616D616CE37D62D
:10B8900017D616CE37D617D616CE37D617D616CE1B
:10B8A00037D616D636CE17D636CE17CE17D616D6EC
:10B8B00037CE16D616CE17D616D637CE16D617D6FC
:10B8C00016D6F6CD74BD74C574BD74BD74BDF6CD09
:10B8D00016D616CE37D616CE16D617D637CE16D6DD
:10B8E00016D637CE16D636D637CE16D616D617CEAD
:10B8F00016D617D637CE16D617D617CE16D637D6B3
:10B9000017CE16D616D617CE17D616CE37CE16D6D3
:10B9100017CE17D616D637CE17D616D636CE17D69A
:10B9200016CE36D6D5C574BD74C594BD74BD74C568
:10B9300074BD74BD94C574BD94BD94C5B5C5B5C57D
:10B94000B5C5B5C5B5C5B5C5B5C5B5C5B5C5B5C527
:10B95000B5C5B5C5B5C5B5C5B5C5B5C5B5C5B5C517
:10B96000B5C5B5C5B5C5B5C5B5C5B5C5B5C5B5C507
:10B97000B5C5B5C5B5C5B5C5B5C5B5C5B5C5B5C5F7
:10B98000B5C5B5C5B5C5B5C5B5C5B5C5B5C5B5C5E7
:10B9900094BD74BD74C594C574BD74C594C5B5C556
:10B9A000B5C5B5C5B5C5B5C5B5C5B5C5B5C5B5C5C7
:10B9B000B5C5B5C5B5C5B5C5B5C5B5C5B5C5B5C5B7
:10B9C000B5C5B5C5B5C5B5C5B5C5B5C5B5C5B5C5A7
:10B9D000B5C5B5C5B5C5B5C5B5C5B5C5B5C5B5C597
:10B9E000B5C5B5C5B5C5B5C5B5C5B5C5B5C5B5C587
:10B9F000B4C574BD74BD74C574BD74C574BD94C53F
:10BA0000B5C5B5C5B5C5B5C5B5C5B5C5B5C5B5C566
:10BA1000B5C5B5C5B5C5B5C5B5C5B5C5B5C5B5C556
:10BA2000B5C5B5C5B5C5B5C5B5C5B5C5B5C5B5C546
:10BA3000B5C5B5C5B5C5B5C5B5C5B5C5B5C5B5C536
:10BA4000B5C5B5C5B5C5B5C5B5C5B5C5B5C5B5C526
:10BA5000B5C594BD74BD94C594BD74BD74C594BD85
:10BA6000B5C5B5C5B5C5B5C5B5C5B5C5B5C5B5C506
:10BA7000B5C5B5C5B5C5B5C5B5C5B5C5B5C5B5C5F6
:10BA8000B5C5B5C5B5C5B5C5B5C5B5C5B5C5B5C5E6
:10BA9000B5C5B5C5B5C5B5C5B5C5B5C5B5C5B5C5D6
:10BAA000B5C5B5C5B5C5B5C5B5C5B5C5B5C5B5C5C6
:10BAB000B5C5B5C574BD74C574BD74C574BD74BD5C
:10BAC00074BD74C574BD74BD74BD74BD74BD74BDE6
:10BAD00074BD74BD74BD74BD74BD74C574BD74BDD6
:10BAE00074BD74BD74C574BD74BD74C574BD74BDBE
:10BAF00074BD74BD74C574BD74BD74BD74BD74BDB6
:10BB000074BD74BD74BD74BD74BD74BD74BD74BDAD
:10BB100074BD74BD74BD74BD74C574BD74BD74C58D
:10BB200074BD74BD74BD94BD74BD74BD74BD74BD6D
:10BB300074BD74BD74BD74BD74BD74C574BD74BD75
:10BB400074C574BD74BD74BD74BD74BD74BD74C55D
:10BB500074BD74BD74BD74BD74BD74BD74BD74BD5D
:10BB600074BD74BD74BD74BD74BD74BD74BD74BD4D
:10BB700074BD74BD74BD74BD74BD74BD74BD74BD3D
:10BB800074BD74BD94BD74BD74C594BD74BD74BDE5
:10BB900074C574BD74BD74BD74C574BD74BD74C505
:10BBA00074BD74BD74BD74BD74BD74BD74BD74BD0D
:10BBB00074BD74C574BD74BD74BD74BD74BD74BDF5
:10BBC00074BD74BD74C574BD74C574BD74BD74BDDD
:10BBD00074C574BD74BD74BD74BD74BD74BD74BDD5
:10BBE00074BD74C574BD74BD74C574BD74C574BDB5
:10BBF00074BD74C574BD74BD74BD74BD74BD74BDB5
:10BC000074BD74BD74BD74BD74C574BD74BD74BDA4
:10BC100074BD74BD74BD74BD74BD74BD74BD74BD9C
:10BC200074BD74BD74BD74C574BD74C574BD74BD7C
:10BC300074C574BD74BD74BD74C574BD74BD74C564
:10BC400074BD74BD74C574BD94BD74C574BD94BD1C
:10BC500074BD74C594BD74C574C574BD74C574C514
:10BC600074C574BD74C574C574BD74BD94C574C504
:10BC700074BD74C594BD74C574BD74C574BD94C5DC
:10BC800074C574BD74BD74C574BD74C574C574BD0C
:10BC900074C574C574C574C574BD74C574C594BDCC
:10BCA00074C574C574BD74C574BD74BD74C574BDEC
:10BCB00094C574C574BD74C594C574BD74C594BD74
:10BCC00074C574C574BD74C574C574BD74BD74C5C4
:10BCD00074BD74C594BD74C574C594BD74C574BD7C
:10BCE00074C574BD74C574C594BD74C574C594BD64
:10BCF00074C574C594C574BD74C574C574C574BD6C
:10BD000074C594C574C574BD94C574C574C574BD3B
:10BD100074C574C594BD74C574BD94BD74C574BD3B
:10BD200094BD74C574BD74C574BD74BD74C574BD53
:10BD300074C574C594BD74C574C594C574C574BD0B
:10BD400074C574BD74BD74C574C574BD74C574C543
:10BD500074BD74C574BD74BD74C574C574BD74C53B
:10BD600074BD74C574C574BD74C574C594BD74C503
:10BD700074BD94C574BD74C594BD74BD74C594BDC3
:10BD800074BD74C574BD74C594C574BD74C574C5E3
:10BD900074C574BD74C574C574BD74BD74C594C5D3
:10BDA00074BD74C594C574C574BD94C574C574C59B
:10BDB00074BD94C574C574BD94BD74C574BD74C59B
:10BDC00094BD74C574BD74C574BD74BD74C574BDB3
:10BDD00074BD74C574BD94BD74C574BD74C574BDA3
:10BDE00074BD74BD94C574BD94BD94C574BD94BD3B
:10BDF00094BD74C594BD94BD74C574BD94BD74C523
:10BE000074BD94BD74C574BD94BD74BD74C594BD3A
:10BE100074BD94C594BD74BD94C594BD74BD94C5E2
:10BE200074BD94BD94BD74BD94C574BD74BD94C5FA
:10BE300074BD74BD94C594BD74BD94C574BD74BD0A
:10BE400094BD74C574BD74BD74C594BD74BD74C512
:10BE500094BD74BD94C594BD74BD94BD94C574BDAA
:10BE600094BD74C574BD94BD74C574BD94BD74C5D2
:10BE700094BD94BD74C574BD94BD74C574BD94BDAA
:10BE800074C574BD94BD74C594BD94BD74BD94C592
:10BE900074BD74BD94BD74C574BD94BD74BD94C5AA
:10BEA00074BD74BD74C574BD74C574BD94C574C5CA
:10BEB00074BD94BD74C594BD74C594BD94BD74BD6A
:10BEC00094BD74C574BD94BD74BD74BD94BD74C57A
:10BED00094BD94BD74C594BD94BD74C594BD74BD2A
:10BEE00094C574BD94BD74BD94BD94BD74C594BD1A
:10BEF00094BD74BD94BD94C574BD74BD94C574BD2A
:10BF000074BD94BD74C574BD94BD74C574BD94BD39
:10BF100074C574BD94BD74C574BD94BD74BD94C521
:10BF200074BD94BD74C574BD94BD74C574BD94BD19
:10BF300074C574BD94BD74C574BD94BD74C574BD21
:10BF400094BD74C574BD94BD74C574BD94BD74BDF9
:10BF500074C594BD74BD94C594BD74C594BD94BDA1
:10BF600074C594C574BD74C574BD94BD74C574BDE9
:10BF700074BD74C574BD74BD74C574BD74BD74BD29
:10BF800074C574BD74BD74C574BD74BD74C574BD11
:10BF900074BD94C574BD74BD94C574BD74BD74C5C1
:10BFA00074BD74BD74C574BD74BD74C574BD74BDF9
:10BFB00074C574BD74BD74C594BD74BD74BD74C5C1
:10BFC00074BD74BD74C574BD74C574C594BD74BDB1
:10BFD00074C594BD74BD74BD94C574BD74BD74C581
:10BFE00074BD74BD74C574BD74BD74C574BD74BDB9
:10BFF00074C574BD74BD74C574BD74BD74C574BDA1
:10C0000074BD74C574BD74BD74C574BD74BD74C590
:10C0100074BD74BD74BD74C574BD74BD74C574BD88
:10C0200074BD74C574BD74BD74C574BD74BD74C570
:10C0300094BD74BD94C594BD74BD74C574BD74BD08
:10C0400074C574BD74BD74C574BD74C574C574BD48
:10C0500074BD74C574BD74BD74C574BD74BD74C540
:10C0600074BD74C574BD74BD74C574BD74BD94C510
:10C0700074BD74C574C574C574BD74BD74C574BD18
:10C0800074C574BD74BD74C574BD74BD74C574BD10
:10C0900074C574BD74BD74C574BD74C574BD74C5F8
:10C0A00074BD94BD74C574BD74BD74C574BD74BDD8
:10C0B00094BD74C574BD94BD74C574BD74BD74C5A0
:10C0C00074BD74BD74BD74BD74C574BD74BD74BDE0
:10C0D00094BD74C574BD74BD74C574BD94C574BD80
:10C0E00074BD74C574BD74BD74C574BD74C574BDB0
:10C0F00074BD74BD94BD74C574BD94BD74C574BD68
:10C1000074BD74C594BD74BD74C594C5B5C5B5C5BD
:10C11000B5C5B5C5B5C5B5C5B5C5B5C5B5C5B5C54F
:10C12000B5C5B5C5B5C5B5C5B5C5B5C5B5C5B5C53F
:10C13000B5C5B5C5B5C5B5C5B5C5B5C5B5C5B5C52F
:10C14000B5C5B5C5B5C5B5C5B5C5B5C5B5C5B5C51F
:10C15000B5C5B5C5B5C5B5C5B5C5B5C5B5C5B5C50F
:10C1600094C574BD74C594C574BD74BD94C5B5C57E
:10C17000B5C5B5C5B5C5B5C5B5C5B5C5B5C5B5C5EF
:10C18000B5C5B5C5B5C5B5C5B5C5B5C5B5C5B5C5DF
:10C19000B5C5B5C5B5C5B5C5B5C5B5C5B5C5B5C5CF
:10C1A000B5C5B5C5B5C5B5C5B5C5B5C5B5C5B5C5BF
:10C1B000B5C5B5C5B5C5B5C5B5C5B5C5B5C5B5C5AF
:10C1C000B4C574C574BD74BD94C574BD74BD94C547
:10C1D000B5C5B5C5B5C5B5C5B5C5B5C5B5C5B5C58F
:10C1E000B5C5B5C5B5C5B5C5B5C5B5C5B5C5B5C57F
:10C1F000B5C5B5C5B5C5B5C5B5C5B5C5B5C5B5C56F
:10C20000B5C5B5C5B5C5B5C5B5C5B5C5B5C5B5C55E
:10C21000B5C5B5C5B5C5B5C5B5C5B5C5B5C5B5C54E
:10C22000B5C594C574BD94C574BD94BD94C594C57D
:10C23000B5C5B5C5B5C5B5C5B5C5B5C5B5C5B5C52E
:10C24000B5C5B5C5B5C5B5C5B5C5B5C5B5C5B5C51E
:10C25000B5C5B5C5B5C5B5C5B5C5B5C5B5C5B5C50E
:10C26000B5C5B5C5B5C5B5C5B5C5B5C5B5C5B5C5FE
:10C27000B5C5B5C5B5C5B5C5B5C5B5C5B5C5B5C5EE
:10C28000B5C5B5C594C574BD74C574BD74BD74C55C
:10C2900074BD74BD94C574BD74BDD5CD16D616D607
:10C2A00036D616D616D636D616D636D616D636D6AE
:10C2B00016D616D616D616D616D636D616D616D6FE
:10C2C00036D616D616D636D616D616D636D616D6AE
:10C2D00016D636D616D616D616D636D616D636D69E
:10C2E00036D616D636D616D616D636D616D616D68E
:10C2F000D6CD74BD74BD74C574BD74C516CE16D6C6
:10C3000017D636D616D616D636D616D616D636D66C
:10C3100016D636D636D616D636D616D636D616D63D
:10C3200036D616D636D636D616D636D636D616D60D
:10C3300036D636D616D616D636D616D636D616D61D
:10C3400036D636D616D636D616D636D616D616D60D
:10C3500017D6B5C574BD74C574BD94BD94C517D644
:10C3600037D616D636D616D636D616D616D636D6EC
:10C3700016D636D636D616D636D636D616D636D6BD
:10C3800016D616D636D616D616D636D616D616D60D
:10C3900016D636D616D616D636D616D616D636D6DD
:10C3A00016D616D636D616D636D636D616D616D6CD
:10C3B00036D6F6CD74BD74C574BD74BD74BDF6CDEE
:10C3C00016D617D616D636D616D636D616D616D6CC
:10C3D00016D616D616D616D636D616D636D636D69D
:10C3E00016D636D616D636D636D616D616D636D66D
:10C3F00016D616D636D616D616D636D616D616D69D
:10C4000036D616D616D636D616D616D636D616D66C
:10C4100016D616D6D5CD74BD74BD94C574BD74BD85
:10C4200074BD74C574BD74C594BDF6CD17D617CE52
:10C4300017D617D616CE17D617D616CE17D617D6A6
:10C4400036CE17D637D616CE17D617D616D617CE5F
:10C4500037D616D617D617CE16D617D637CE16D647
:10C4600017D617D636CE17D617D616D617D617CE56
:10C4700016D617D617CE16D617CE17D616CE16D670
:10C48000F6CD94BD74BD74BD94C574BD17D616D6D3
:10C4900017D617CE16D617D637D617CE16D617D626
:10C4A00017D617CE16D617D617CE16D617D617CE3E
:10C4B00016D617D617CE16D617D616CE17D617D627
:10C4C00016CE17D617D636CE17D617D616CE17D6FF
:10C4D00017D616CE17D617D616CE17D637D616CEEF
:10C4E00017D6D5C594BD74C574BD74BD94C517D693
:10C4F00016CE17D617D616CE17D637CE16D617D6CF
:10C5000017CE16D617D617D616D617D617CE16D6D6
:10C5100017D637CE16D617D616CE17D636D617CE8E
:10C5200017D616CE17CE17D636D617CE17D616D69E
:10C5300017CE37D616D617CE17D616D617CE17D68D
:10C5400016D616CE74BD94C574BD74C574BD16CE12
:10C5500017D616CE17D617D617CE17D637D616D665
:10C5600037CE17D616D637CE17D616D617CE17D63D
:10C5700016D617D616D617D616D617D616D617D657
:10C5800016D617CE16D617D616CE17D616D617CE5F
:10C5900016D617D636CE17D616D617CE37D616D607
:10C5A00017CE17D6F6CD74BD74BD94C574BD74BDD9
:10C5B00074BD74BD94C574BD74BDF6CD16D636CEAB
:10C5C00017CE36D617CE37D616CE17D637CE16D6C6
:10C5D00017CE17D616CE37D617CE36CE17D617CEDD
:10C5E00016CE37D617CE16D637CE17D616CE37CEAE
:10C5F00017D616CE17D637CE16CE17D637CE16D6B6
:10C6000017CE37D616CE37D617D636CE17D617CE84
:10C61000F6CD74C594BD74C574BD94BD16D617CE41
:10C6200036CE16D617CE36CE17D616CE37CE16D66F
:10C6300017CE36D617CE17D636CE17D617CE36CE5D
:10C6400017D616CE17D617CE36D617CE16D617CE85
:10C6500016D617CE16D616CE17D637CE16D617CE76
:10C6600017D616CE37D617CE16D617CE17D636D63D
:10C6700016D6D5C574BD74C594C574BD94C517D6FA
:10C6800036CE16CE17D637CE16D617CE16CE37D60E
:10C6900017CE16CE17D617CE16CE17D637CE16D63D
:10C6A00017CE16CE37D617CE16D617CE17D636CE0D
:10C6B00017D616D637CE17D616CE37CE16D617CEF5
:10C6C00036CE17D616CE17D617CE36D617CE37CECD
:10C6D00017D616CE74BD74C594BD74BD74C516CE80
:10C6E00017D616CE36D617CE16D616CE17CE17D6E6
:10C6F00036CE17D617CE16D617CE17D616CE17CEDD
:10C7000037D616CE17CE17CE36CE17CE37CE16D694
:10C7100037CE17CE37D636CE17D637CE16D637CE3B
:10C7200017D616CE17D637CE16CE17D617CE36D684
:10C7300017CE16D6F6CD74BD74C574BD74C574BD60
:10C7400074BD74C594BD74BD74C5F6CD16D616D629
:10C7500017D616D636D616CE16D637D616D616CE47
:10C7600016D636D616D617D616D616D636D616D628
:10C7700016D617CE36D616D616D616D616D617D63F
:10C7800036CE16D617D616D636CE17D616D616CE1F
:10C7900017D616D636CE17D616D616CE37D616D606
:10C7A000F6CD74BD74C574BD74BD74C536D617D6C8
:10C7B00017D636D617D616D616D617D636D617CEDD
:10C7C00016D636D617D616CE36D617D616D636D6AF
:10C7D00017D636D616CE17D636D616D617CE36D6A6
:10C7E00037D616D637CE16D616D636D616CE36D677
:10C7F00016D637D616CE16D636D616CE17CE17D6AE
:10C8000016D6D5C574BD74C574BD94BD94C517D670
:10C8100037D616D616CE37D616D616D617D636D65D
:10C8200016D636D636CE16D637D616CE16D637D636
:10C8300016D616D617D636D616CE37D616D616CE66
:10C8400017D636D616D616D617D616D636D617D645
:10C8500016D616D637D616CE16D636D616D616D63F
:10C8600037D616CE74BD74C574BD74BD74C516CEEE
:10C8700017D616D637CE16D636D637D616D616CE05
:10C8800016D637D616D616CE37D636D616D616D6EE
:10C8900037CE16D616D637D616D616D617D636CEE5
:10C8A00016D616D617D616D616CE17D636D616D60E
:10C8B00017CE36D616D617D636D616D616CE17D6E5
:10C8C00036D616CEF6CD74BD74BD94C574BD74BD98
:10C8D00074BD74C574BD74BD74BDF6CD17CE17D6C6
:10C8E00036CE17CE17D617D616CE17D617CE36D6C3
:10C8F00017D617CE36CE17D617CE16CE37D617CEBA
:10C9000017D616D617CE37CE17D637CE16D617D699
:10C9100016CE37D616D617CE16D637D616CE37D66B
:10C9200016D617CE16D617CE16D617D636CE16D69C
:10C93000F6CD94BD74C594BD74BD74BD17D616CE26
:10C9400016CE37D617CE16CE37D617D616CE17D662
:10C9500017D616CE17D616D617CE16D617CE17CE92
:10C9600016D617D636CE17D617CE16D617D636CE3B
:10C9700016D617CE17D637D617CE17D617D617CE48
:10C9800016D617D617CE36D617D637D616CE17D612
:10C9900037D6D5C574BD74C574BD74BD94C517CEE6
:10C9A00017D616D617CE17D636CE17D617CE16CE22
:10C9B00017D617D617CE16D617D636CE17D617CE09
:10C9C00036CE17D617CE16D617D617CE36D617D6DA
:10C9D00017CE16CE37CE17D616CE17CE17D636CEE2
:10C9E00017CE17D636D617CE17D617CE16CE17D6E1
:10C9F00016D616CE74BD94C574BD74BD94C516CE3E
:10CA000017D616D617CE17D616CE17D617D616CED9
:10CA100017D617D636CE17D616D617CE17D616D6A1
:10CA200017CE37D616D617CE17D616D617CE17D698
:10CA300016D617CE16D637D616CE17D617CE16D68A
:10CA400017D637CE16D617CE17D636CE17D617D658
:10CA500016CE17D6F6CD74BD74BD94C574BD74BD25
:10CA600074BD74BD94C574C574BDF6CD16D636CEEE
:10CA700017D616D617CE36D617D616CE37D616D622
:10CA800017CE17D616D636CE17D617D616CE37D619
:10CA900016CE16D637D616CE16D617CE37CE16D613
:10CAA00017CE16D637CE16D617D616CE17D616D61A
:10CAB00037CE16D617D636CE17D617D617CE16D6E9
:10CAC000F6CD74BD74C594BD74C574BD37D616D685
:10CAD00016CE17D616D637CE16CE16D617CE36D6D3
:10CAE00016CE37CE16D637D616CE37D616D616CEA3
:10CAF00037D616CE17D636D616CE17CE37D616D68A
:10CB000017CE16D616D616CE17CE16D636D617CEC2
:10CB100016CE36D617D617CE16D616D636CE17D68A
:10CB200016D6D5C574C594BD74BD74C594C537CE2D
:10CB300016D636CE17D616D616CE37D616D617CE6A
:10CB400036D617CE16D617D616CE17D616D616D672
:10CB500017CE36D616CE17D636D616CE17D636D62A
:10CB600016D617D616CE37D616D616CE37D616D632
:10CB700017CE16D616CE17D636D617D617CE36D629
:10CB800017D616CE74BD74C594BD74C574BD16CECB
:10CB900016D617CE16D637D616CE16CE37D637D6E9
:10CBA00016CE16CE17D616D617CE36CE17D616CE2A
:10CBB00036D617D616CE36CE17D636CE36D617D6AA
:10CBC00037CE16CE17D636CE17D616D636CE17CEC9
:10CBD00016D616D617CE16D616CE17D636D616CEEB
:10CBE00017D616D6F6CD74BD74C574BD94C574C57C
:10CBF00074BD74C594BD74BD74C5F6CD16D617D674
:10CC000016D636CE17D616CE36D617D616CE16D69A
:10CC100037CE16D617D616CE36D617D616D616CE89
:10CC200037D617D616CE16D617D616D616D637D668
:10CC300016D617CE16D637CE16D617CE36D617CE70
:10CC400016D637D616CE17D636CE16D637D617CE38
:10CC5000F6CD74BD74BD74C574BD94BD16D637D6FB
:10CC600017D616CE37D616D617D616D637D617CE2F
:10CC700016D617D617CE16D637CE16D617D637D61F
:10CC800016CE17D617D616CE16D637D616CE17D638
:10CC900017D636CE37D616D616CE37D616D617CEE8
:10CCA00037D616D616CE17CE17D616CE17D617D617
:10CCB00016CED5CD74BD74BD94C574BD95C516D6BC
:10CCC00017D617CE36D617D617CE16D636D617D6CF
:10CCD00016CE36D617D636CE37D617CE36D617D688
:10CCE00017D616D637CE17D616CE17D617CE16CEDF
:10CCF00037D616D617D616CE37D617D616CE17D69F
:10CD000036D617CE17D636CE16D616D637CE16D678
:10CD100017D616CE74BD74C574BD74BD74BD16CE61
:10CD200017D616D637CE16D617D616CE16D617D68F
:10CD300036CE17D636D617CE16D637D616D617CE47
:10CD400037D616D617CE16D617D617CE16D616D66F
:10CD500017CE36D617D617CE16D617D636D617CE46
:10CD600017D636D617CE36D617D617CE16D637CE16
:10CD700016D616D6F6CD74BD74BD74BD74BD74BD23
:10CD800074BD74C574BD94BD74BDF6CD36CE17D6D2
:10CD900017CE36D617D617CE16D637CE17D616D606
:10CDA00037CE16D617CE17D636CE17CE17D636D6DE
:10CDB00017CE17D636D617CE37D616CE17CE16D6EE
:10CDC00037CE16D617D616D637CE16D617D616CED7
:10CDD00017D616CE17D617D616CE36D616D617D6DF
:10CDE000F6CD94C574BD74BD94C574BD16D617CE6A
:10CDF00036D617D616CE17D617CE36D616CE17D6A7
:10CE000036D616D617CE16D616D617CE16CE16D6B8
:10CE100037D616CE17D637D616CE17D616D616CE86
:10CE200017D617CE16D617D637CE16D617D616CE95
:10CE300017D637D616CE36D637D616CE37D616CE26
:10CE400017D6D5C574BD74C594BD74BD94C537D609
:10CE500016CE16D617D636CE17D616CE17D617CE6E
:10CE600016D617D617CE16D616D617CE16CE36D657
:10CE700017CE16D616D637CE16D636D617D616CE27
:10CE800017CE37D616CE16D617D636CE16D617D616
:10CE900036CE16D617D617CE16D617CE16D617CE2E
:10CEA00016D616CE74BD94C574BD74C574C516CEA1
:10CEB00017D616D617CE17D636D617CE17D616D6FD
:10CEC00017CE17D636D616CE17D616D617CE16D6F6
:10CED00016CE17D637D616D616CE37D617CE16D6C6
:10CEE00016D617D636CE16D617CE37D616D616CEB7
:10CEF00037D617D616CE37D616D616CE37D617D67D
:10CF000016CE37CEF6CD74BD94C574C574BD74BD50
:10CF100074BD74BD74C574C574BDF6CD16D616CE79
:10CF200017D616D616CE17D616D616CE17D617D6AD
:10CF300016CE36D617D616D616D617CE16D616D67F
:10CF400017CE16D616D637CE16D617D636CE17D655
:10CF500016D637CE16D617CE16D637D616CE17D645
:10CF600036D616CE37D616D617CE17CE16D636CE1E
:10CF7000F6CD74C594BD74BD74C574BD17D616D6F0
:10CF800017CE36D616D617CE36D617CE16D617CE1D
:10CF900037D616CE37D637D616CE37D617D616CEC4
:10CFA00016D637CE16D616D637CE17D636D636CEB6
:10CFB00017D616D616CE37D616CE17D636D616CEE6
:10CFC00017D616D617CE17D616D617D636CE17D6EC
:10CFD00017D6D5C594C574BD74BD74C594C517CE98
:10CFE00037D616D617CE16D636D617CE16D637D68D
:10CFF00036CE17D616CE37D616D617D617CE16D6A5
:10D0000037CE16D617D617CE16D617D636CE16D694
:10D0100017D616CE37D617D616CE17D617D616CEA3
:10D0200017D636D616CE17D637D636D617CE17D64B
:10D0300036D616CE74BD74C594BD74BD74BD16CEFF
:10D0400017D616CE36D617CE16D637D616CE36D635
:10D0500017D616CE17D637CE16D637CE16D637D623
:10D0600016CE17CE36D617CE16D636D617CE37CE24
:10D0700016D617CE16D636D617CE16CE17D616D645
:10D0800016CE17D616CE17D617CE36D617D616CE3C
:10D0900016D617D6F5CD74BD74BD94C574C574BDD0
:10D0A00074BD94BD74C574BD94BDF6CD16D617D6A7
:10D0B00037CE16D637CE37D616D637CE16D616CEAC
:10D0C00037D617CE16D637CE17D636D617CE36D693
:10D0D00017CE16D617CE16D617D616CE37D616D6E4
:10D0E00017CE16D637CE16D617D616CE37D617D6B3
:10D0F00016CE37D616CE16D637D617D616CE17D6A4
:10D10000F6CD74BD74C594BD74BD74BD36D617D646
:10D1100017CE16CE37D616D617CE16D617D616D6A3
:10D1200016CE17D616D616CE17D616D637CE17D693
:10D1300016D617CE16D616CE17D617CE16D617CEAB
:10D1400037D616D617CE36D617D617CE16D637CE32
:10D1500016D616D637CE16D616CE17D616D636CE45
:10D1600017D6D5CD74BD74BD74C594BD94C517D6FE
:10D1700016CE37D617CE16D617D637CE16D616D623
:10D1800017CE16D637D616CE17CE36D616D617D613
:10D1900036CE17D616CE36D617CE17D616CE37D6EB
:10D1A00016D616CE17D636CE16D617CE36D617CEFC
:10D1B00017D617D636CE16D617CE16D616D637CEE3
:10D1C00017D616CE74C574BD74BD94C574BD16CE85
:10D1D00017D616D637CE16D617D616CE17CE37D6C2
:10D1E00016D616CE17D616D617CE16D637D617CED3
:10D1F00016D616D617CE17D616D617D616D616D6D4
:10D2000037CE17D617D616D617D636CE17D637D668
:10D2100016CE36D617D616CE36D617D616CE17D683
:10D2200037D616D6D6CD74BD74BD74BD94BD74C545
:10D2300074BD74C594BD74BD74C5F6CD16CE17D635
:10D2400036D616CE17D616CE17D637D616CE16D653
:10D2500037D616CE16D617CE36D617D616CE37D622
:10D2600016D637CE37D616D616CE37D616D617CE12
:10D2700016D617D616CE37D616CE16D617CE16D643
:10D2800017D617CE16D617CE36D616D617D636D60A
:10D29000F6CD74BD74C574C594BD74BD16D637D6AD
:10D2A00016CE17D616D637CE16D637D637CE16D6D2
:10D2B00017D637CE16D617CE16D616D617CE36D6E2
:10D2C00017D637CE17D636D616CE17D616D617CED1
:10D2D00016D637CE17D616D616CE17D616D637CEC2
:10D2E00017D616CE37D616D637CE17D616D617CEB1
:10D2F00016D6D5C574BD74C594BD74BD95C516D676
:10D3000016CE17D636D616CE17D616CE17D617CEB9
:10D3100016D637D616CE17D616D637CE17D616CE81
:10D3200017D617D636CE16D617D636CE17D617D668
:10D3300036CE17D617D616D637CE16D616D636CE42
:10D3400017D616CE17D617D616CE17CE36D616D671
:10D3500017CE16CE74C574BD74C574C574BD16CE13
:10D3600017D617D616CE17D636D616CE17D617D648
:10D3700036CE17D636D617CE16D616D617CE16D622
:10D3800037D616D637CE16D637CE17CE16D617D6F0
:10D3900036CE16D617CE37CE16D616D617CE17D609
:10D3A00036CE17D617D636CE17D616CE17D636CED9
:10D3B00016CE17D6F6CD74BD74C594BD74BD74BDBC
:10D3C00074BD74C574BD74BD74C5F6CD16CE17D6C4
:10D3D00017D616CE17D616D616CE17D617D617CE00
:10D3E00016D617D617CE16D616CE17D617D616CEF1
:10D3F00016D617D616CE17D637CE16D617CE36D6A1
:10D4000017D616CE37D617D616D637CE16D636CE70
:10D4100017D636D617CE17D616CE37CE17D616CE87
:10D42000F6CD94BD74BD74C574BD74BD17D636D623
:10D4300016CE17D617D616CE16D617CE16CE16D6A9
:10D4400037D616CE17D637D636CE17D616CE16D630
:10D4500016CE17D636D617CE17D636D636CE17D620
:10D4600016D616CE17D636CE17D616D636CE17D631
:10D4700016D617CE16D617D616CE36CE17D617D640
:10D4800037CED5CD74BD74C574BD74BD95C537D6C2
:10D4900016CE17D616D637CE16D636D637CE16D6E1
:10D4A00016D617CE16D617D636CE16D617D636CEF1
:10D4B00016D617D617CE16D617D636CE16D617D6F8
:10D4C00016CE37D616D617CE17D617D616CE37D6CF
:10D4D00016D616CE37D636D617D617CE16D617D6B8
:10D4E00017D616CE74BD94BD94BD74BD74C516CE4A
:10D4F00016D616D637CE17D616D637CE16D616D699
:10D5000017CE16D637CE17D636D637CE16CE17D676
:10D5100016CE37D616D616CE17D636CE17D617CE87
:10D5200016D616D637CE16D617D636CE16D617D668
:10D5300016CE17D616CE17D616D617CE37D616D67F
:10D5400016CE17D6F5CD74BD74C574C574BD74C53B
:10D5500074BD74C594BD74BD74BDF6CD36D616CEFB
:10D5600017D636D637CE17D636CE16D637D616CEEF
:10D5700036D617D637CE36D617D616CE37D616CEDF
:10D5800017D636D616CE17D616D617CE16D637D607
:10D5900016CE16D617CE16D617D617CE36D617D61F
:10D5A00016CE16D637D616D616D617CE16D616D609
:10D5B000F6CD74BD94BD74C574BD94BD17D616D692
:10D5C00037CE16D637D616CE17D637D616D617CEAE
:10D5D00016D616CE17D616D617CE37D617D616CEDF
:10D5E00037D616D616CE17D617D616CE17D637D6A6
:10D5F00016CE17D636D617CE17D636CE17CE16D6A7
:10D6000037D616CE17D637D616CE16D617D616CE8E
:10D6100016D6D5CD74BD94BD74C574BD94C516D64B
:10D6200037CE16D617CE17D616D617CE17D636D66D
:10D6300017CE37CE16D617D617CE16D617D637CE64
:10D6400016D616CE37D617D616CE17D617CE16D66E
:10D6500017CE16D636CE16CE37D616D617CE17D646
:10D6600016D617CE16CE16D637D616CE16D637CE37
:10D6700016D616CE74C574C574BD74BD74C516CEE9
:10D6800017D616CE37D616CE17D617D636CE17D60D
:10D6900016D616CE17D616CE17D616D617D636CE1F
:10D6A00017D617CE16D617D616D636D617CE16D606
:10D6B00037D617CE16D616D617CE37D616D617CEDD
:10D6C00036D616D637CE16D616D637CE16D617D6A7
:10D6D00017CE36D6F6CD74BD74BD94BD74C574BD79
:10D6E00074BD74BD94C574C574BDF6CD16D617CE81
:10D6F00016D616D617CE17D616D637CE16D617CEBE
:10D7000016D616D617CE16D617D636CE16D617D6A6
:10D7100037CE17D616CE37D616D616CE17D617CE84
:10D7200036D617D616CE36CE17D616D617CE17D66D
:10D7300016CE17CE37D616CE17D637D616CE37D644
:10D74000F6CD74C574BD94BD74C574BD16D617D618
:10D7500016CE17D636CE16D617D636CE17D617D63D
:10D7600036CE17D636CE16D616CE17D636D617CE16
:10D7700017D636CE17D616CE36D617CE16D616CE26
:10D7800037D617D616CE16D617D617D616D617CE24
:10D7900036D616CE17D636D617CE17D636D617CEDD
:10D7A00017D6D5C574BD74C594BD74BD94C517D6C0
:10D7B00017D636CE16D617CE36D617CE16D616D6DE
:10D7C00017CE36D616D617CE36D616CE17D617D6CD
:10D7D00016CE36D617D636CE16D637D616CE36D67F
:10D7E00017D617CE16D617D636CE16D617CE36D6AD
:10D7F00037D617CE16D617D617CE36D617D617CE9B
:10D8000036D616CE74BD74C594BD74C574BD16CE1F
:10D8100017D617D616CE16D616CE17D616CE37D69C
:10D8200017D636CE17D616D616CE17D636D617D664
:10D8300016CE16D637CE17D616CE17D636D616CE65
:10D8400017D637CE16D617D636CE17D617CE16D64B
:10D8500017D637CE16D617D637CE16D616D617CE3B
:10D8600016D616D6F6CD74BD74BD94C574BD74BD00
:10D8700074BD74BD74C594BD74BDF6CD16D637D6CF
:10D8800017CE16D636CE16D617D616CE17D637D60C
:10D8900016CE17D636CE17D616D617CE17D616D61C
:10D8A00016CE17D616D637CE17D636D617CE16D6EC
:10D8B00017D637CE16D617D636CE16D617D636D6B4
:10D8C00016D617D616CE16D637CE16D617D616CEED
:10D8D000F6CD74C574BD74BD94C574BD36D617D667
:10D8E00016CE17D617D616CE16D617CE16D636D6CD
:10D8F00017CE17D617D636CE17D616D616CE17D6BB
:10D9000016D617CE17D636D617CE17D636D616CE8B
:10D9100017D616CE37D616CE36D617CE16D637D65B
:10D9200017CE16D617CE16D616CE37D616D617CE93
:10D9300037D6D5CD74BD74BD74C594BD95C516D606
:10D9400017CE16D637D616D617CE36D617CE17D64A
:10D9500016D617CE17D636D617CE36D616CE17D63B
:10D9600036D617CE17D616CE17D617D636CE17D62A
:10D9700016D637CE17D616D617D617CE16D636CE1B
:10D9800017D616D636CE17D616CE36D617D617D603
:10D9900016D616CE74BD74BD94C574BD74BD16CEB6
:10D9A00017D616D637CE17D636D616CE17D616CEEB
:10D9B00017D636D617CE37D636CE17CE17D616CEC2
:10D9C00017D636D617CE36D617CE17D616D617CECA
:10D9D00016D616D637CE16D616D617CE36D616CEBD
:10D9E00017D616CE16D617CE17D616D637CE37D6AA
:10D9F00016CE17D6F6CD74BD74C574BD74BD74C58E
:10DA000074C574BD74BD74C574BDF6CD16D617CE7D
:10DA100037D616D617CE37D616CE16D637D616CE5A
:10DA200017D636D617CE16D637CE16D637CE16D64A
:10DA300036CE17D616D616CE17D616D636CE17D65B
:10DA400016CE16D617D617D636CE17CE17D636CE52
:10DA500017D637D616CE17D616D617CE36D617D631
:10DA6000F6CD94BD74C574BD74BD74BD37D616D6DD
:10DA700037CE36D617D637CE16D617D637CE16D6D9
:10DA800016D617CE16D617D637CE16D617CE36D60A
:10DA900036D617CE16D616D617CE16D617D637CEFA
:10DAA00016D617D617CE16D637CE16D616CE17D60A
:10DAB00016D637CE17D616D637CE16D616CE16D6DB
:10DAC00017D6D5C574BD74C574BD74BD94C537D69D
:10DAD00016CE17CE17D616D617CE16D636D617CEE2
:10DAE00036D616CE17D616D617CE17D636D617CEAA
:10DAF00016D617D616CE36D617CE16D617D616CEBB
:10DB000016D637D616CE16D637CE17D616D617CE89
:10DB100017D616D637CE17D616D616CE17CE16D699
:10DB200017D616CE74BD74C574BD74BD74C516CE3B
:10DB300016D617CE36D617D617CE36D617D616CE59
:10DB400036D617D616CE17D616D616D637CE16D642
:10DB500017D617CE16D616D637CE16D637CE17D638
:10DB600016D637CE17D616CE17D637D616CE17D628
:10DB700037D616D637CE16D616CE17D616D616CE1A
:10DB800017D616CEF6CD74BD74BD94C574BD74BDE4
:10DB900074BD94C574BD74BD94C5F6CD16CE16D6AD
:10DBA00017D616CE17D637D616CE17D616CE17CE10
:10DBB00016D617D616CE17D616D637CE16D617D6F1
:10DBC00017CE37D616CE17CE37D616CE17D637D6AF
:10DBD00016CE36D617CE16D617D616D616CE17CEE2
:10DBE00016D636CE17D617D636CE16D617CE16D6AA
:10DBF000F6CD74BD94C574C574BD74BD16D617D664
:10DC000016CE16D617CE16D636D617CE17CE16D6B1
:10DC100037D636CE16D617D616CE37D617D616CE58
:10DC200017D637CE16D617D636CE16D617D616CE68
:10DC300036D617D616CE17D617D636D617CE16D650
:10DC400036D617CE16D617D617CE17D636D617CE47
:10DC500016D6D5C594BD74C594BD74BD94C517D6EC
:10DC600036D616CE17D636CE17D617D616CE17D628
:10DC700037D616CE16D637CE16D617D616CE37CE00
:10DC800017D616D637CE16D616D637CE16D617CE08
:10DC900037D616D617CE36D616D617CE36D616D6D1
:10DCA00017CE36D616D617CE37D616D637CE16CED0
:10DCB00037D616CE74C594BD74C574BD94BD16CE4A
:10DCC00017D616D616CE17D616D637CE17D616D6E0
:10DCD00017CE17D616D616CE17D637D616CE16D6D8
:10DCE00037D616CE16D617D616CE16D637D616CEA9
:10DCF00016D617D616CE16D637CE16D616D617CEB9
:10DD000016D637CE17D616D637CE37D616D617CE66
:10DD100036D616D6F6CD74BD74BD94C574BD74BD2B
:10DD200074BD74BD94C574BD74BDF6CD16D637CE22
:10DD300016D616CE37D616D617CE36D617D636D630
:10DD400017CE36D617D616CE37D616D617CE16D647
:10DD500016D637CE16D617D636D616CE17D617D62F
:10DD600016CE37D617D616CE37D637D616D617D6FE
:10DD700017CE16D616D637CE17D616D637CE16D617
:10DD8000F6CD74BD74BD94C574BD94BD17D616D6BA
:10DD900017CE37D616D617CE16D636D617CE16D6F7
:10DDA00017D617CE36D616CE17D616D616CE17D607
:10DDB00016D616CE37D617CE16D637CE17D616CEDF
:10DDC00017D636D616CE37D616D617CE17D636CEA7
:10DDD00017D616D636CE16D617D636CE17D617D6AF
:10DDE00037D6D5C574C574BD74C594BD95C517D651
:10DDF00016CE37D616D616CE37D616D616CE17D698
:10DE000017D616CE37D617D616CE36D617D616D67E
:10DE100016CE37D617D617CE16D637D616CE17D675
:10DE200016CE17D617CE16D617D637CE16D617CE8D
:10DE300036D617CE16D616CE17D637D616D617D64E
:10DE400017D616CE74BD74C594BD74C574BD16CEF8
:10DE500017D617D636CE17D616D616CE37D616CE36
:10DE600016CE37D637D616CE17CE17D616D617CE2D
:10DE700036D617CE37D637D616CE17D617D636CED5
:10DE800017D637CE16D617D617CE16D637D616CE05
:10DE900016D617D616CE16D617D616CE17D637D60E
:10DEA00016CE17D6F6CD74BD74C574BD74C574BDD9
:10DEB00074BD74C574BD74C574BDF6CD16D617D6C1
:10DEC00037CE16D616D617CE16D617D616CE17D6E6
:10DED00036D617CE16D637CE16D617D636CE17D696
:10DEE00016D616CE17D616D617CE16D636D617CEC7
:10DEF00016D617D616CE16CE37D616CE16D637D697
:10DF000037CE16D617D616CE16D617D637CE16D685
:10DF1000F6CD94BD74BD74C574BD94BD16D617D628
:10DF200036CE16D617D637CE16D617D636CE16D646
:10DF300017CE17D616D637CE17D616CE37D637D633
:10DF400016CE16D617D616CE16D637D616CE17D666
:10DF500037D616CE17D616CE36D617D616CE17D635
:10DF600017CE17D636CE17D616D636CE16CE17D62D
:10DF700016D6D5C574BD74C574BD74BD94C516D60A
:10DF800017CE17D616D617CE37D616CE36D637CEEC
:10DF900016D616D617CE16D617CE37D616D617CE15
:10DFA00016D616CE17D616CE37D616D617CE36D6E6
:10DFB00016D637CE16D616CE37D616D617CE16D6D6
:10DFC00017D617CE37D616D616CE17CE16D616CEED
:10DFD00017D616CE74BD74BD74C574BD74C516CE87
:10DFE00017D616CE37D617CE16D617D617CE36D6A4
:10DFF00016D617CE16D636D617CE36D616D617CE96
:10E0000016D616D617CE16D616CE37D616CE16D6A6
:10E0100017D616CE36D617D616CE37D617CE16D674
:10E0200037D616CE37D617CE16D636CE17D616CE4C
:10E0300016D617D6F5CD74BD74BD94C574BD74C520
:10E0400074BD74BD94C574BD74BDF6CD16D616CE20
:10E0500017D637D616CE17CE36D617D616CE17CE3B
:10E0600016D617D616CE17D616CE16D617CE37D644
:10E0700017D636CE17D637CE16D617D637CE16CEFB
:10E0800017D636D617CE16D617D616CE17CE16D624
:10E0900016D637CE17D636CE16D617CE16D617D6F4
:10E0A000F6CD74BD74C574BD74C574BD36D617D6AF
:10E0B00017CE16D616CE17D617CE16D617D636CEFC
:10E0C00016D617D616CE16D637D616CE16D617CEE5
:10E0D00037D617D616CE37D617D616CE16D617D6AB
:10E0E00016CE17D617D616CE17D636D616CE16D6C5
:10E0F00037D616CE17D617CE17D616D617CE16D6B3
:10E1000017D6D5C574BD94C574BD74BD94C537D636
:10E1100016CE36D617D616CE17D617D616CE17D693
:10E1200037CE16D636D617CE16D616CE37CE17D64B
:10E1300036D617CE16D636D617CE17D616D617CE53
:10E1400037D616D617CE37D616CE16D637D616CE23
:10E1500016D637D616CE17D637D616CE37D616D60B
:10E1600017CE16D694BD74C574BD94BD74BD16CEBD
:10E1700017D616D616CE37D616CE16D637D617D60B
:10E1800016D617CE17D616D617CE36D617CE17D622
:10E1900036D617CE16D617D637D616CE17D617D6EA
:10E1A00036CE17D617CE36D616D617CE16D617CEEB
:10E1B00016D637D616CE17D636D617D616CE37D6AB
:10E1C00017CE16D6F6CD74BD74BD94C574BD74BD9E
:10E1D00074BD74C594BD74BD74C5F6CD36CE17D666
:10E1E00016D617CE37D616D617CE36D637D616CE83
:10E1F00017D636D617CE37D616D617CE36D616CE73
:10E2000017D616D636CE17D616D617CE16D616D69B
:10E2100037CE17D616D637D616D637CE17D616D649
:10E2200016CE17D616D637CE17D616D636CE17D662
:10E23000F6CD94BD74C594BD74BD74BD17D636D6E5
:10E2400017CE37D616D636CE17D616D617CE17D641
:10E2500036D617CE37D616D617CE17D616D616CE32
:10E2600017D636CE16D617D637CE16D637D616CE02
:10E2700036CE37D616D617CE37D617CE16D637D6D1
:10E2800016CE16D636D617CE36D617D637CE16D6E3
:10E2900037D6D5C574BD74C594BD74BD95C517D6A4
:10E2A00016CE37D616CE16D637D616CE16D617D6E3
:10E2B00017CE16D617D637CE16D616D617D616D6EA
:10E2C00037CE17D616D617CE16CE36D617D616CECA
:10E2D00016D617D616D617CE16D617D637CE16D6CA
:10E2E00017CE16D616CE17D616D617CE36D617D6C2
:10E2F00016D616CE74BD74C594BD74C574BD16CE45
:10E3000017D616D617D616CE37D616CE16CE17D6A1
:10E3100036CE16D637CE17D616D617CE16D637D651
:10E3200017CE36CE17D616CE16D617D616CE36D66A
:10E3300017D616CE17D616CE37D616D636CE17D651
:10E3400017CE16D616D617CE17D616CE16D637D661
:10E3500016CE16D6F6CD74BD74C574BD94BD74BD0D
:10E3600074BD74C574BD94BD74C5F6CD17CE16D6F4
:10E3700036D616CE17D616D616CE17D616D617CE32
:10E3800036D616D617CE36D617D617D616CE17D6F9
:10E3900016CE17D617D616CE37D616CE17D636D6F1
:10E3A00016CE17CE16D617CE36CE16D617D637CEF1
:10E3B00036D617D616CE16D617D637CE16D616D6CA
:10E3C000F6CD74BD74C594BD74BD74C516D616CE95
:10E3D00017D616D637CE17D616D636CE17D616CEB1
:10E3E00016D637CE16D616CE37D617D636CE17D681
:10E3F00016D617CE16D616CE17D616CE17D617D6D1
:10E4000016CE16D617D636CE16D617D617CE16D6A1
:10E4100017D617CE16D636D617CE16D616D617CE90
:10E4200016D6D5CD74BD74BD74C594BD94C517D62C
:10E4300016D617CE17D636D617CE17D636D616CE50
:10E4400017D636CE17D617D636CE17D617CE16D63F
:10E4500016CE37D616D617CE37D616D617CE36D610
:10E4600017CE36CE16D617D636CE17D616D617CE28
:10E4700037D616D637CE16D616D617CE17CE36D6F0
:10E4800017D616CE74BD74BD74C574BD74C516CED2
:10E4900017D617CE36D617D617D636D617CE17D6E6
:10E4A00016D617CE36D616D617CE36D616D616CEE2
:10E4B00017D616D637D616CE37CE17D616CE37D6AF
:10E4C00016D616CE37D617D616CE17D617D636CEC0
:10E4D00016D617D636CE16D637CE16D617D617CEB0
:10E4E00016D617D6F6CD74BD74BD74C574C574BD8B
:10E4F00074BD74BD74C574BD74BDF6CD16D617CE8B
:10E5000037D616D617CE37D616D617CE17D636D656
:10E5100017CE17D616D616CE37CE16D617D636D66F
:10E5200037CE16D616D637CE16D617D637CE16D63F
:10E5300017D636D617CE16D617D616D617CE16D667
:10E5400017CE17D636CE17D616CE17D617D636CE46
:10E55000F6CD74BD74C574BD94BD74C537D617CEE1
:10E5600016D616CE17D616D617CE37D616D617CE3F
:10E5700037D616D617CE16D616CE36D617CE16D610
:10E5800037D617CE36D617D616CE36D617D617CEDE
:10E5900036D617D617CE16D616D637CE16CE16D6F0
:10E5A00037D617CE16D617D617CE36D617CE17D6DD
:10E5B00016CED5CD74BD74BD74C574BD94C537D6A3
:10E5C00016CE16D637D616CE16CE17D637D616CEC8
:10E5D00016D637D616CE16D617D636CE17D616D6A8
:10E5E00037CE16D616D637CE16D617D616CE17D69F
:10E5F00017D636CE17D617D636CE16D617D636CE6F
:10E6000016D617D617CE36D637D616D616CE17D676
:10E6100017D616CE94BD74C574BD94BD74C516CE00
:10E6200016D616CE37CE16D616CE17D636D617CE67
:10E6300017D616D617CE16D637CE17D616D617CE6D
:10E6400036D617D616CE17D636D616D617CE17D636
:10E6500016CE17D636D616CE17D616D617CE36D62F
:10E6600017D617CE37D616D617CE36D617D616CE1D
:10E6700036CE17D6F5CD74BD94BD74BD74C574BDCA
:10E6800074BD94C574BD74C594BDF6CD16D616CEB2
:10E6900017D616D636CE17D636CE16D617CE36D6CF
:10E6A00016CE17D637D616CE16D637CE16D617CEE6
:10E6B00016D617CE37D616CE16D617D616CE17D6EE
:10E6C00017D636CE17D617D636CE17D636D616CE9E
:10E6D00017D616D637D616CE16D637D616CE17D6A6
:10E6E000F6CD94BD74C574BD74BD74BD36D617D651
:10E6F00036CE37D616CE16D637CE16D616D617CE77
:10E7000016D617D637CE17D616D617CE17D616D694
:10E7100016CE37D617D616CE37D616D616CE37D64D
:10E7200016D616CE37CE17D616D637CE16D617D65D
:10E7300036CE16D617CE36D616D617CE36D617D62E
:10E7400037CED5CD74BD94C574BD74BD95C516D6F0
:10E7500017CE37D616D617CE16D636D617CE17D62C
:10E7600016D617CE16D617CE16D636D617CE17D63D
:10E7700016D617CE17D616D616CE37D616D616CE2E
:10E7800017D616D617CE16D617CE17D616CE17D63C
:10E7900016CE16D617D617CE16CE37D616D616CE16
:10E7A00017D616CE74C574BD94BD74C574BD16CE8F
:10E7B00017D617D616D617CE16D617CE16D636D6E5
:10E7C00017CE36D617D616CE16D617CE37D616CEC5
:10E7D00017D636CE17D617D616CE16D637D616CEAD
:10E7E00017D637D616CE17D636CE17D616CE17D69C
:10E7F00016CE16D617D617CE16D617CE36D617D6AD
:10E8000017CE16D6F6CD74BD74C594BD74BD74C54F
:10E8100074BD74BD94C574BD74BDF6CD16D637D61F
:10E8200017CE16CE17D617D616CE37D617D616CE83
:10E8300016D617CE37D616D617D617D616CE16D664
:10E8400017D636D617CE16D637CE16D616CE37D61C
:10E8500016CE16D617D636CE16CE17D617D636CE35
:10E8600016D617CE17D616D637CE16D616D617D634
:10E87000F6CD74BD94C574C574BD74BD16D617D6D7
:10E8800017CE16D617D637CE16D617CE37D616CE03
:10E8900016D636D617CE16D637D616CE37D616CECD
:10E8A00016D617D616CE16D637CE17D616CE17D6FC
:10E8B00017D616CE36D617D616CE17D617D616CEEC
:10E8C00017D637D616CE17D617D616CE16D617D6D3
:10E8D00016CED5C574C574BD94BD74C594C517CE88
:10E8E00016D617CE16D637D617CE16D617CE36D69C
:10E8F00017CE36D637D617CE16D617CE36D616CE74
:10E9000037D616CE37D616CE17D637CE16D637CE42
:10E9100036D617D636CE16D637D616CE37D617D623
:10E9200036CE37D616D616CE17D617D636CE17D63B
:10E9300036D616CE74BD74C574BD74C574BD16CEFE
:10E9400017D616D637CE16D637D617CE16D617D632
:10E9500036CE17D616D637CE16D617D636CE16D60C
:10E9600017D616CE16D637CE17D616CE37D616D61B
:10E9700016CE17D617D616CE37D616D637D616CE0B
:10E9800037D616D636CE17D616D636CE17D616D6D4
:10E9900016CE37D6F6CD74BD74C574BD94BD74BDA6
:10E9A00074BD74C574BD74BD74C5F6CD16D617CECE
:10E9B00036D616D617D636CE16D617D617CE36D6A4
:10E9C00017D616CE16CE17D636CE17D636D617CEC3
:10E9D00017D636CE16D617D617D636CE17D617D6A2
:10E9E00036CE17D616D617CE16D617D617CE36D69B
:10E9F00017D616CE36CE17D617CE16CE37D616CE9B
:10EA0000F6CD74BD74BD94C574BD94BD16D617D62D
:10EA100036CE16D617D616CE16D617D637CE16D66B
:10EA200017D617CE16D616D617CE16D637D617CE79
:10EA300016D637CE17D616D617CE36D617D616CE4A
:10EA400037D617D616CE16D637D616CE36D617CE1A
:10EA500016D617D636CE16CE37D617CE16D637D60A
:10EA600017D6D5C574BD74C574BD94BD94C537D6CD
:10EA700016CE16D637D616CE17D616D636D617CE0B
:10EA800016D616D617CE36D617D617CE16D617D612
:10EA900016CE37D616D617CE16D616D617CE17D60A
:10EAA00016D617CE17D636D616CE17D616D616CEFB
:10EAB00017D617CE36D616D617CE36D617CE17D6C9
:10EAC00017D616CE74BD74C594BD74BD74C516CE6C
:10EAD00017D616CE16D637D616CE16D637CE16D6AB
:10EAE00017CE16D617CE37D616D617CE17D616D6B9
:10EAF00037CE17D616D636D617CE17D616D637CE69
:10EB000016CE16D637D616CE16D617CE16D637D67A
:10EB100017CE16D617CE36D617D617CE16D637D668
:10EB200016CE16D6F6CD74BD74BD74C574C574BD4D
:10EB300074BD74C594BD74BD74C5F6CD16CE17D61C
:10EB400016D637CE17D616CE17D616D636CE17D639
:10EB500017D636D617D616CE16D617CE36D617CE29
:10EB600016D617D616CE17D616CE17D616D616CE5A
:10EB700017D636CE17D617D636CE16D617CE16D609
:10EB800037D617D616D637D616D617D637CE16D6C8
:10EB9000F6CD94BD74C574BD74BD94C517D616CE9C
:10EBA00037D617D616CE37D616D616CE17D636D6B1
:10EBB00017CE37CE16D637CE16D617D616CE16D6D1
:10EBC00037D616CE17D636D616CE17D616D636CE9A
:10EBD00016D617D617CE36D617D617CE16D636D6A1
:10EBE00017CE16D617D616D636CE17D616CE36D69A
:10EBF00017D6D5C574BD74C594BD74BD95C517D65B
:10EC000036CE17D617D616CE37D617CE16D617D677
:10EC100017CE16D617CE16D636D617CE16D637D668
:10EC200017CE16D617D636CE17D616D637CE16D658
:10EC300016CE17D617D616CE17D637D616CE16D668
:10EC400017D616CE17D637D616CE16D616D617CE58
:10EC500016D616CE74BD74C594BD74BD74C516CEDB
:10EC600017D617CE16D617D617CE16D637D617CE36
:10EC700016D636D617CE16D616D637CE16D616D602
:10EC800037CE17D616CE16D617D616CE16D637D6F8
:10EC900017CE16D637D617CE16D617CE16D616CE10
:10ECA00017D616D617CE16D636CE17D617CE16D6F8
:10ECB00017D616CEF6CD74BD74BD94C574BD74BDA3
:10ECC00074BD74C594BD74BD74BDF6CD36D617CE73
:10ECD00016D617CE36D617D617CE36D616CE17CEB0
:10ECE00016D637CE17D616D637CE17D616D616CE98
:10ECF00037D616D637CE36D617D636CE17D617D63F
:10ED000036CE16D617CE36D617D636CE16D617CE60
:10ED100016CE16D617CE16CE16D617D616D616D6A9
:10ED2000F6CD74BD74C574BD74BD74C516D617CE4A
:10ED300016D616CE37D617D616CE37D616D616CE48
:10ED400016D617D636D617CE17D636CE17D616D62F
:10ED500017CE16D636CE17D617CE17D637CE16D62E
:10ED600017CE36D616CE17D616CE17D617D636CE1F
:10ED700017D617CE36D617D617D616CE17D616CE26
:10ED800017D6D5CD74BD74C574BD74BD94C517D6E2
:10ED900016CE36D617CE16D616D637CE16CE37D6D0
:10EDA00036D617CE17D616D637CE16D616CE37D6B7
:10EDB00016D616CE17D637D616CE17D636D617CEC7
:10EDC00036D636D617CE16CE36D617CE17D636D678
:10EDD00037CE16D616CE17D637D617CE36D617D686
:10EDE00036CE16CE74C574BD74BD74C574BD16CE52
:10EDF00016D637D636CE16D617D636CE16D617D660
:10EE000016CE37D617D616CE37D617CE16D616CE7E
:10EE100017D616D637CE17CE36D617CE17D616D665
:10EE200017CE16D616D637CE17D636D637CE17D635
:10EE300036D637CE16D617D616CE36D617D616CE27
:10EE400037D617D6F5CD74BD74C594BD74BD74C5E1
:10EE500074BD74BD74C594C574BDF6CD16D616D6F2
:10EE600037CE16D616D617CE36D617D617D616D60E
:10EE700016CE17D616CE36D617D616CE17D637D606
:10EE800016CE17D616CE17D616D636CE17D617D616
:10EE900016CE17D616D617CE17D616D637D617D6FD
:10EEA00036CE17D637D616CE37CE17D616CE37D69D
:10EEB000F6CD74BD94C594BD74BD94BD17D636D639
:10EEC00017CE16D617D616CE17CE37D617D616CEDD
:10EED00017D616D616CE17D616D636CE17D617CEC6
:10EEE00036D617D617CE16D616D636CE17D617D68E
:10EEF00016CE17D637D616CE36D617D616CE16D687
:10EF000017D636CE16CE17D636CE17D637D616CE5D
:10EF100017D6D5C594BD74C574C594BD94C517D610
:10EF200017D616CE37D616D617CE16D617D616CE75
:10EF300016D637D616CE17D617D616CE17D617CE64
:10EF400036D616CE17D616CE16D617CE17D616D656
:10EF500017CE17D616D637D616CE16D617D617CE44
:10EF600016D637D616CE16D617CE16D617CE17D635
:10EF700017D616CE74C594BD74BD74C594BD16CE97
:10EF800017D616D617CE17D636CE17D617D616CE14
:10EF900017D616CE16D617D616CE17D637D616CE05
:10EFA00017D636D616D617D616D637CE16D636D6A6
:10EFB00017CE17D636CE16D617D616CE16D617D6E5
:10EFC00016CE16CE37D617D617CE16D637D616CEBD
:10EFD00016CE17D6F6CD74BD74BD74C574BD74BDA0
:10EFE00074BD74BD74C574BD74BDF6CD16D617CE90
:10EFF00017D636D617CE16D616CE17CE37D636D665
:10F0000017D617CE36D617D616CE16D637CE16D674
:10F0100017D616CE17D617CE16D617CE36D616CE8C
:10F0200017D637D616CE16D637CE16CE17D616D654
:10F0300016CE37D616D616D637D616CE17D636D61D
:10F04000F6CD74BD74C574C574BD74BD36D617D6FF
:10F0500017CE36D616D617CE36D616D617CE37D604
:10F0600036CE17D617CE36D617D616CE17D636D6F4
:10F0700016CE17D637D616CE17D616D616CE37D604
:10F0800016D616CE17D617D636CE17D636CE17D6F4
:10F0900017D616D617D616CE16D617D616CE36D6FD
:10F0A00017D6D5C574BD74BD94BD74BD94C517D6AF
:10F0B00036CE17D616D637CE17D616D637D617CEA3
:10F0C00016D616D637CE16CE36D617D616CE17D6B5
:10F0D00017D636D617CE17D636D636CE17D616D67C
:10F0E00017CE16CE17D617D616CE37D616CE16CEC4
:10F0F00017D617D637CE16D616D637CE16D616D67C
:10F1000017CE16CE74C574BD94C574BD74BD16CE2D
:10F1100017D616CE17D616D616CE17D636CE16D684
:10F1200037D617CE36D616D617CE36D616D617CE33
:10F1300037CE16D617CE16D617CE16D637D616CE4B
:10F1400017D637D616CE17D616D617CE17D636D62A
:10F1500017CE17D616D636CE17D616CE17D637D622
:10F1600016CE16D6F6CD74BD74BD94C574BD74BDEF
:10F1700074C594BD74BD74C594BDF6CD16D617CEB6
:10F1800016D617CE37D616D617D616CE16CE17D613
:10F1900016CE36D617D617CE16D637D616CE17D6E3
:10F1A00036D616CE37D636D617CE17D616D636CE94
:10F1B00017D616CE37D616D616D637CE16D617CEC3
:10F1C00017D616CE17CE17D616D616CE17D616D6F3
:10F1D000F6CD74BD74BD94BD74C574BD16D617D676
:10F1E00016CE37D617CE16D616D617CE16D616D6B4
:10F1F00017CE16D637D616CE17D617D636CE17D682
:10F2000016CE16D637D616CE37D617D616CE37D652
:10F2100017D616CE36D617CE17D616D617CE36CE6A
:10F2200016D637CE17D636D617CE17D616D617CE51
:10F2300017D6D5CD74BD74C574BD74BD94C517D62D
:10F2400016CE16D617CE16D636CE17CE16D637CE43
:10F2500017D616D617CE16D637D616CE36D617D61A
:10F2600016CE16D637D617CE16D617D636CE17D612
:10F2700036D636CE17D616CE37D617D616D636D6BB
:10F2800017CE16D637D617CE16D637D616CE36D6D2
:10F2900017D616CE74BD74C574BD74C574BD16CEB4
:10F2A00017D616D637CE16D617D637CE16D617D6C9
:10F2B00016CE37D617CE16D637CE16D616D617CECA
:10F2C00016D617D637CE36CE16D617D617CE16CEBA
:10F2D00016D616D617CE36D637CE16D616CE37D683
:10F2E00016D617D616CE16D637D616CE16D617D6AB
:10F2F00017D616CEF6CD74C574BD94C574C574BD4D
:10F3000074BD74C594BD74BD74C5F6CD16CE36D625
:10F3100017D616CE36D617D637CE16D617D617D658
:10F3200036CE16D617CE16D637D617CE16D617CE59
:10F3300017D616D616CE17D636D616CE17D617D659
:10F3400016CE17D637CE16D617D617D636CE17D630
:10F3500036D616D617CE37D616CE37D617CE16D601
:10F36000F6CD94BD74BD74C594BD74BD17D636CEAC
:10F3700016D617D637CE16D617D637CE16D617D6F8
:10F3800016CE37D616D616CE37D616CE16D617D6F2
:10F3900017CE36D617CE16D616CE37D616CE16D6EA
:10F3A00017CE37D616D616CE17D616D617D616D6E9
:10F3B00036CE17D616CE17D636CE36D617D616CEAA
:10F3C00036D6D5C574BD94C574C574BD95C537D63C
:10F3D00016D637CE17D616D617D616D616CE16D6BA
:10F3E00037CE17D616D617CE17D616D617CE37D68F
:10F3F00016CE16CE17D636CE17D616D617CE17D6A9
:10F4000016D617D636CE16D617D616CE17D637D668
:10F4100016CE16D616D617CE16D617D617CE16D6A1
:10F4200037D616CE74BD94BD74C574BD74C516CEE2
:10F4300017D616D637CE17D616D616CE17D616CE60
:10F4400016D617D616CE17D617D617CE36D617D647
:10F4500016D616D617D617D636CE17D616D637D610
:10F4600017CE16D617D617CE16D617D616CE17CE57
:10F4700036D617CE17D616D617CE37D616CE16D600
:10F4800037CE16D6F6CD74BD74BD74BD74BD74C5CB
:10F4900074BD74BD74C574BD74BDF6CD17D616D6D3
:10F4A00037CE17D616CE16D617CE36D616D637CEB8
:10F4B00017D616D617CE36D616CE17D616D636CEC1
:10F4C00017D617D616CE17D617D636CE17D636D6A7
:10F4D00016CE17D616D636CE17CE16D616D617CEC9
:10F4E00037D616D616D637CE16D616D637CE16D669
:10F4F000F6CD74BD74C574C574BD94BD17D616D64B
:10F5000017CE16D616D637CE16D616CE37D617CE77
:10F5100036D617CE17D616D617CE36D617D616CE5F
:10F5200037D617D616CE17D617D616CE17D616D666
:10F5300036CE17D617D636CE36CE17D617CE17D626
:10F5400017D616CE17D616D617CE17D616CE37D64E
:10F5500017D6D5C574BD74C594BD74BD94C517D6F2
:10F5600016CE37D616D617CE37D617D616CE17D60E
:10F5700016D636CE17D636CE16D617D616CE37D6E0
:10F5800017D616D617D616CE36D617CE16D636CEF0
:10F5900017CE17D616D637CE16D616CE37CE17D6E6
:10F5A00016CE37D617CE36D616CE17D636CE17D6B7
:10F5B00017D616CE74C574BD94BD74C574BD16CE71
:10F5C00017D616CE16D637CE16D637D617CE36D68F
:10F5D00037D616CE36D616D617CE36CE17D637CE67
:10F5E00016CE36CE17D616D617CE36CE16D617D698
:10F5F00036CE37D616D616CE37D616D617D636D638
:10F6000017CE16D637D616CE16D637D617CE16D66E
:10F6100016D617CEF5CD74BD74C594BD74BD74BD3A
:10F6200074BD74C594BD74C574BDF6CD16D616CE22
:10F6300017D637D616CE17D617D616CE16D617CE5D
:10F6400016D617D637CE16D617D617CE36D616D626
:10F6500037CE36CE17D616CE36D617CE17D616CE0E
:10F6600037D617D616CE17D637D616CE17D616CE0D
:10F6700017CE17D616CE17D617D616CE17D637D61C
:10F68000F6CD74BD94BD74BD74C574BD36D617D6A1
:10F6900037CE16D617D617CE16D616D617CE16D6FE
:10F6A00016D617CE36D617D616CE17D636CE16D6CF
:10F6B00017D616CE36D617D636CE17D617D637CE9D
:10F6C00016D616CE17D617D616D636CE36D616CEB0
:10F6D00017D636D636CE17D616D617CE36D617D676
:10F6E00017D6D5C574BD74C574BD94BD94C516D662
:10F6F00017CE16D616CE36CE17D636CE37D617D666
:10F7000016CE17D617D636CE17D616CE36D617D66D
:10F7100016CE37D617D616CE17D617D636CE16D65D
:10F7200017D616CE17D617D636CE17D616D616D665
:10F7300017D616CE37D617D616CE37D616D616CE3D
:10F7400017D616CE74BD74C574BD94BD74BD16CEE7
:10F7500017D616D617CE16D617CE16D616D617CE5D
:10F7600017D617CE16D637D616CE16D617D616D625
:10F7700017CE17D636CE16D617D617CE16D616CE25
:10F7800017D616CE17D636CE17CE17D636CE17D6F4
:10F7900016D616CE37D617CE16D616D637CE17D6DD
:10F7A00016D637D6F6CD74BD74C594C574BD74C570
:10F7B00074BD74BD94C574BD74BDF6CD36D617CE78
:10F7C00016D616D637CE16D637D617CE36D617D685
:10F7D00016CE36D617D616CE16D637CE17D616D69E
:10F7E00017CE16D617D637D616CE16D617D616CEAD
:10F7F00016D637D616CE16D617D637CE16D636D656
:10F8000016D637CE16D636D617CE16D616D617CE6D
:10F81000F6CD74C594BD74BD74C574BD16D617D627
:10F8200016CE36D617CE36D637D617CE36D617D60C
:10F8300017CE36D616CE17D637D616CE17D617D63B
:10F8400016CE37D616D616CE17D636D616CE17D62D
:10F8500017D616CE36D617D617CE17D616D617CE3B
:10F8600036D617D617CE36D617D616CE16D616CE0D
:10F8700017D6D5CD74BD74BD74C574BD95C537D6C6
:10F8800016CE17D637D616D616CE17D616D616CE0D
:10F8900037D616D616CE17D617D636CE17D616CEDC
:10F8A00016CE37D616CE16D637D617CE16D617D6CC
:10F8B00036D636CE17D616D617CE37D616D617CE9C
:10F8C00036D616CE17D616D617CE17D616D637CEAC
:10F8D00016D616CE74BD74C594C574BD74C516CE47
:10F8E00017D617D636D617CE36D617D616CE36D664
:10F8F00017D616CE17D617D636CE17D616D636CE7C
:10F9000017D617D616D637CE16D617D637D616D65A
:10F9100017CE37D616D617D616D616CE17D617CE7A
:10F9200016D637D616CE17D617CE16D636CE17CE53
:10F9300016D616CEF6CD74BD74BD74BD74C574BD37
:10F9400074BD74C574BD94BD74C5F6CD16D617CEFE
:10F9500037D616D616CE17D616CE36D617D617CE1B
:10F9600036D617CE17D616D636CE17D616CE17D60B
:10F9700016D617CE16D617D616CE37D617D616CE1B
:10F9800037D617CE16D616D637CE16D617D617CEEA
:10F9900036D617D617CE16D637CE36D616D616CEBC
:10F9A000F6CD74C574BD94C574BD94BD17D616CE7E
:10F9B00017D616D616CE17D616CE17D636D616CEDC
:10F9C00017D636D617CE16D616D637CE16D617CEAB
:10F9D00036CE17D617CE16D617D616CE36CE17D6A3
:10F9E00016D637CE16D616CE37CE16D617D617CE93
:10F9F00016D617CE16D616CE37D617D636CE17D67B
:10FA000016CED5CD94BD74BD94C574BD94C517D61E
:10FA100016CE37D617D616CE17D617D616CE37D659
:10FA200017CE16D636CE17D616D617CE17D616D66A
:10FA300037D617D616CE36D617D616CE17D617CE39
:10FA400016CE17D636CE16D617D616CE37CE17D632
:10FA500016D637CE16D616D637CE16D617CE17D61A
:10FA600016D616CE74BD74BD74BD74C574BD16CEE5
:10FA700016D616CE37D616D617CE37D617CE16D6FA
:10FA800036D617CE16D636CE17D617D636CE17D6CA
:10FA900016D636CE17D616D636CE17CE16D636D6BC
:10FAA00017CE16D636CE17D637D616D636CE17D6AA
:10FAB00016D617CE16D636D617D617CE16D637D6B2
:10FAC00017D616CEF6CD74C574BD94BD74BD74BD85
:10FAD00074BD74C574BD74BD74C5F6CD16CE16D68E
:10FAE00017CE37D616D617CE16D616D617CE16D6AA
:10FAF00016D617CE36D617D617CE16D637D616CE7A
:10FB000037D636CE16D617CE36D616CE17D636D62A
:10FB100016CE17D617D636CE17CE16D616D617CE81
:10FB200016D616D617CE16D617D617CE37D616D661
:10FB3000F6CD94BD74BD74C574BD94BD16D637D6CC
:10FB400037CE17D616D637CE16D617D617CE16CE30
:10FB500017D617D616CE17D616CE17D636D616D631
:10FB600017D616D637CE37D616D617CE17D636D6E0
:10FB700017CE17D616D617D616D636CE17D636D6F1
:10FB800016CE17D637D616CE17D616D617CE37D6E8
:10FB900016D6D5C574BD74C574BD94BD94C517D6AD
:10FBA00016CE16D617CE36D616D637CE16D616D6CB
:10FBB00017CE17D636D617CE16D636D617CE16D6B9
:10FBC00016D617CE17D616CE17D636D636CE17D6A9
:10FBD00017D616D617CE37D616D616CE17D616D6B1
:10FBE00017CE17D616CE37D616D616CE37D616D689
:10FBF00017D616CE94C574BD94BD74C574BD16CE0B
:10FC000017D617CE16D616D617CE16D616D617CEA8
:10FC100037D616D617CE16D617D616CE17D617D66F
:10FC200016CE37CE17D616D617CE17D616CE37D64F
:10FC300017D616CE17D616CE17CE37D616D616CE60
:10FC400037D617CE16D636CE17D616D616CE17D628
:10FC500016D617D6F6CD74BD74C594C574BD74C5DB
:10FC600074BD94BD74C574BD94BDF6CD16D617D6BB
:10FC700036CE16D617D637CE17D636CE17D637D6B7
:10FC800016CE17D636CE16D617D636CE17D616D6E9
:10FC900017CE17D616D637D617CE16D617CE17D6F6
:10FCA00016D636CE17D617D616CE37D617D636CEA8
:10FCB00017D637CE36D616D617CE16D617CE37D697
:10FCC000F6CD74BD74C574BD74BD74C516D616CE9C
:10FCD00017D616CE37D616D617CE36D616D637CE78
:10FCE00016D616D637CE37D616D617CE17CE36D668
:10FCF00017D616CE16D617CE16D637D616CE16D699
:10FD000017D636CE17CE17D636D617CE17D616D666
:10FD100036CE17D616D637CE16D616CE17D616D658
:10FD200017D6D5C574BD74C574BD74BD94C537D61A
:10FD300017CE16D637D617CE16D617CE37D616D636
:10FD400016CE37D617D616CE37D616D637CE17CE0E
:10FD500036D616D637CE17D616CE17D616D636CEF8
:10FD600017D616D636CE17D616D637CE16D636D6E0
:10FD700017CE16D637D617CE16D617CE36D617CEFE
:10FD800017CE16CE74C574C574BD94BD74C516CE99
:10FD900017D617D636CE17D636CE17D616D637CEB6
:10FDA00016CE17D637D616CE36D617CE16D636D6A8
:10FDB00017CE16D616D637CE16D616D637CE16D6B8
:10FDC00016D637CE16D616D617CE16D617D617CEC7
:10FDD00036D617D617CE16D637CE17D636D617CE76
:10FDE00016CE36D6F6CD74BD74BD74BD74C574BD63
:10FDF00074BD74C594BD74C574BDF6CD16D617CE4A
:10FE000017D616CE16D617D636CE16D617CE16D687
:10FE100037D617CE16D617CE16D617CE16D616D676
:10FE200037CE16D616CE17D616D636CE17D617D646
:10FE300036CE16CE17D616D636CE17D616CE16D640
:10FE400017D617CE16D637CE16D616D616CE17D646
:10FE5000F6CD74BD94C594BD74BD74C537D616CEA9
:10FE600016D617D616CE17D616CE17D616D637CE26
:10FE700017D616D616CE17D636D616CE17D617CE16
:10FE800036CE17D616D616CE37D616D617CE17D6E6
:10FE900036D616CE17D636D616CE17D616CE17D6D7
:10FEA00017CE16D617CE16D637D617CE36CE17D6CD
:10FEB00017D6D5C594C574BD94C574BD94C517D661
:10FEC00016CE36D617D616CE16D617D617CE36D6A7
:10FED00016CE17D616CE16D617CE17D616D617CEDE
:10FEE00017D636D616CE17D636D617CE17D616CE86
:10FEF00037D617CE16D617CE17D616CE37D617D674
:10FF000016CE36D617D616CE17D636D616CE17D666
:10FF100036D616CE74BD74C574BD74BD74C516CE08
:10FF200016D616D617CE37D616D617CE37D616D63D
:10FF300016CE17D616D637CE17D616D637CE16D635
:10FF400017D617CE36D617D617CE36D617D617CE23
:10FF500016D617D637CE16D636D617CE16D636D6EE
:10FF600016CE17D616D636CE17D616D637CE17D605
:10FF700016D616CEF6CD74BD74BD94C574BD74BDD1
:10FF800074BD74BD74C574BD74BDF6CD36D616CEC1
:10FF900037D617D616CE37D616D617CE16D616CED5
:10FFA00017D616D637CE16D637D617CE16D637CEA4
:10FFB00017D616D637CE17D616D637CE16D616D6AD
:10FFC00037CE17D616D637CE17D616D617CE36D684
:10FFD00016D617CE16D617D637CE16D637D616D68D
:10FFE000F6CD74BD74C574BD74BD94BD17D617D657
:10FFF00036CE37D616D637CE17D616CE17D616D655
:020000040804EE
:1000000037CE17D616CE17D617D636D616D617D65B
:1000100016CE37D617D616CE17D616CE36D617CE5C
:1000200016D617D617CE16D617D636CE36D617D63C
:1000300036D617CE16D636D617CE16D616D637CE15
:1000400016D6D5C574BD74C574BD94BD95C516D6F8
:1000500017CE17D616CE37D636D616CE17D616D614
:1000600037D617CE16D637D616CE16D636D616CEE5
:1000700017D617CE16D616D637CE16D616D617D60C
:1000800016CE36D617D616CE36D617D616CE17D6E5
:1000900016CE17D616CE36D617D617CE16D617D6F4
:1000A00017D616CE74BD94C594BD74BD74C516CE56
:1000B00017CE16D617D616CE16D617CE16D616D6F5
:1000C00037CE16D616CE17D616D617CE16CE37D6AC
:1000D00016D616CE17D616D617CE16D616D637CEB5
:1000E00016CE17D617D616CE37D617CE16D617CEAB
:1000F00017D636CE17D617D616CE16D617CE36D674
:1001000017D617CEF5CD74C574BD94C574BD74BD36
:1001100074BD74C594BD74BD74C5F6CD16D617CE26
:1001200016D636D617CE16D617D637CE16D637D61B
:1001300016CE17D616D616CE37D616D616CE37D634
:1001400016D616CE37D616CE17D617CE16D617D643
:1001500017CE16D616D617CE16D637D617CE16D633
:1001600037CE16D616D637CE17D616CE17D636CEEB
:10017000F6CD74BD74C574C594BD74BD16D617D6BE
:1001800016CE17D616D616CE37D636D616CE17D6E4
:1001900016D636CE17D616CE37CE16CE17D616D6DC
:1001A00016CE37D616D617CE37D616D617CE36D6A3
:1001B00017CE36D616CE17D617D616CE17D616CEDB
:1001C00037D617D616CE17D617D616CE17D616D6BA
:1001D00017CED5CD74BD74BD74C574BD94C537D666
:1001E00016D617CE16D617D617CE36CE17D616CEAB
:1001F00017D636D617CE17D636D617CE17D636D64A
:1002000016CE17D637D616CE17D637CE16D617CE69
:1002100037D616D617CE36D617D616CE17D636D62A
:1002200017D617CE36D617D616CE37D616CE16D642
:1002300037D616CE74BD74C574BD74BD74C516CEE4
:1002400017D637D636CE17D636D617CE17D636D6D9
:1002500017CE17D636D617CE36D616D617CE17D611
:1002600036CE17D616CE37D616CE17D637D616CEEA
:1002700016D636D617CE16D617D636D617CE17D6EA
:1002800036D616CE17D637D616CE17D616D616CEE3
:1002900017D616D6F6CD74BD74BD74C574BD74C5BD
:1002A00074BD74C594BD74BD74C5F6CD16CE17D695
:1002B00017CE16D637CE16D616CE17D617D636CEBA
:1002C00017D617CE36D617D617CE16D617D617CEC0
:1002D00016D617D616CE16D637D616CE36D617D68B
:1002E00036CE16D637D616CE16D637CE16D617D663
:1002F00017CE36D617CE16D616D617CE16D617D692
:10030000F6CD94BD74BD74C574BD74BD16D636D615
:1003100017CE17D616CE17D617D616CE37D617CE77
:1003200016D617D636D616D617D617CE36D617CE39
:1003300017D616D616CE37D616D617CE17D616D649
:1003400017D617CE36D636CE17D617D616CE17D620
:1003500016CE36D617CE16D636D637CE17D616D6F2
:1003600037CED5C574C594BD74BD74C594C517CEBC
:1003700036D616D637CE16D616D617D636CE17D6CA
:1003800016CE16D617CE16D617D617CE16D637D601
:1003900016CE17D636CE16D617D616CE36D617D6D2
:1003A00016CE17D616CE17D617D636CE16CE17D6E9
:1003B00036CE16D617D617CE16D636D617CE17CEB9
:1003C00016D616CE74BD74C574BD94C574BDF6CD75
:1003D00016D617CE16D617D616CE36D617CE16D6B2
:1003E00017D616CE17D637CE16D617D636D616CE81
:1003F00017D637D616CE16D637D616CE17D617D668
:1004000016CE37D616CE17D616CE16D637D616CE69
:1004100016D617D616CE36D617CE37D636D617CE30
:1004200016D636D6D6CD74BD74BD94BD74C574BD14
:1004300074BD74C574BD74BD94BD94C5F6CDF6CDC0
:10044000F6CDF6CDF6CDF6CDF6CDF6CDF6CDF6CD94
:10045000F6CDF6CDF6CDF6CDF6CDF6CDF6CDF6CD84
:10046000F6CDF6CDF6CDF6CDF6CDF6CDF6CDF6CD74
:10047000F6CDF6CDF6CDF6CDF6CDF6CDF6CDF6CD64
:10048000F6CDF6CDF6CDF6CDF6CDF6CDF6CDF5CD55
:1004900094C574BD94BD74C574BD94BDB5C5F6CD89
:1004A000F6CDF6CDF6CDF6CDF6CDF6CDF6CDF6CD34
:1004B000F6CDF6CDF6CDF6CDF6CDF6CDF6CDF6CD24
:1004C000F6CDF6CDF6CDF6CDF6CDF6CDF6CDF6CD14
:1004D000F6CDF6CDF6CDF6CDF6CDF6CDF6CDF6CD04
:1004E000F6CDF6CDF6CDF6CDF6CDF6CDF6CDF6CDF4
:1004F000D5CD94C574BD74BD94C574BD74BDD5C54A
:10050000F6CDF6CDF6CDF6CDF6CDF6CDF6CDF6CDD3
:10051000F6CDF6CDF6CDF6CDF6CDF6CDF6CDF6CDC3
:10052000F6CDF6CDF6CDF6CDF6CDF6CDF6CDF6CDB3
:10053000F6CDF6CDF6CDF6CDF6CDF6CDF6CDF6CDA3
:10054000F6CDF6CDF6CDF6CDF6CDF6CDF6CDF6CD93
:10055000F6CDB5C574BD74C594BD74BD74BD95C5E7
:10056000F6CDF6CDF6CDF6CDF6CDF6CDF6CDF6CD73
:10057000F6CDF6CDF6CDF6CDF6CDF6CDF6CDF6CD63
:10058000F6CDF6CDF6CDF6CDF6CDF6CDF6CDF6CD53
:10059000F6CDF6CDF6CDF6CDF6CDF6CDF6CDF6CD43
:1005A000F6CDF6CDF6CDF6CDF6CDF6CDF6CDF6CD33
:1005B000F6CDD6C594C574BD94C574BD74BD74BD67
:1005C00074BD74BD94C574C574BD74BD74BD74BD73
:1005D00074BD74BD74BD74BD74BD74BD74BD74BD93
:1005E00074BD74BD74BD74BD74BD74BD74BD74BD83
:1005F00074BD74BD74BD74BD74BD74BD74BD74BD73
:1006000074BD74BD74BD74BD74BD74BD74BD74BD62
:1006100074BD74BD74BD74BD74BD74BD74BD74BD52
:1006200074BD74C574BD94BD74C574BD74BD74BD12
:1006300074BD74BD74BD74BD74BD74BD74BD74BD32
:1006400074BD74BD74BD74BD74BD74BD74BD74BD22
:1006500074BD74BD74BD74BD74BD74BD74BD74BD12
:1006600074BD74BD74BD74BD74BD74BD74BD74BD02
:1006700074BD74BD74BD74BD74BD74BD74BD74BDF2
:1006800074BD74BD74C574BD74BD74C574BD74BDD2
:1006900074BD74BD74BD74BD74BD74BD74BD74BDD2
:1006A00074BD74BD74BD74BD74BD74BD74BD74BDC2
:1006B00074BD74BD74BD74BD74BD74BD74BD74BDB2
:1006C00074BD74BD74BD74BD74BD74BD74BD74BDA2
:1006D00074BD74BD74BD74BD74BD74BD74BD74BD92
:1006E00074C574BD74BD74C574BD74C594C574BD42
:1006F00074BD74BD74BD74BD74BD74BD74BD74BD72
:1007000074BD74BD74BD74BD74BD74BD74BD74BD61
:1007100074BD74BD74BD74BD74BD74BD74BD74BD51
:1007200074BD74BD74BD74BD74BD74BD74BD74BD41
:1007300074BD74BD74BD74BD74BD74BD74BD74BD31
:1007400074BD74BD74BD94C574BD74C594BD74C5C9
:1007500074BD74BD94C574BD74BD74C574BD94C5B9
:1007600074BD74C574BD74BD94C574BD74BD74C5C9
:1007700074BD74BD74C594BD74BD74C594BD74BDA1
:1007800074C594BD74BD74C574BD74BD74C574BDA9
:1007900074BD74BD74C574BD74BD74C574BD74BDC1
:1007A00074C574BD74BD94C574BD74BD94C574BD69
:1007B00074BD94C574C574BD74C574C574BD74C569
:1007C00074BD94C574BD74BD94C574BD74BD74C549
:1007D00074BD74BD74BD74BD74C594BD74BD74C561
:1007E00094BD74BD74C574BD94BD74BD74C594BD11
:1007F00074BD74C574BD74BD74C594BD74BD74C539
:1008000094BD74BD74C574BD74BD74C574BD74BD30
:1008100094C574BD74BD94C574BD94C574BD74C5D0
:1008200074C574BD74BD74C574BD74BD74C574BD28
:1008300094BD74C574BD94BD74C574BD94BD74BDC0
:1008400074C574BD74BD74C574BD74BD74C574BD08
:1008500074BD94C574BD74BD94C574BD74C574BDB8
:1008600074BD74C574BD94BD74C574BD74BD74C5C8
:1008700074BD74BD94C574BD74BD94BD74C574BDA0
:1008800074BD94C574BD74BD74C574BD74BD94C588
:1008900074BD74BD74C574BD74BD74C574BD74BDC0
:1008A00074C574BD74BD74C574BD74BD74C594BD88
:1008B00074BD74C574BD94BD74C574BD74BD74C578
:1008C00094BD74BD74C574BD74BD74C574BD74BD70
:1008D00074C594BD74BD74C574BD74BD74C574BD58
:1008E00074BD74C574BD94BD74C594BD74C574BD28
:1008F00094C574BD94C574C574BD94C574BD94C5C8
:1009000094C574BD74C594BD74C574BD94C574BDDF
:1009100074C594BD74C594BD94C574BD94C594C587
:1009200074BD94C594BD74C594BD94C574C594BD7F
:1009300094C574C574BD94C574BD74C594C574BDA7
:1009400074BD94C574BD74BD94BD94BD74C574BDAF
:1009500094C574BD74C594BD74C574BD94C594BD6F
:1009600074C594C594BD74C574BD94C574C574BD77
:1009700094C574BD74C594C574BD74C594BD74C567
:1009800074BD94C594C574BD74C594BD74C574C557
:1009900094BD74C574C594BD94C574BD94C574BD2F
:1009A00074C574BD94BD74C574BD74BD94BD74BD6F
:1009B00094C594BD74C594BD94C574BD94C574C5E7
:1009C00074BD94C574C574BD94C574C574BD94C517
:1009D00074C594BD74C594BD94C574BD94C574BDEF
:1009E00074C594C574BD74C594BD74C574BD94C5F7
:1009F00094C574BD74C594BD74C574C594BD94C5C7
:100A000074BD74C594BD74C574BD74BD74C594BD06
:100A100074C574C594BD74C594BD74C574BD94C5C6
:100A200074BD94C594C574BD94BD94C574BD94C57E
:100A300074C594BD94C574BD94C574BD74C594BD8E
:100A400074C574C594BD74C574C594BD74BD74C5B6
:100A500094BD74C574BD94C574BD94C574BD74C58E
:100A600094C574BD74C574BD94BD74C574BD74BDA6
:100A700074BD74C574BD74C574BD74BD74BD74BDDE
:100A800074BD74BD74BD94BD74BD74C574BD74BDB6
:100A900074BD74BD74BD74C574BD74BD74BD74C5BE
:100AA00074BD74BD74BD74C574BD74BD74BD74BDB6
:100AB00074C574BD74BD74C574BD74BD74BD74BD9E
:100AC00074BD74BD74C574BD74BD74BD74C574BD8E
:100AD00074BD74C574BD74BD74C574BD74BD94C556
:100AE00074BD74BD74BD74C574BD74BD74C574BD6E
:100AF00074BD74BD74C574BD74BD74BD74BD74BD66
:100B000074BD74C594BD74BD74C574BD74BD74BD2D
:100B100074C574BD74BD74BD74BD74C574BD74BD3D
:100B200074BD74BD74BD74BD74BD74C574BD94BD15
:100B300074C574BD74C574BD74C574C574BD74BD0D
:100B400074BD74C574BD74BD74BD74BD74BD74BD15
:100B500074BD74BD74BD74BD94BD74BD74BD74BDED
:100B600074BD74BD74BD74C574BD74BD94BD74C5CD
:100B700074BD74BD74BD74BD74C574BD74BD74BDE5
:100B800074BD74BD74BD74C574BD74BD74BD74BDD5
:100B900074C574BD74BD94C574C574BD94BD74BD75
:100BA00074BD74BD74BD74BD94C574BD74BD74BD95
:100BB00074C574BD74BD74C574BD74BD74C574BD95
:100BC00074BD74BD74BD74C594BD74BD74BD74C56D
:100BD00074BD74BD94BD74BD74BD94C574BD74BD45
:100BE00074C574BD94BD74BD74C574BD94BD74BD2D
:100BF00074BD74BD94C574BD74BD94C574BD74BD1D
:100C000074BD94BD74C574BD94C574C594BD94C5BC
:100C100074C574BD74C574BD74C574BD94BD74C50C
:100C200074C594BD74BD94C574BD94BD74C594BDA4
:100C300074BD74C594BD74BD74C574BD74BD74C5F4
:100C400094BD74BD74C574BD74BD94C574C574BDC4
:100C500094BD74C594BD74BD94C594BD74BD94C554
:100C600074BD94BD74C594C574BD74C594BD74BD84
:100C700074C594BD74C574BD94BD74C574BD94BD74
:100C800074C574BD94BD74C594BD74C594C574BD5C
:100C900074BD94C574BD74BD94BD74C574BD94BD5C
:100CA00074C574BD94BD74C594BD74BD94C574BD44
:100CB00094C574C594BD74C574BD94BD74C574BD2C
:100CC00094BD74C574BD94BD94BD74C594C574BD04
:100CD00074C574BD94BD74C574C594BD74C594C504
:100CE00094BD74C574C594BD74C574C594BD74C5F4
:100CF00074C594BD74BD74C574BD74C574BD94BD14
:100D000074C594BD74C594BD74BD94C574BD74C5DB
:100D100094C574BD94BD74C594BD74BD74C594BDB3
:100D200074BD74C594BD74BD74BD94C574C574BDE3
:100D300094C574C574BD74BD74C594BD74C574BDCB
:100D400094BD74BD74BD74C574BD94BD74C574BDCB
:100D500094BD74C574BD74BD74C594BD74BD94C593
:100D600074BD74BD74C574BD74BD74C594BD74BDCB
:100D700074C594BD74C574BD74BD74C574C594BD8B
:100D800074BD74C594BD74C574BD94C574C574BD7B
:100D900074BD74C594BD74BD74BDB5C516D616D6E4
:100DA00036D616D636D616D616D636D616D616D683
:100DB00036D616D616D616D636D616D616D636D673
:100DC00016D616D636D616D636D636D616D616D663
:100DD00037D616D636D616D616D636D616D616D652
:100DE00016D636D616D616D616D616D617D616D682
:100DF000B5C574BD94C574BD74BD94C5D5CD16D6A6
:100E000016D616D636D616D616D636D616D616D642
:100E100036D616D616D636D616D616D616D636D612
:100E200016D616D616D616D636D616D616D636D622
:100E300016D616D636D616D616D616D616D636D612
:100E400016D616D616D636D616D616D616D617D621
:100E500016CE94C574C574BD74BD74BD94C5F6CD6D
:100E600017D636D617D616D636D617D616D616D6DF
:100E700016D616D636D616D616D616D616D636D6D2
:100E800016D616D636D636D616D616D616D616D6C2
:100E900016D616D636D616D616D636D616D616D6B2
:100EA00036D616D616D636D616D616D636D616D682
:100EB00016D6D5CD74BD74BD74C574BD74BDD5CD05
:100EC00016D616D636D616D616D616D636D616D682
:100ED00016D636D616D636D616D616D636D616D652
:100EE00016D636D616D616D616D616D616D616D682
:100EF00036D616D616D636D616D616D616D636D632
:100F000016D616D616D636D636D616D616D616D641
:100F100016D616D6B5C574BD74BD74BD74BD74C582
:100F200074BD74C574BD94C574BDF6CD16D617CE08
:100F300017CE17D637CE17CE17D637CE17CE16D632
:100F400017CE17CE16D617CE17D616D617CE17D65B
:100F500017D617CE17D617D617CE17D617D636CE22
:100F600017D617CE16CE37D617CE17CE17D617CE22
:100F700017D617CE17D617CE16D617CE36D617D603
:100F8000F6CD74BD74BD74BD74BD74BD16D617CED8
:100F900037CE17D617CE17D616CE37CE17D616CED3
:100FA00017D617CE17D617CE16CE17D617CE17CE02
:100FB00037D617CE16D617D617CE17D616CE17D6C3
:100FC00017CE16D617D617CE17D636CE17CE17D6BB
:100FD00017CE17CE17D617CE37D616CE17D637D68A
:100FE00016D6D5C594BD74C574BD74BD94C517D649
:100FF00017CE36D617CE17CE16D617CE17CE16CE9C
:1010000017D637CE17CE17CE17CE37CE16CE17CE71
:1010100017D617CE17D617CE37CE17D637CE17D648
:1010200017CE17CE17D617CE17D617CE17CE17D680
:1010300017CE17CE17D617CE17D617CE37D617D648
:1010400017CE16CE94C574BD94C574BD74BDF6CDCF
:1010500017CE17CE37D617CE17CE37D617CE17D610
:1010600017D617CE17D617D637CE17D617CE17D610
:1010700017CE17D637D637CE17D617D637CE17D6C0
:1010800017CE37D617D617CE37D617D617CE17D6D0
:1010900037CE17CE17D617CE17D617CE37CE17D6D0
:1010A00017D636CEF6CD74C574BD94BD74C574BD67
:1010B00074BD74BD74C574BD74BDF6CD16D617D697
:1010C00016CE16D617D616D616D617CE36D617D6AD
:1010D00017CE36D637D617CE16CE37D616CE16CE74
:1010E00037D636CE16CE16D617CE16CE37D616CE65
:1010F00016D617D617CE16D637D616CE36D637D63C
:1011000016CE16D637CE36D617CE17D636CE16D63C
:10111000F6CD94BD74C574C594BD74BD17D637D6CD
:1011200016D616CE37D616D617CE17D616D637CE33
:1011300016D616D637CE16D637D636CE16D617D6FC
:1011400016CE36D617CE37CE16D637CE17D636D6DB
:1011500037CE17CE16D637CE16D617D636CE16D6EB
:1011600017D636CE16D617D636CE17D616CE17CEFB
:1011700017D6D5C574BD94C574C594BD94C517D68E
:1011800016CE16D617D636CE16D637D636D617D6AC
:1011900017CE16D616D617D636D616D617D637D6B3
:1011A00016CE16D617D616CE16D637D616CE36D6B5
:1011B00017D636CE16D616D637CE16D636D616CE85
:1011C00037D616D636CE16D617D636CE16CE17D674
:1011D00036D616CE74BD74C574BD94BD74C516CE16
:1011E00017D616D616D637D616CE16D617D636CE6C
:1011F00016D616CE36D616CE16D616CE37D616CE6E
:1012000016D616CE16CE17D616CE36CE16D616CE85
:1012100016D617CE16CE16D636CE17CE16D616D66C
:1012200017CE36D616D617CE16D636D617CE16D633
:1012300016CE17D6F6CD74BD74C594C574BD74BDF5
:1012400074BD94C574BD74BD94C5F6CD16D637CEA5
:1012500036D616D637CE16D616D637CE16D616D6DC
:1012600016D616D617D636D616D617D637D616D6DB
:1012700016D617D636D617D636D616D617CE17D6D2
:1012800036D616D617D616D616D617CE16D616D6E4
:1012900017CE36D616D617D616D617CE17D616D6DA
:1012A000F6CD74BD74C594BD74C574BD16D616D67E
:1012B00017CE16D636D617CE16D636D617D616CEA3
:1012C00037D616D616CE17D617D616CE36D617D68A
:1012D00016D616D617D616D636D616CE17D616D694
:1012E00016D616D637CE16D616D617D617CE16D68B
:1012F00036D617CE16D616D617CE36D616D616D65C
:1013000037D6D5C574BD74C574BD74BD95C536D604
:1013100017CE17D636D617D617CE16D616D637CE40
:1013200016D636D617CE16D636D617CE16D616D62B
:1013300037CE36D616D617CE16D616D617CE16D622
:1013400016D637D616CE17D636D616D617CE16D60A
:1013500016D637D616CE17D636D616D617CE16D6FA
:1013600017D616CE74BD74C574BD74BD94C516CEA3
:1013700016D617D636CE16D617D616CE36D617D6DA
:1013800017CE36D617D617CE16D637D616D616D6C9
:1013900037D637D616D616D617D616D637D617D688
:1013A00036D616D617D636D617D616CE36D617D682
:1013B00016D616D637CE16D616D637CE16D616D69B
:1013C00037CE16D6F6CD74BD74BD74BD74C574BD6C
:1013D00074BD74C594BD74BD74C5F6CD16CE17D654
:1013E00017D617CE17CE36D617CE17D616CE37CE7F
:1013F00017D617CE16CE17D616CE17CE17D636CE90
:1014000017CE17D616CE17CE17D636D616CE17D677
:1014100037CE16CE37CE37D616CE17D617D616CE2F
:1014200037D617CE16D617CE36D636D617CE17D60F
:10143000F6CD74BD94BD74BD74C594BD17D636D6B3
:1014400017CE17D616D617CE36D617CE17CE16D637
:1014500017D637CE16D617D616CE17D617CE37CE06
:1014600017D616CE37CE17D616D617CE16CE37D6F7
:1014700017CE16D617D637CE16D637CE17D616D6DF
:1014800017CE37D616CE17D637D617CE16D617D6CE
:1014900017CED5CD74BD74BD94C574BD94C517D693
:1014A00036CE16D617CE16D617CE16CE17D617CEE0
:1014B00016D637CE17CE16D617CE17CE16D617D6C7
:1014C00017CE16D637D637CE16D617D637CE16CE77
:1014D00017D617CE16D617CE17D617CE17D637CEA5
:1014E00016D617CE17D616CE17D617D636CE17D68F
:1014F00017D616CE74BD94C574BD74C574BD16CE12
:1015000017D617CE17CE16D617D637CE16D617D66D
:1015100017CE16D617D637CE16D617CE17CE16D666
:1015200017CE17CE36D617CE17CE36D617CE17CE45
:1015300016D637CE17CE16D617D617CE36D617CE26
:1015400017CE36D617CE17D616D617CE17D637D60D
:1015500016CE16D6F6CD74BD74BD94C574BD74BDDB
:1015600074BD74BD74C574BD74BDF6CD16D616CEEB
:1015700017D616D616D617CE36D616D617D636CED8
:1015800017D636D637CE16D637D616CE16D617D6A7
:1015900036CE16D617D636CE17D617CE16D616D6C0
:1015A00017D616CE16D617D636CE17D636CE17D6AF
:1015B00016D617CE16D637CE17D616D616CE36D6A0
:1015C000F6CD74BD74C574BD74BD74BD37D616D662
:1015D00017CE36D617CE16D617D616D636CE17D67F
:1015E00016D617CE36D636CE17D616D636D616CE51
:1015F00017D636D616CE17D617D636CE17D616D657
:1016000037CE16D616D617CE16D616CE36D617CE57
:1016100016D636D617CE16D616CE17CE36D617CE47
:1016200016D6D5CD74BD74BD74C594BD94C517D6FA
:1016300017CE16D637D616CE36D637D616D616D6F7
:1016400017D616D636D617D617D636D636CE17D6DE
:1016500016CE16D617CE16D617D636CE16D617D61F
:1016600036CE16D637D616CE36D616D616CE37D6B0
:1016700016D616CE37D616D617CE36CE16D617D6DF
:1016800036CE16CE74C574BD94BD74C574BD16CE69
:1016900016D616D637D616CE17D616CE16D637CEBF
:1016A00016D616CE37D616D616CE37D616D636CE90
:1016B00017D616D616CE37D616D616CE17D616D6B7
:1016C00016CE17D636D616CE17D636D617CE16D68F
:1016D00017D616CE17D636D617CE16D636CE17D67E
:1016E00017D616CEF6CD74BD74C594BD74BD74C541
:1016F00074BD74C594BD74C574BDF6CD16D637CE11
:1017000036D616D637CE17D616D617CE17D616D645
:1017100016CE17D616D617CE16D637D616CE17D65D
:1017200016D617CE36D616D617CE36D617CE37D60D
:1017300016D617D616D617CE16D616D617CE36D636
:1017400017D616D636CE17D616CE17D617D636CE0D
:10175000F6CD74C594BD74C574BD94BD16D617CEB0
:1017600016D637D616CE17D637D616CE17D636D6C5
:1017700017CE16D617D617CE16D637D616CE17D6FC
:1017800017D616D616CE37D616D616CE17D616D6E6
:1017900016CE37D617CE16D637D617D616CE17D6BC
:1017A00017D616CE37D616D617D636D617CE16D6A5
:1017B00037D6D5C574BD74C574BD74BD94C517D670
:1017C00016CE37D617D616CE17D617D636CE17CE94
:1017D00017D636CE16CE17D616D616CE17D637D67D
:1017E00016D637CE16D617CE16D617D617CE16D68D
:1017F00017D637D616CE17D617D636CE17D616D654
:1018000017CE17D636D617CE16D617D617CE16D66B
:1018100017D616CE74BD74C574BD74BD74C516CE0E
:1018200017D616D636CE17D636D617D617CE36D604
:1018300017D616CE17D616D617CE17D636D617CE3B
:1018400017D616D617CE17D636D617CE37D616D603
:1018500017CE37D616D617CE16D617D616CE37D6FB
:1018600016D617CE36D616CE17D637D616CE16D6ED
:1018700017D616CEF6CD74C574BD74BD74C574BDCF
:1018800074BD74BD94C574BD74BDF6CD16D617CEA7
:1018900017D616CE17CE36D616D637CE16D617D6BC
:1018A00037CE16D617D616CE17D636D617CE16D6AC
:1018B00037D617CE16D617D616D616CE37D616CE9C
:1018C00017CE36D637CE17D616D637CE17D616CE73
:1018D00037CE17D616D616D637CE16D617D617CE7B
:1018E000F6CD74BD94C574BD74C574BD16D617D637
:1018F00036CE16D617D636CE16CE17D616D617CE65
:1019000036CE17D616D617CE36D617CE17D636CE33
:1019100017D617CE36D617CE17D636D617CE17D639
:1019200036D617CE16D636CE17D617CE36D616D60C
:1019300017CE37D616CE17D637D616CE16D617D61A
:1019400017CED5C574C594BD74BD74BD95C536D6C6
:1019500016CE17D616D616CE17D616CE16D637D61C
:1019600017CE16D617CE37D616CE17CE17D616CE1A
:1019700017D617D636CE17D636CE17D636D616CEBB
:1019800017D616CE16D617D617CE16D637D616CEEB
:1019900017D636D616CE17D636D616CE37D616D694
:1019A00017D616CE74BD94C574BD74BD94C516CE3D
:1019B00017CE17D617CE16D617CE36D616D617CEC2
:1019C00016D637D616CE37D616CE16D617D616CE8C
:1019D00036D637D616CE16D617D616CE16D637D654
:1019E00016CE16D617CE37D616CE16D637D616CE74
:1019F00017D636D617CE17D616D617CE16D637CE5A
:101A000016D616D6F6CD74BD74BD94C574BD74BD1E
:101A100074BD74C574BD74BD94C5F6CD16D617D605
:101A200036CE17D616D617CE17D616CE36D617CE32
:101A300016D636CE17D636CE17D617CE16D636D6FB
:101A400017CE16D637CE17D616CE17D616D616D62A
:101A500017CE16D616D617CE36D617D616CE16D61B
:101A600017D637CE16D617CE17D636CE16D616D6EA
:101A7000F6CD74BD74BD94C574BD74BD37D616D68D
:101A800017CE17D616D617CE17D636D617CE16D6E9
:101A900017D636CE16D617D616CE16D617D636CEBB
:101AA00016D617D616CE16D617CE36D616CE17D6CB
:101AB00037D616CE17D616D616CE17D636D616CE9B
:101AC00017D616D616CE17CE16D617CE36D617D6AA
:101AD00016D6D5C574C574C594BD74C594C517CE46
:101AE00017D636D617CE37D636D617CE16D616D642
:101AF00037D616D617D636D616D637D636CE16D60B
:101B000017CE16D616D637CE17D616D617CE37D648
:101B100016CE17D636D636CE17CE16D616CE17D642
:101B200036CE17D617CE16D617D617CE36CE17D630
:101B300016D616CE74BD74C594BD74BD74C516CECC
:101B400016D617D636D617CE16D617CE17D616CE29
:101B500037D616D617CE17D636D617CE17D616CEF8
:101B600017D617D636CE17D617CE36D617D617CEE7
:101B700036D616D617D636CE17D617CE36D617CEB9
:101B800016D616D617CE36D616D617CE37D616D6C2
:101B900017CE17D6F5CD74BD74C594BD74C574BD8C
:101BA00074BD74C594BD74BD74C5F6CD16CE16D67D
:101BB00037D616D617D636CE17D617D616CE17D690
:101BC00016D617D617CE16D636D617CE16D617CEA9
:101BD00016D616D637CE16D637D637CE16D637D631
:101BE00017CE16D637D616CE17CE16D637D616D669
:101BF00016CE17D636D616CE17D617D636CE17D659
:101C0000F6CD94C574BD74BD94C574BD16D637D6D3
:101C100016CE17D636CE16D617D636CE17D616D639
:101C200037CE17D616D637CE17D616D637CE16D607
:101C300017D637CE16D617D637D616CE16D617CE17
:101C400016D616D637CE17D616D637CE17D616CE08
:101C500037D616D637D616D617CE36D617CE16D6D0
:101C600037D6D5C574BD74BD74BD94C594C517CEA3
:101C700016D616CE17D616D617CE37D616CE17CE00
:101C800016D617CE16CE17D617CE16D617D636D6E8
:101C900017CE16D637D616CE16D617CE16D636D6B9
:101CA00017CE17D617D616CE37D617D616D637CEA6
:101CB00016D617D616CE36D617D616CE17D616D6B1
:101CC00037CE16CE74C574BD74C574BD74BD16CE42
:101CD00017D616CE16D637D616CE17D636D617CE78
:101CE00016D616CE17D616D636CE17D636D616CE6A
:101CF00017D616CE16D637D616CE16D617CE17D678
:101D000016CE17D617CE16D616D617D616CE37D667
:101D100017D616CE37D617CE16D636D617CE16D637
:101D200037CE16D6F6CD74BD74BD74C574BD74BD02
:101D300074BD74BD94C574BD74BDF6CD16CE17D6F2
:101D400017CE16CE36D617D616CE36D617D636CEF0
:101D500037D616CE17D616D637CE16D617D637CED6
:101D600016D617D616CE16D617D616CE17CE16D628
:101D700037D617CE16D637D616CE17D637D616CEB6
:101D800017D617D616CE36D617D616CE17D616D6DF
:101D9000F6CD74BD74C574BD74BD74BD17D616D6AA
:101DA00037CE16D617D637CE16D617CE16D616D6A7
:101DB00037CE16D616CE37D616CE17D616CE17D69F
:101DC00016D636CE17D616CE17D617D636CE17D687
:101DD00017D636CE17D616CE37D616D617CE17D676
:101DE00016CE37CE16D617D636CE17D616D617CE6F
:101DF00017D6D5C574BD74C574BD74BD95C536D62A
:101E000017CE37D616D616CE17D616D637D617CE45
:101E100016D636D617CE16D637CE16CE17D617CE3E
:101E200036D617D617CE16D637D617CE16D616D61E
:101E300037CE16D616D617CE16D636D617CE17D616
:101E400016D617CE37D616CE17D636D616CE17D606
:101E500017D616CE74BD94C574BD74C574BD16CEA8
:101E600017D617D616CE17D637D616CE16D637D6DD
:101E700017CE36D617CE17D616CE17D617D636CEDD
:101E800037D617D616CE17D637D616CE36D617D69D
:101E900016CE36D637D616CE37D616CE16D617D697
:101EA00016CE36D617D617CE16D617CE16D617D6C6
:101EB00016CE16D6F6CD74BD74BD94C574BD74BD72
:101EC00074BD74C574BD74C574BDF6CD36D617D651
:101ED00016CE37D617D616CE17D616D617CE17D695
:101EE00016CE36D617D617CE16D616D637CE16D667
:101EF00017CE37D616CE17D616D637CE16D616D656
:101F000016CE17D616CE16D617D616CE16CE37D66E
:101F100016CE17D637CE16D617D636CE16D637D615
:101F2000F6CD74BD94C574C574BD94BD16D617D6D0
:101F300016CE16D617D616CE36D617D617CE36D616
:101F400017D617CE16D617D636CE16D617D637CE04
:101F500016D617D636CE16D617CE36D616D617CEF6
:101F600036D617D616CE17D616CE16D636D617D6DE
:101F700016D617CE17D616CE17D616D636CE17D6F5
:101F800016D6D5C594C574C594BD74BD94C517D671
:101F900016CE37D616CE37D616CE16D617D636CE9E
:101FA00017D617D636D616D617D636D616CE17D695
:101FB00016D636CE17CE16D616D637CE17D616CE9E
:101FC00017D636CE17D617D636CE16CE17D636D665
:101FD00016CE17D636D617CE17D636D617CE16D675
:101FE00016D616CE74BD74BD94C574BD74C516CE18
:101FF00016D637D616CE16D617D616CE17D616D66E
:1020000017CE36D616D637CE16D616CE17D616D645
:1020100016CE37D616CE16D617D617CE36D617D634
:1020200017CE16D617D617CE16D637D617CE16D643
:1020300037CE16D616D637CE16D617D636CE17D6F4
:1020400017D636CEF6CD74BD74C594BD74C574BDB7
:1020500074BD74BD94C574BD74BDF6CD16D616D6C8
:1020600037CE16D616D637CE17D636CE16D617D6C4
:1020700016CE17D636CE17D616D637CE16D616D6D5
:1020800017CE36D617D617CE36D617D617CE36D6A3
:1020900017D637CE16D637D617CE16D637D616D68B
:1020A00016CE37D616D617CE17D616CE17CE16D6CC
:1020B000F6CD74BD94BD74BD74C594BD16D637D627
:1020C00017CE36D617CE17D616D637CE16D616CE8C
:1020D00017D616D637CE17D616D637CE16D616CE74
:1020E00017D617CE16D637D617CE16D617D616CE83
:1020F00017CE16D637D617CE16D637CE17CE16D65B
:1021000036D617CE36D616D617CE37D616CE17D623
:1021100017D6D5C574BD74BD74C594BD94C517D606
:1021200016D616CE17D617D636CE17CE16D616D644
:1021300017CE17CE36CE17D617D616CE37D616D61A
:1021400017CE16D637D617CE16D616D637CE17D602
:1021500016D637CE16D617D617CE16D617D637CEF2
:1021600016CE16D617D616CE16D617CE37D617CE0B
:1021700036D616CE74C574BD74BD94C574BD16CE66
:1021800017D616CE37D617CE36D617CE36D617CEAA
:1021900016D617D617CE16D637D637CE16D617D6AA
:1021A00017CE16D637D616CE16D617CE16D636CEAC
:1021B00017D616CE36D617CE16D617D636CE17D693
:1021C00017D616CE17D636CE17D616D636CE17D683
:1021D00016D617CEF6CD74BD74BD74C574BD74BD6E
:1021E00074BD74C594BD74BD74C5F6CD17CE16D636
:1021F00017D617CE16D616D617CE36D617D636CE53
:1022000017D616D637CE16D617CE17CE16D637D641
:1022100016CE16D617D636CE16D617D616CE17D653
:1022200036D616CE17D616D636CE17D617D616CE23
:1022300017D616D616CE37D616D617D637CE16D60A
:10224000F6CD74BD74C574BD74BD74BD17D616D6F5
:1022500037CE16D616D637CE16D617D617CE36D6D2
:1022600017CE16D636CE17D617D616CE17D636D6E2
:1022700017CE16D616D617CE36D617CE37D616D6D2
:1022800016CE37D616D616D637D617D616CE17D6BA
:1022900017CE36D617D616CE37D616D616CE37D692
:1022A00016D6D5C574BD74C574BD74BD95C537D675
:1022B00016CE17D637D616D617D637CE16D637D669
:1022C00016D616D617CE36D616CE17CE17D636D683
:1022D00017CE16D616D637CE17D616D616CE17D692
:1022E00016D616CE37D616CE16D637D616CE17D663
:1022F00017D636CE17D616D636CE17D616D617D64A
:1023000017CE16CE74C574BD74BD74C574BD16CE1B
:1023100017D616D617CE16D616D637CE17D616D649
:1023200036CE17D616D616CE17D616D636CE17D622
:1023300016CE17D617D636CE17D617D636CE17D610
:1023400017D636D617CE16D637CE16D616CE17D601
:1023500036D617CE17D616D617CE17D616CE37D6F0
:1023600016D616D6F6CD74BD74C594BD74BD74C5AD
:1023700074BD74C574BD94BD74C5F6CD36CE17D684
:1023800016D637CE17CE16D617D617CE16D617CEE8
:1023900036D617D616CE16D637D616D617CE17D6A9
:1023A00036D617CE17D616CE17D636CE17D616CEA9
:1023B00017D617CE16D617CE16D637CE16D617CEB8
:1023C00037D616CE17D636CE16D617D636D616D65A
:1023D000F6CD94BD74C594C594BD74BD16D617D6FC
:1023E00016CE17D617D636CE16D617CE16D637D661
:1023F00017D616CE16D617D636CE16D617D637CE51
:1024000016D637D617CE16D616D617CE16D637D638
:1024100017CE16D617CE16CE16D617D636D616CE59
:1024200017D616D617CE17D616D617CE17D616CE5F
:1024300037D6D5CD74BD94C574BD74BD94C516D6BC
:1024400017CE36CE16D616CE17D616D617CE37CE10
:1024500016D617D617D616CE36D617D616CE17D608
:1024600036D617CE16D616D637CE17D636CE17D6C0
:1024700017D636CE17D616D637CE16D616D617D6C8
:1024800036CE17D617D637CE16D617CE16D636D6A0
:1024900017D616CE74BD94C594BD74BD74C516CE42
:1024A00017D616D637CE16D617D616CE17D616D6B8
:1024B00037CE17D636D617CE17D616D617CE36D66F
:1024C00036D617CE16D636CE17D616D616CE17D681
:1024D00016D617CE16D617D637D616CE17D636CE70
:1024E00016D617CE36D616D637CE16D617D617CE60
:1024F00016CE16D6F6CD74BD74C594BD74BD74C524
:1025000074BD74C574BD74BD74C5F6CD16CE16D633
:1025100037D616CE36D637D616CE16D637D616CEF0
:1025200017D617D616CE37D616D616CE37D616CE1F
:1025300017D636D616CE17D636D617CE16D637D6E7
:1025400016CE37D636D617CE17D616D636CE17D6DF
:1025500016D637D617CE16D617CE16CE17D617CE16
:10256000F6CD74BD74BD74C574BD94BD16D637D692
:1025700016CE16D637CE17D616D616CE37D616CED8
:1025800016D637D617CE16D617CE36D617CE16D6BF
:1025900016D617CE37CE16D617D636CE16D617D6AF
:1025A00016CE37D617D636CE17CE17D636CE17D686
:1025B00016D636CE17CE36D616CE37D616D617CE78
:1025C00017D6D5C574BD74C594BD74BD94C517D652
:1025D00017D616D617CE37CE16D616D617CE16D68F
:1025E00036CE17CE16D637D617D616D616CE17D65F
:1025F00017D636CE17D617CE16D616D637CE16D64F
:1026000016CE37D616D617CE17D616CE37D616CE46
:1026100016D616D617CE16D637D616CE17CE16D64F
:1026200017D616CE74BD74C574BD74BD74C516CEF0
:1026300017CE16D636D617CE17D636CE16D617CE16
:1026400016D616CE17D636CE16D617CE17D616D61F
:1026500017CE17D616D617CE37D616D617CE36D6ED
:1026600017CE36CE16D617D616CE17D617D616D6FE
:1026700017CE17D616CE37D616D616CE37D616D6CE
:1026800017CE37D6F5CD74BD74BD74C574BD74BD99
:1026900074BD94BD74C574BD94BDF6CD16D617CE69
:1026A00017D616D617CE17D616CE37D616D616CEBE
:1026B00037D616CE17D617CE16D617D636CE17D68D
:1026C00016CE17D617D636CE17D616D617CE16D69E
:1026D00016D617CE16D636D617CE16D617D616CE8F
:1026E00016D617CE36D617D636D617CE36D616D637
:1026F000F6CD94BD74C574BD74BD74C517D636CE01
:1027000017D616D616CE17D637D616CE17D617CE5C
:1027100016D617D636CE17D616D617CE16D617D645
:1027200036CE16D616D637CE17D616D637CE16D6FE
:1027300016D617CE36D616D617D616CE17D617D625
:1027400036CE17D617D616D617CE36D616D617CEFD
:1027500016D6D5C574BD74C574BD94BD94C537D6A1
:1027600016CE17D636D617D616CE37D616D617D6D5
:1027700037D616CE16D617CE17CE36D637CE16D6B5
:1027800016CE17D636D617CE16D617D617CE16D6DD
:1027900017D617CE16D636D617CE17D636CE17D6AC
:1027A00017D636CE16CE17D616D637D616CE17D69D
:1027B00037D616CE74BD74C594C574BD74BD16CE1F
:1027C00017D617D616CE17D636D617D617CE36D674
:1027D00017D617CE36D617D616CE37D636CE16D64D
:1027E00017CE36D616D617CE16D637CE17D616D65D
:1027F00037D617CE16D636CE17CE36D616D637CE15
:1028000016D616D617CE17D616CE17D636CE16D65D
:1028100017D616CEF6CD74BD74BD94C574BD74BD07
:1028200074BD74C594BD74C574BDF6CD16D617CEEF
:1028300036D616D617CE16D617D617CE16D617D624
:1028400036CE16D617D636CE17D617D616CE16D6FD
:1028500037D616CE17D616CE17D636D617CE17D6EB
:1028600036D617CE17D616D637CE17D636D617CEBB
:1028700017D636D616CE17D617D616CE17D636D6C4
:10288000F6CD74BD94C574BD94BD74C516D617CE6F
:1028900037D617D616CE36D617CE16D636D617CE8C
:1028A00016D616CE37D616D617CE36D617D617CE9C
:1028B00037D616D617CE16D616D617CE17CE36D68C
:1028C00017D617CE16D617D636CE16D617D636CE7C
:1028D00016D617D616CE17D617D616CE37D616D684
:1028E00017D6D5CD94BD74BD74C574BD95C516D627
:1028F00037CE16CE17D616D637CE16CE17D616CE5C
:1029000017D636D617D616CE16D617D617D636CE33
:1029100017D616D617CE36D616CE37D616D636CE0C
:1029200017D616CE37D616D616CE17D616D617CE3B
:1029300037D616D617CE37D616CE16D637D616CEEB
:1029400016D616CE74BD74BD94C574BD74BD16CEB6
:1029500016D617D636CE16CE17D616D616CE37D6EC
:1029600016D617CE36D617D617CE16D617D617CEFA
:1029700036D617CE17D636D616CE17D616CE16D6CC
:1029800017D617D616D617D637CE16D617CE17CED9
:1029900036D636D617D636CE17D617D616CE37D663
:1029A00016D616CEF6CD74C574BD94C574C574BD67
:1029B00074BD74BD74C574BD74BDF6CD16D617D67E
:1029C00036CE17D636D636CE17D636CE17D617D63B
:1029D00016CE17D636D616CE37D616CE17D637D64B
:1029E00016CE16D637D616CE16D637CE16D617CE64
:1029F00036D616CE17D616CE16D617CE36D616CE55
:102A000017D617D616CE16CE37D616D617CE17D659
:102A1000F6CD74BD74C574BD74BD94BD16D617CE05
:102A200016D637CE17D616D617CE17D636D617CE19
:102A300017D636D617CE17D616CE36D617CE16D60A
:102A400016D617CE37D616D637CE16D616D617CEFA
:102A500036D616CE17D637CE16D617D637CE16CED2
:102A600017D636CE36CE17D636D617CE16CE37D6A2
:102A700017CED5CD74BD74BD94C574BD94C517D69D
:102A800016D637CE16D617D616D637D616CE16D6B3
:102A900037CE17D616CE37D636D616CE17D617D689
:102AA00036CE17D617D616CE17D617CE36D617D699
:102AB00016CE37D617CE16D637D616CE16D637CE72
:102AC00016D616D617D636CE17D617CE16D617D692
:102AD00017CE16D674BD74BD74C574C574BD16CE3C
:102AE00017D616D637D617CE16D637CE17D616CE59
:102AF00016D617D616CE16D637D616CE16D617D663
:102B000016CE16D617CE37D616D617CE36D616CE42
:102B100037CE16CE16D637D616D616D617D616D622
:102B200017CE17D616CE16D637D616CE17D617D638
:102B300016CE17D6F6CD74BD74BD74BD74BD74C504
:102B400074BD74C594BD74BD74C5F6CD16CE16D6CD
:102B500017CE17D616D617CE16D616D637CE16D609
:102B600017CE37D616CE17D616D636CE17D617D6D8
:102B700016CE17D637D616CE17D617D616CE16D6E9
:102B800017D637D616CE37D616D617CE17D636D690
:102B900016CE17D637D616CE16D637D616CE16D6AA
:102BA000F6CD74BD94C574BD74C574BD37D616D644
:102BB00016CE16D617D636CE16D617D616CE16D6AB
:102BC00037D616CE16D617D636D617CE17D636CE59
:102BD00016D617CE16D637CE17D616D637CE17D668
:102BE00016D616D637CE16D616CE17D616D617D672
:102BF00017D616D617D616CE16D617D616D616CE82
:102C000017D6D5C574BD74C574BD94BD94C517D60B
:102C100017CE16D637CE16CE17D617D636D617CE2F
:102C200016D616D617CE17D616CE17CE16D616D659
:102C300017CE36CE16D617D636CE16D617CE17D610
:102C400016D616CE17D616CE37D617D616CE17D618
:102C500017CE16D637CE16D616D617CE36D617D6E8
:102C600017CE16CE94C574BD74BD94C574BD16CE72
:102C700017D616D617CE16D616D637D617CE16D6E0
:102C800037CE17D616CE37D617D616CE37D637D676
:102C900016D616CE37D616D617CE17D636D617D6A0
:102CA00017D636CE17CE17D616CE37CE16D636D680
:102CB00017CE17D636D617CE16D636CE17D636CE70
:102CC00017D616D6F6CD74BD74C594BD74BD74BD4B
:102CD00074BD74C594BD74BD74C5F6CD36D617CE1B
:102CE00017D636CE17D617D616CE17D636D616CE58
:102CF00017D616D617CE17D616D617CE36D616CE68
:102D000017D636CE16D617D636CE17D637D616CE17
:102D100017D616CE17D617D636CE16D617D617CE46
:102D200036D616CE17D637D616CE17D637D616CEF7
:102D3000F6CD94BD74BD74C574BD74BD17D637D6B9
:102D400016CE17D637D616CE17D637CE16D617D6F6
:102D500017CE16CE37D616CE17D616D617CE37D6EE
:102D600016D617D616CE16D617D616CE37D617CEF7
:102D700016D617CE17D616D637CE16CE16D637CECF
:102D800016CE17D637D616CE17CE37D616D617D6B6
:102D900036D6D5C574C574BD74BD74C594C537CE5B
:102DA00016D616D617D636CE16CE17D616CE37D698
:102DB00017D616CE36D617D617D636D637CE16D65F
:102DC00017D616CE37D617D616D636CE17D616D66F
:102DD00037CE16D616D637CE16D617D636CE16D648
:102DE00017D636CE17D617D616CE37D616CE16D657
:102DF00037D616CE74C574BD94BD74C574BD16CED9
:102E000017D616CE37D617CE16D616D617CE36D636
:102E100016D617CE36D616CE17D616CE16CE17D64F
:102E200017CE37D616D616CE17D636CE16D617D616
:102E300016D616D637D616CE17D617CE16D637CE06
:102E400016D616D637CE17D616D617D616CE36D6EF
:102E500017CE16D6F5CD74BD74C594C574BD74C5B2
:102E600074BD74C574BD94BD74BDF6CD16D617D6A9
:102E700036CE16D617CE36D637CE17D616D637CE8E
:102E800016D616D637CE36D617CE17D616D617CEB6
:102E900037D616D617CE16D616CE37D616D617CEA6
:102EA00036D616CE17D616D637CE16D616CE17D697
:102EB00017D616CE16D617D616CE16D617D617D6BE
:102EC000F6CD74BD74C594BD94BD74C516D616CE2A
:102ED00037D616CE16D617D616CE36D617CE16D667
:102EE00036D617D617CE36D616CE17D636D616CE37
:102EF00017D637CE36D617D616CE36D616D617CE26
:102F000036D637D616CE17D637D616D617D636CEED
:102F100016D617D636CE16D617D636CE17CE17D625
:102F200016CED5CD74BD94C574BD74BD95C516D6E9
:102F300037CE17D616D617D636D617CE16D616D6FD
:102F400037CE17D616CE36D617D616CE17D637D6D4
:102F500016CE17D616CE17D617CE16D637D616CE0D
:102F600017D637D616CE17D616D617CE37D616D6CC
:102F700016CE17D616D616CE37D617D616CE16D6E6
:102F800017D616CE74BD74C574BD74BD74C516CE87
:102F900017D616D636CE17D617CE36D617D616CEA5
:102FA00017D617D616CE17D637D616D616D617CEAC
:102FB00036D616D617CE17D636D617CE17CE16CE8D
:102FC00037CE17D616D636D617D616D617CE17D66C
:102FD00016D616CE17CE16D637CE17D616D617CE8D
:102FE00017D616D6F6CD74BD74BD74BD74BD74C548
:102FF00074BD74BD74C574C574BDF6CD16D617CE38
:1030000016D617D616D616CE17D616CE17D617CE74
:1030100036D617CE16D616D637CE16D616D637CE05
:1030200016D617D617CE36D617D616CE16D617D62C
:1030300037CE16D616CE37D617D616CE37D636D6C4
:1030400017CE37D616CE37D617CE36CE16D616D6DC
:10305000F6CD74BD74C574BD74BD94C516D617CEB7
:1030600017D636D617CE17D636D617CE17D636CEB3
:1030700016D617D616D617CE17D636D617CE16D6DC
:1030800016CE17D617CE16D637CE17D616D616CEDC
:1030900017D616D616CE17D616CE17D617D616CEE4
:1030A00017D617D616CE17D616D616D637CE16D6AC
:1030B00017D6D5C574BD74C594BD74BD94C517D657
:1030C00016CE36CE17D617CE16D637D617CE16D67C
:1030D00016D617CE17D616CE36CE17D616D616CE8D
:1030E00037D616D616CE37D616D617CE16D617CE54
:1030F00016D617CE37D616D616CE17CE17D636D644
:1031000017CE37D616CE16D637D616CE17D637D612
:1031100016CE16CE74C574BD94C574BD74BD16CEDE
:1031200017D616D616D617CE36D617CE16D637CE13
:1031300016D636D617CE16D637CE17D616D637CEE3
:1031400016D616CE17D636D616CE17D616D636D6ED
:1031500017CE17CE16D617CE36CE16D637D616CEF3
:1031600037D617D616D636CE17D616CE36D617D6AB
:1031700016CE37CEF6CD74BD74BD94C574BD74BD86
:1031800074BD94BD74C574BD94BDF6CD16D636CE4F
:1031900017D637D616CE17D636D616CE17D616D69B
:1031A00017CE37D616D617CE17D616CE37D616CE9A
:1031B00016D617CE36D617D617CE16CE37D616D683
:1031C00017CE17D636D617CE16D617D616CE16D693
:1031D00017D616CE36D617D617D616CE37D637CE42
:1031E000F6CD94C574BD74C574BD74BD37D616D6FE
:1031F00016CE17D636CE16D617D616CE17D617D663
:1032000017CE36CE16D617D636CE17D617D616CE3A
:1032100037D616D616D617CE16D617CE17D636CE22
:1032200017D617CE36D616D637CE16CE36D617D6F2
:1032300036CE36D617CE37CE16D617D636CE17D6CA
:1032400017D6D5C574BD74C594BD74BD94C517D6C5
:1032500017D616D636CE17D616CE16D637CE17D6E2
:1032600016D636CE17D617D616CE37D616CE17D6D2
:1032700017D636CE17D616D636CE17D637D616D69A
:1032800016CE36D617D616CE37D616D616CE17D6B3
:1032900016D637CE17D617D616CE16CE17D617D6C1
:1032A00016CE16CE74C594BD74BD74C594BD16CE2D
:1032B00017D617CE37D616D616CE17D617D616CEA1
:1032C00037D616D617CE16D616D637CE16CE17D672
:1032D00017D637CE16D617CE17D616D637D616D659
:1032E00016D617D636D617CE17D616D616CE37D64A
:1032F00016CE17D637D616D617CE17D636D617CE41
:1033000016D616D6F6CD74BD74C594C574BD74BDFD
:1033100074C574BD94BD74C574BDF6CD17D616CEF4
:1033200037D616CE17CE37D616D637CE16D616D6F1
:1033300037CE16D616D637CE16D617D617CE16D601
:1033400017D636CE16D617D616CE37D616D616CEF2
:1033500017D636D617CE16D636CE17D617CE16D6E1
:1033600017D616CE17D616D616CE17D616D616D60A
:10337000F6CD74BD94BD74C574BD94BD17D616D674
:1033800017CE17D616D637CE16D616D636CE17D6B1
:1033900016D637CE17D616D616CE17D616D637CEA1
:1033A00017D616D637CE36D616D617D636CE17D669
:1033B00016D637CE17D616D617D637CE16D617D678
:1033C00017CE16D616D617D637CE16D617D616CE91
:1033D00036D6D5CD74BD74BD74C594BD94C537D6ED
:1033E00017CE16D617D637CE16D616D617CE37D650
:1033F00016CE16D637D616D617D616CE37D616D63A
:1034000016CE17CE17D616D617CE36CE17D617CE5F
:1034100036D617D616CE17D637D616CE37D616CE00
:1034200016D616D637CE16D617D636D636CE17D6E9
:1034300017D616CE74BD74C574BD74C574C516CECA
:1034400016D617D636CE17D616D636CE17D616D6E9
:1034500017CE17D636D617CE16D617D636CE16D6E0
:1034600017D616D636CE17D616CE37CE17CE16D6D8
:1034700017CE36D616D617CE17D636D617CE17D6BF
:1034800016D616CE17CE16D616D637CE17D616CED9
:1034900017D616D6F6CD74BD74BD74BD74C574BD93
:1034A00074BD74C574BD74BD74C5F6CD16D617D67B
:1034B00016CE16D617D616D617CE17D636D617CEA0
:1034C00017D616CE17D616D636CE17D616D637CE70
:1034D00017D616D617CE36D617D617CE16D637CE5F
:1034E00016D616D617CE17D616D637CE36D617CE50
:1034F00036D637CE17D636CE17D637CE16D616D600
:10350000F6CD74BD74BD94C574BD74BD16D637D6E2
:1035100036CE16D617D617CE37D616CE17D636D6FF
:1035200016CE17D637D616CE17CE36D616CE17D617
:1035300016CE17CE17D616CE17D636D617CE16D627
:1035400016D617CE16CE16D617D616CE16D617D630
:1035500037CE16D616D617CE16D636CE17D617CEE7
:1035600016D6D5C574BD74C574BD74BD94C517D6C3
:1035700036CE16D617D616CE37D617D616CE16D6C0
:1035800017D617CE36CE17D616CE17D617D636CEB6
:1035900016D617D636CE17D616D616D617CE16D6B8
:1035A00017D617CE16CE36D617D616CE17D637D68E
:1035B00016CE17D616CE36CE17D617D616CE16D6A8
:1035C00037D616CE74BD74C594BD74BD74BD16CE09
:1035D00017D616D616CE17D637D616CE17D636D657
:1035E00016CE17D636CE17D617D616CE17D636D64F
:1035F00017CE16D617D636D616D617D616D617CE57
:1036000037CE16D617CE16D636CE17D616D616CE37
:1036100037D616D637CE17D616D616CE17D636D6F6
:1036200017CE17D6F5CD74BD74BD94C574BD74BDE9
:1036300074BD74BD94C574BD74BDF6CD36CE17D6B9
:1036400017D636CE16D617CE36D616D617CE16D6EF
:1036500036D617CE17D616D637CE16D616D637CEBE
:1036600016D617D636CE16D617D616CE37D617D6C6
:1036700016CE37D616CE17D616D616CE17D616D6DF
:1036800017CE16D616D617D616CE17D637CE17CED5
:10369000F6CD74C574BD74BD94C574BD16D617CE71
:1036A00017D636CE16D617D616CE17D617CE16D6AE
:1036B00017CE16D616D637CE17D616D637D616D676
:1036C00036D617D616D617CE37CE16D617CE37D64D
:1036D00016D617D637CE36D617CE17D636CE16D63E
:1036E00017CE37D616CE17D637D616CE17D617D64C
:1036F00037D6D5C574BD94C574BD74BD95C516D6F1
:1037000017CE37D616CE16D617D636CE17D636D60D
:1037100017CE16D617D636CE16D617D636CE17D61D
:1037200017D636CE17D637CE16D617D636CE36D6CD
:1037300017D616CE37D616D617CE16D616D617CE1D
:1037400037D617D616D617CE17D616CE17D617D603
:1037500016CE16CE74C594BD74BD74C574BD16CE98
:1037600017D617CE16D637CE16D617CE17D636CED4
:1037700017D616D616CE37D616CE36D617D617CEBD
:1037800036CE17D617CE16CE37D616D616D637D68D
:1037900016D617CE17D636D617CE17D616CE37D69C
:1037A00017CE16D616D637CE17D616CE36D617D68D
:1037B00016CE36D6F6CD74BD74C594BD74C574BD31
:1037C00074BD74C594BD74C574BDF6CD16D616CE41
:1037D00037D617D616CE37D616D617CE17CE36D63C
:1037E00016D617CE36D617CE17D616CE17D616CE75
:1037F00016D617CE17CE16D637CE16D616D617CE65
:1038000017D636D617CE36D617D617CE36D617D603
:1038100017CE16D637CE16D616D616D617D636D615
:10382000F6CD74BD94C574BD74BD94C517D616D6B7
:1038300017CE17D636CE16D617D636CE36D617D6DC
:1038400017CE36D616D617CE16D617CE17CE16D614
:1038500037CE16D616D637D616D616CE17D616CEDD
:1038600036D617D616D616CE37D617D616D616CEC5
:1038700017D636D616CE17D616D616CE36D616D6B6
:1038800017CED5CD74BD74C594C574BD94C517D677
:1038900016D617CE36D617D616CE17D616D617CEBC
:1038A00036D617D616CE37D617D616CE16CE17D68C
:1038B00016D616CE17D616D637CE17D616CE17D69C
:1038C00016D637CE16D617D637CE16D617CE36D64C
:1038D00016CE17D636D616D637CE36D616D637CE1D
:1038E00017D616CE74C574BD74C594C574BD16CEF6
:1038F00017D616D637CE16D616D617D636CE17D634
:1039000017D616CE37D617D616CE17D616D616CE4B
:1039100017D636D616CE17D617CE36CE17CE16D623
:1039200016D637CE16D616D617CE36D616D617CE0C
:1039300016D617CE16D636D617CE17D636CE17D6FB
:1039400017CE16D6F6CD74BD74BD74C574BD74BDE6
:1039500074BD74BD74C594BD74BDF6CD16D616CEB7
:1039600017D616D617CE16D637D616CE17D617D6E2
:1039700016CE17D636D616CE17D637D616CE37D69B
:1039800037D616D617D636CE17D617D636CE16CE8B
:1039900017D616D616CE17D636CE17D616D636CE9C
:1039A00017D616D637CE17CE36D617CE16D616D68B
:1039B000F6CD74BD94C574BD74BD74BD36D616D62F
:1039C00016CE17D637D616CE17D617D616CE16D68B
:1039D00037D617CE16D637D616CE36D617D616CE3B
:1039E00017CE17CE36D617CE16D637D617D616CE52
:1039F00017CE37D616CE16D617D636CE17D617D63A
:103A000036CE17D617D636CE17D617CE16D617CE31
:103A100016D6D5C574BD74BD74BD94BD94C537D6D6
:103A200016CE16D617D637CE16CE17D636CE17D612
:103A300016D617CE16D616D637CE17D616D637CEFA
:103A400017D616D636CE17D616D616CE17D617CE0A
:103A500036D616D617CE16D616D637CE17D616D6D3
:103A600016CE17CE17D616CE17D617D616CE16D612
:103A700037D616CE74BD74BD94BD74BD74C516CE54
:103A800016D617D616CE17D637CE16D616D617CECA
:103A900016D636CE17D616D617CE37D616D617CE9A
:103AA00037D616D617D616D616D617D637CE16D67A
:103AB00017CE17D636D617CE16D617D637CE16D679
:103AC00037D617CE16D617D616CE16D617D616CE8A
:103AD00017D616D6F6CD74BD74BD94C574BD74BD2D
:103AE00074BD74C574BD74BD74C5F6CD37D616CE1D
:103AF00017D636CE16D617CE16D636D617CE36D61B
:103B000017CE17D616D616CE37D616D616CE17D649
:103B100016CE16D637D616CE16D617D636CE17D61A
:103B200017D636CE17D617D616CE16D617CE37D608
:103B300016D616CE17D617D616CE37CE17D616CE21
:103B4000F6CD74BD74C574C574BD74BD17D637CEBB
:103B500016D616D617CE36D616CE17D617CE36D6DA
:103B600016D617CE17D616D637CE16D617D636D6C1
:103B700016D617D617CE16D617CE36D616D617D6D1
:103B800016CE17D637D616CE17D616CE36CE17D6B1
:103B900016CE17D616D636CE17D617D636CE17D699
:103BA00017D6D5CD94BD74C574BD74BD95C517D653
:103BB00036CE17D617D616CE36D617D617CE36D659
:103BC00017CE36CE17D616D617CE36D616D617CE71
:103BD00037D616D617CE37D616D636CE17D616D631
:103BE00017CE17D636CE17D616D617CE36D617D648
:103BF00017D636D616CE17D636D617CE17D616D631
:103C000017D616CE74C574C574BD74BD74C516CEF2
:103C100017D616CE37D616D617CE36CE17D616D618
:103C200037CE17D616CE16D637CE16D616CE37D6F0
:103C300016CE17CE37D636CE17D616D617D636CEE0
:103C400016D617D616CE37D616D616CE17D616D601
:103C500036CE17D636D617CE37D616D637CE16D698
:103C600016D637CEF6CD74BD74C594BD74C574BD7B
:103C700074BD94C574BD74BD94C5F6CD16CE17D66B
:103C800037D616D637CE17D616CE17D616D636CE88
:103C900017D616D637CE17D616CE17D617D636CE97
:103CA00017D617CE16D617CE17D636D617CE16D6A7
:103CB00016D637CE16D617D636CE17D617D616CE78
:103CC00037D616D616CE37D616D616D637D617D638
:103CD000F6CD94BD74BD94C594BD74BD16D637D6CB
:103CE00017CE16D617D617CE36D616D617CE37D647
:103CF00016CE16D637CE16D617D617CE16CE37D640
:103D000016D616CE37D616D617CE16CE37D616D628
:103D100016CE17D616D637CE17D616D617D616D62F
:103D200037CE16D617CE16D616D637CE16D636D6E8
:103D300017CED5C574C574C594BD74C594C517CECA
:103D400016D636CE17D616D617D616CE16D617D600
:103D500016D617D637CE16D617CE17D616D616CEF7
:103D600037D616CE16D617CE17D616D637CE16D6C7
:103D700016D637CE16D617CE37D616CE16CE17D6BF
:103D800037CE16D617D636CE16D616CE37CE16D690
:103D900017CE16CE74BD94C574BD74C594BD16CE31
:103DA00017D616D636CE17D616D617CE16D637D67F
:103DB00016CE17D616D637CE17D616D617D616D68F
:103DC00016D617CE16D617CE36CE17D616CE17D68F
:103DD00037D616CE17CE16D637CE17D616D617CE5E
:103DE00016D616D617CE36CE17D616D617CE37D647
:103DF00016CE16D6F6CD74BD74BD74C574BD74BD33
:103E000074BD74BD94C574BD74BDF6CD16D616CE02
:103E100017D616CE17D636D617CE17D616D617CE35
:103E200016D636CE17D616D636CE17D616D636CEE8
:103E300017D616D636CE17D616D617CE16D617D60E
:103E400036CE17D616CE36D617D616CE36D617CECF
:103E500017D616D637CE17D616D616CE17CE36D6D6
:103E6000F6CD74BD74BD74C574BD74BD16D616D6BA
:103E700037CE16D636D617CE17D636D616CE17D696
:103E800017D616CE36D617CE16D636D617CE17D6A6
:103E900016CE37D616D617CE36D617D617CE36D676
:103EA00037CE16D616CE17D636D617CE16D637D666
:103EB00016CE17D637D616CE17D617CE16D617D695
:103EC00017CED5C574BD74BD74BD94BD94C517D649
:103ED00017D616CE37CE17D616CE37D636D617CE3D
:103EE00016D616D637CE16D616D637CE17D616D63F
:103EF00017CE17D636D616CE17D617CE36D617CE3D
:103F000017D636D616CE17D616D637D616D616CE1E
:103F100017D616CE17D637D616CE17D636D617D60C
:103F200016D616CE74BD74BD94C574BD74BD16CEC0
:103F300017D617D616CE17D637D616CE17D616D60C
:103F400016CE37D616D616CE17D636CE17CE17D6ED
:103F500036D616D617D616D617D636CE17D616D6C6
:103F600016CE37D616D617D616CE37D616CE37CEAD
:103F700017D616D617CE16D616D617CE16D617D6ED
:103F800017CE16D6F6CD74BD74BD94C574BD74BD80
:103F900074BD74C574BD74C574BDF6CD16D617D680
:103FA00036CE17D616D616CE37D616D637CE17D665
:103FB00016D617CE17D616D637CE17D616CE17D694
:103FC00017D636CE17D636D617CE36CE17D616D645
:103FD00017CE17D616D617CE17D616D636CE17D674
:103FE00016CE36D617CE16D637D617CE16D616D646
:103FF000F6CD74BD74C594BD74C574BD37D617D6DF
:1040000016CE17D616CE16D617D617CE36D616D645
:1040100017CE17D616D617CE17D636D616D617CE33
:1040200017D616D617CE36D616D617CE16D617D61C
:1040300017D636CE17D616D616CE37CE17D616CEFC
:1040400016D617D636CE16D617D636CE16D617D6DD
:1040500036D6D5CD74BD74C574C574BD94C537D678
:1040600016CE16D617D636CE16D617D617CE36CECD
:1040700017D616CE17D617D636CE16CE37D616D6B4
:1040800016CE37D617D616CE36D617D616CE16D6A5
:1040900017CE17D616D616CE17D617CE36D617D6B3
:1040A00036CE16D617D617CE16D617D617CE36D684
:1040B00017D616CE74C574BD74BD74C574BD16CE46
:1040C00017D616CE16D637D616CE16D637D617CE64
:1040D00016D637CE17D616D637CE16D616CE37CE3C
:1040E00017D636CE17CE17D616D617CE36D617CE4B
:1040F00017D616D637CE16D616D617CE16D636D62D
:1041000017CE37D616D617CE37D636CE16D636D6E3
:1041100017CE16D6F6CD74BD74C574BD94C574BDE6
:1041200074BD74BD94C574BD74BDF6CD16D617CEDE
:1041300036D617D617CE16D616D637CE16CE16D6F4
:1041400037D616CE17D636CE17D616D636CE17D6C3
:1041500016D617CE17D616D616CE37D616D617CEF3
:1041600036D616D637CE16CE17D637D616CE17D6A3
:1041700017D616CE17D616CE36D617D617CE36D6B3
:10418000F6CD74BD94C574BD74BD94C516D617CE56
:1041900036D617D617CE36D616CE17D617D636CE73
:1041A00016D637D616CE16D637CE17D616CE36D664
:1041B00037D616CE17D617D616CE37D616CE16D673
:1041C00017CE17D636D617CE17D616D616CE37D662
:1041D00017D616CE17CE17D636D617CE17CE16D67A
:1041E00017D6D5C574BD94C574BD74BD95C516D616
:1041F00037CE17D616D617CE16D617D616CE17D652
:1042000036D617CE16D637D616CE17D617D636CE02
:1042100016D617CE16D617D637CE16D617D636D60A
:1042200016CE37D617D636CE17D616CE17D617D601
:1042300036CE17D616CE36D617D616CE16CE17D6FB
:1042400017CE16CE94C574BD74BD94C574C516CE74
:1042500017D616D637CE17D616CE17D636CE17D6D1
:1042600016D616CE17D617D616D617D616D617D6F2
:1042700016CE16D637CE36D616CE17D616D637CE9B
:1042800016D616CE17CE37D616D617CE37D616D6A2
:1042900016CE17D636D617CE17D616D617CE17D6B1
:1042A00036D616CEF6CD74BD74BD74C574BD74BD5E
:1042B00074BD74C594BD74BD74C5F6CD36CE16D626
:1042C00017D636CE17CE17D636D617CE17D616D661
:1042D00037CE16D616D637CE16D617D617CE36D632
:1042E00016CE17D636CE17D617D616CE17D637CE49
:1042F00016D617D636CE16D617D616CE16D637D62B
:1043000016CE17D637D616CE16D617D616CE37D621
:10431000F6CD74BD74C574BD74BD74BD16D617CE0C
:1043200036D616D617CE37D616D616CE37D617CEE1
:1043300016D617CE37D616D616CE17D617D616CE11
:1043400016D637CE16D616CE37D617D616CE36D6C2
:1043500017D616CE16D637CE17D616D636CE17D6D1
:1043600016D636CE17D616D636CE17D616D637CEA2
:1043700017D6D5C574BD74C594BD74BD94C517D684
:1043800016CE36D617D617CE36D636D617CE16D682
:1043900017D636CE17D616D616CE17D616D617CEB1
:1043A00037D616D616CE37D616CE17CE37D616CE69
:1043B00017D616CE36D617D616CE36D617D616CE72
:1043C00017D617D636CE17D637D636CE16D617D638
:1043D00036D616CE74BD74C594BD74BD74BD16CEEC
:1043E00017D616D616CE17D616D637CE16D617D659
:1043F00037CE16D636CE17CE36D617CE37D616D6F9
:1044000017D617D616D617CE37D616D617CE16D637
:1044100037D616D617D616CE37D616D617CE17D607
:1044200016D616CE17D636D616CE17D616CE17D621
:1044300017D616CEF6CD74C574BD94BD74C574BDC3
:1044400074BD74C574BD94BD74C5F6CD16CE17D6B3
:1044500017D616CE36D617D616CE16D617D637CED0
:1044600016D617D617CE16D616CE17D617D636CEE0
:1044700017D616D636CE17D616D636CE17D616D6A9
:1044800017CE17D616D637CE17D616CE37D616D69F
:1044900016CE37D616D617CE37D616CE17D616D690
:1044A000F6CD74BD94C574BD94C574BD17D637D60A
:1044B00016CE17D616D617CE37D616D616CE17D690
:1044C00016D616CE17D637D616CE16D637D617CE60
:1044D00016D617D617CE36D616D617CE17D636D648
:1044E00017CE16D617D616CE36D617D617CE16D660
:1044F00017D637CE16D617D617CE16D636D617CE2F
:1045000016D6D5CD74BD74BD94C574BD94C517D6EB
:1045100017CE16D636D617CE17D616CE37D616D60F
:1045200017CE16D637CE17D636D617CE16D616D6FF
:1045300037CE17D616D616CE17D616D616D617D607
:1045400017CE16D617CE17D616D637CE16D616CE07
:1045500037D616D616CE17D616D617CE17D636D6C7
:1045600017D616CE74BD74C574C574BD74BD16CE91
:1045700017D616CE37D616D617CE16D616D617CECF
:1045800017D616D617D636CE16D617CE16CE36D6A0
:1045900017CE36CE16D617D616CE36D617CE17D697
:1045A00016CE37D616D617CE16D616D637CE16D680
:1045B00037D617CE16D617CE36D617D636CE36D62F
:1045C00017D616CEF6CD74C574BD94BD74C574BD32
:1045D00074BD74C574BD74BD74C5F6CD16CE17D642
:1045E00036D616CE17D617D636CE16D617D616CE40
:1045F00016D637CE17D616D637CE16D616D617CE2F
:1046000017D616D617CE17D636CE17D616D636CE1E
:1046100017D616CE36D617D616CE37D617CE16D60E
:1046200017CE16D616D617CE36D617D616CE37D6FE
:10463000F6CD74BD74BD74C594BD74BD16D616D6C2
:1046400017CE37D616CE16D617CE37D616CE37D6C5
:1046500037D616CE16D617CE37D616CE16D637CEB6
:1046600016D616D637CE17D616CE16D617D617CEDE
:1046700036CE17D617D636CE16D617CE36D617CE96
:1046800016D617D636CE16D617D637CE16D617D696
:1046900017CED5CD74BD74BD74C594BD94C537D641
:1046A00017CE16D616CE37D616D617CE16D637CE86
:1046B00016D616D617CE16D617CE37D616CE16D68F
:1046C00017CE37D616D617CE37D616D636CE37D61D
:1046D00016D637CE16D616D637CE17D616D637CE2E
:1046E00017D616CE17D636CE16D617D616CE17CE66
:1046F00017D616CE74BD74BD94C574C574BD16CEE0
:1047000017D617D636CE17D617CE36D617CE36D6FC
:1047100016CE17D617D616D617D617D616CE17D644
:1047200037D616CE17D617D616CE17D636D616CEFD
:1047300017D616CE37CE17D616CE37D616CE16D6F5
:1047400017CE36D617D616CE17D617D616CE17D6FC
:1047500016D616CEF6CD74BD74BD74C574BD74BDC9
:1047600074BD94BD74C574BD94BDF6CD16D617CE78
:1047700037D616D617CE36D617CE17D636CE17D68C
:1047800016D636CE17D616D637CE17D636CE16D67E
:1047900037CE16D616D637CE17D616D617CE37D66C
:1047A00016D617CE17D616D616CE17D616D637CE9D
:1047B00017D636CE17D616D617CE16D616D637CE6D
:1047C000F6CD74C574BD74BD74C594BD17D616D628
:1047D00036CE17D616D636CE17D616D616CE17D64E
:1047E00017CE16D637D616D617CE17D616D617CE5C
:1047F00017D636CE16D617D637CE16D616D637CE0D
:1048000016D616D637CE17D617D616CE37D616D614
:1048100016CE17D617CE36D616D617CE16D636D60D
:1048200017CED5CD94BD74BD74C574BD94C517D6CF
:1048300036CE17D617D616CE36D617D617CE16D6EC
:1048400037D617CE16D636D617CE16D637D617CEBB
:1048500016D616CE37D616D617CE17CE16D617CEF4
:1048600016D637D617CE16D637CE16D616D617CEBC
:1048700016D637D617CE16D637CE16D636D617CE8C
:1048800016D616D674BD74BD94BD74C574BD16CE4F
:1048900016D616D617CE16D636D617CE17D636D685
:1048A00016CE37CE36D616CE37CE36D616D617CE4D
:1048B00016D616D637CE36D617D617CE16D637D644
:1048C00016D616D617D636D617CE17D616D617CE74
:1048D00016D637D616CE16D637CE16D617CE37D62C
:1048E00016D617D6F6CD74BD74C594BD74C574BD07
:1048F00074BD74C594BD74C574BDF6CD16D616CE00
:1049000017D616D616CE17D616D617CE36D617D633
:1049100017CE16D616CE17D616D617CE16D637D62B
:1049200017CE16D636D617CE16D616CE17D616D61C
:1049300036CE17D617CE36D617D616CE36D617D6CB
:1049400016D617CE37D616CE37D617CE16D616D6DB
:10495000F6CD94BD74C574BD94BD74BD17D637D65D
:1049600016CE17D617D616CE37D617D616CE16D6DB
:1049700017D636CE17D616CE36D617D636CE16D68C
:1049800017D617CE16D616D637CE17D616CE37D69A
:1049900016D616CE17D616D616CE17D617D636CEAC
:1049A00017D616D637CE17D616CE17D637CE16D67A
:1049B00016D6D5C574BD74C594BD74BD95C516D63F
:1049C00016CE37D617D616CE17D616D616CE17D67B
:1049D00016D637CE16D617D616CE16D637D617CE4B
:1049E00016D617D616CE36D617D616D637D616CE34
:1049F00017D616D616CE17D616D617CE37D616D643
:104A000016CE37D616D617CE17D616D617CE37D619
:104A100016D616CE74C574BD74BD74C574BD16CEDD
:104A200017D617D636CE17D616D616CE17D617D611
:104A300016D617CE17D616D617CE17D636D617CE09
:104A400016D617D616CE16D637CE16D617CE17CE02
:104A500036D617CE16D616CE37D616D637CE17D6AA
:104A600016D617CE17D636D617CE16D636D617CEBA
:104A700016CE36D6F6CD74BD74BD94C574BD74BD66
:104A800074BD74BD74C574BD74BDF6CD16D637D66D
:104A900017CE36D617CE37D616D616CE17D636CE72
:104AA00017D637D616CE37D616D616CE17D616D672
:104AB00017CE17D616CE17D636D637CE17D616CE71
:104AC00016D637D616CE16D637D617CE16CE16D65B
:104AD00017D616CE16D617D636CE17D617CE16D66A
:104AE000F6CD74BD94C574C574BD74BD16D616D606
:104AF00017CE36D617CE16D616D637CE17D636D60A
:104B000016CE17D616CE17D616D617CE37D616D639
:104B100016CE37D617D616CE16D617D616CE17D629
:104B200017D636CE17D636CE36D617D616CE17D6D9
:104B300036D616CE17D616D616CE37D617D616CEEA
:104B400017D6D5C574C574BD74BD94BD94C517D6AC
:104B500016CE16D637CE16D617CE37D636CE17D6B1
:104B600016CE16D637CE17D616D637CE16D616D6BA
:104B700037CE17D616CE37CE16D617CE36D617D690
:104B800016CE37D616CE37D616D617CE37D616CE81
:104B900017D616D616CE37D616D616CE17D616D6A2
:104BA00017CE16CE94C574BD74C594BD74BD16CE13
:104BB00017D616D637CE17D616D637CE16CE16D669
:104BC00037D616CE17D616D616CE17D617D636CE59
:104BD00017D637CE16D617D616CE36D617D616CE49
:104BE00017D637D616CE17D616D616CE17D636D631
:104BF00016CE17CE36D617D617CE16D617D616CE51
:104C000017D616D6F6CD74BD74BD74C574BD74BD0B
:104C100074BD74C594BD74BD74C5F6CD16CE17D6DB
:104C200036D616CE17D616D637CE17D616D616CEF9
:104C300017D616D637CE17D636CE17D637CE16D6C7
:104C400036D617CE17D616D617CE16D637D617CED7
:104C500016D617D616CE17D636D617CE17D636D6C0
:104C600037CE16D617D616CE16D637D616D637CE98
:104C7000F6CD74BD74BD74C594BD74BD36D617D65B
:104C800016CE37D616D617CE16D617CE16D617CEC0
:104C900037D616D617CE37D616CE16D617D617CE87
:104CA00036CE16D617D637CE16D637D616CE16D659
:104CB00037CE17D616D617CE17D636CE16CE17D66F
:104CC00017CE36D617D616CE36D617D616CE17D658
:104CD00037D6D5C574BD74C574C574BD95C517D612
:104CE00037D616CE16D617D616CE16D617D637CE38
:104CF00016D617D617CE36D617CE17D616CE16D648
:104D000037D616D617D616D617CE16D617CE16D62F
:104D100037D617CE16D617CE36D616D616CE17D607
:104D200037CE16D617CE37D616CE37D636D617CEBE
:104D300017D616CE74BD74C594BD74C574C516CE91
:104D400016D617CE16D616CE37D617D616CE37D6D7
:104D500016D617CE36D637D616CE16D637CE16D6A8
:104D600016D617CE37D616D617CE17D636D616D6AF
:104D700017CE16D637D617CE16D637CE17D616D6A6
:104D800037CE16D616D617CE36D617CE36D617D677
:104D900017CE16D6F6CD74BD74C594BD74C574BD5A
:104DA00074BD74C594BD74BD74C5F6CD16CE17D64A
:104DB00016D617CE16D616CE37D617D616CE37D667
:104DC00016D616CE17D616D616CE17D616D637CE78
:104DD00016D636CE17D636CE16D617D616CE36D629
:104DE00017CE36D617CE17D616D616CE17D617D656
:104DF00016CE37D637CE16D617CE16D616D617D627
:104E0000F6CD74BD74C594BD74BD74C517D637CEC8
:104E100016D617D637CE16D637D616D616CE17D6FE
:104E200036D616CE17D636D617CE16D636D617CED7
:104E300017D616D616CE17D637CE16D617D636CEE6
:104E400016D617D616CE17D617D616D637D616D6E6
:104E500017CE17D636CE17D617D616CE16CE37D6CD
:104E600016D6D5C574BD94C574BD74BD94C536D66B
:104E700017CE17D636D617CE37D616D616CE17D6A5
:104E800036D616CE17D616D616CE37D617D616CE97
:104E900017CE36D616CE17D636D617CE16D636CE6F
:104EA00017D616D616CE17D617CE16D617D636CE96
:104EB00016D617D616D616CE17D617D616CE16D69F
:104EC00037D616CE74BD74BD74BD74BD74BD16CE18
:104ED00017D617D636CE16D617D616CE17D617D65D
:104EE00016CE16D617CE17D616D637CE17D616D656
:104EF00016CE17D616CE36D617D617CE16D637CE2E
:104F000016D616CE17D636D616CE17D616CE17D636
:104F100017D636CE17D616D616CE37D616D616CE06
:104F200037CE16D6F6CD74BD74BD94C574BD74BDB0
:104F300074BD74C574BD94BD74C5D5CD37CE16D6B9
:104F400017CE37D616D617CE16D616CE37D617D6D4
:104F500016CE37CE17D616D637CE16D617D617CECC
:104F600016D617D616CE37D617D616CE17D616D6CD
:104F700017CE16D636D617CE36D616CE37D616CE8E
:104F800016D617D616CE37D617D616CE37CE16D695
:104F9000F6CD74BD74C594BD74BD74C516CE16CE61
:104FA00016D617D616CE16CE37D617CE16D637D675
:104FB00017CE16D617D616CE17D637CE16D616D685
:104FC00037CE17D616D636CE17D616CE17D617D654
:104FD00016CE37D616CE36D617CE16CE17D636D62E
:104FE00016CE17D616D637CE17D616D637D616CE35
:104FF00017D6B5C574BD74C594BD74BD94C516CE21
:1050000017CE16D616D637CE17D616D637CE17D613
:1050100016D637CE16D617D636CE16D617D637CEE4
:1050200016D617D617CE36D617D617CE36D617D6EB
:1050300017CE36D617D636CE17D617D636CE17D6C3
:1050400017D636CE17D616D636CE17D616CE17D6D4
:1050500016D6F6CD74C594C574BD74C594BDF6CD91
:1050600016D617D637CE16D617D636CE16D637CE94
:1050700017D636D617CE16D616D617CE16D637CEA4
:1050800037D616D617CE16D636CE16D617CE17D694
:1050900036D617CE17D616D637CE16D636D617CE64
:1050A00016D617CE37D616D617CE17D616D617CE93
:1050B00016D616D6D5CD74BD74BD74C574BD74BD79
:1050C00074BD74BD74C574BD74BD94C5B5C5B5C596
:1050D000D5C5B5C5D5C5B5C5B5C5D5C5B5C5B5C5A0
:1050E000B5C5D5C5B5C5B5C5D5C5B5C5B5C5D5C590
:1050F000B5C5B5C5B5C5B5C5D5C5B5C5D5C5B5C5A0
:10510000B5C5B5C5B5C5D5C5B5C5B5C5B5C5D5C58F
:10511000B5C5B5C5B5C5B5C5D5C5B5C5B5C5B5C59F
:1051200094C574BD74BD74C574BD74BD94C5B5C556
:10513000B5C5D5C5B5C5B5C5B5C5B5C5D5C5B5C55F
:10514000B5C5D5C5B5C5B5C5D5C5B5C5B5C5B5C54F
:10515000D5C5B5C5B5C5B5C5B5C5D5C5B5C5B5C53F
:10516000D5C5B5C5B5C5B5C5D5C5B5C5B5C5B5C52F
:10517000D5C5B5C5B5C5B5C5D5C5B5C5B5C5B5C51F
:10518000B5C574BD74C574BD74BD94C574BD95C5F5
:10519000B5C5B5C5B5C5B5C5B5C5B5C5B5C5B5C53F
:1051A000B5C5B5C5D5C5B5C5B5C5B5C5B5C5B5C50F
:1051B000D5C5B5C5B5C5B5C5B5C5B5C5B5C5B5C5FF
:1051C000B5C5B5C5B5C5D5C5B5C5B5C5B5C5B5C5EF
:1051D000B5C5D5C5B5C5B5C5D5C5B5C5B5C5D5C59F
:1051E000B5C594C574BD74BD94C574BD74C594BD76
:1051F000B5C5B5C5B5C5B5C5B5C5D5C5B5C5B5C5BF
:10520000B5C5B5C5D5C5D5C5B5C5B5C5B5C5B5C58E
:10521000B5C5D5C5B5C5B5C5B5C5D5C5B5C5B5C57E
:10522000B5C5D5C5B5C5B5C5B5C5B5C5B5C5D5C56E
:10523000B5C5B5C5B5C5D5C5B5C5B5C5D5C5D5C53E
:10524000B5C5B5C594BD74BD74C594BD74C574BDF4
:1052500074BD94C574BD74BD94BD74BD74C574BD76
:1052600074BD74C574BD94BD74C574BD74BD74C57E
:1052700094BD74C574BD74BD74C574BD94BD74C54E
:1052800074BD94BD74C574BD74BD74C594BD74BD46
:1052900094C574BD74BD74C574BD74C574BD74C546
:1052A00094BD74BD74C574BD74BD94C574BD74BD26
:1052B00074C594BD74BD74C594BD74BD74C574BD0E
:1052C00094BD74C574C594BD74C574BD74BD74C5F6
:1052D00074BD94BD74C574BD74BD74C574BD94BDF6
:1052E00074C574BD94BD74C574BD94C574BD74BDDE
:1052F00074C574BD74C574BD94C574C574BD74BDE6
:1053000074C594BD74BD74C574BD74BD74BD94C5BD
:1053100074BD74C594BD74BD74C574BD74BD94C5AD
:1053200074BD94BD74C574BD94BD94C574BD94BD65
:1053300074C574BD74BD94C574BD74BD94C574BD8D
:1053400074BD94C574BD94BD74C594BD74BD94C53D
:1053500074BD74BD74C574BD94BD74C594BD74BD75
:1053600074BD74C574BD74BD74C574BD94BD74BD85
:1053700074BD94BD74BD74BD74C574BD74BD74C575
:1053800074BD74BD94C574BD74BD74C574BD74C55D
:1053900094BD74BD74C574BD94BD74C594BD74C50D
:1053A00074BD74BD94C574BD74C574BD94C574BD1D
:1053B00074BD74C594BD74BD74C594BD74BD74C50D
:1053C00094BD74C574BD74BD94C574BD74BD74C5FD
:1053D00074BD74BD74C574BD94BD74C574BD94BDF5
:1053E00074BD74C594C574BD74C574BD94BD74C5D5
:1053F00074BD94C574BD74C574C594BD74C574BDC5
:1054000074BD74C594C574BD74C594BD74C574BDB4
:1054100074C594BD74C574BD94C574BD74BD74C5A4
:1054200074C594BD74C594BD74BD94C574BD74BD7C
:1054300094C574C594BD74C574C574BD94C574BD5C
:1054400074BD74C594BD74C574BD94C574BD74BD7C
:1054500074C574BD74BD94C574BD74C594BD74C564
:1054600074BD74BD94C574C594BD74C574BD74C554
:1054700074BD74C594BD74BD74C574BD94C574BD4C
:1054800074BD94C574BD74BD74BD94C574BD74BD44
:1054900094C574BD74C594BD74C574BD94C574BD04
:1054A00074BD94C574BD94C574C574BD94BD74C5F4
:1054B00074BD74C594BD74BD74C574BD74BD74C52C
:1054C00094BD74BD74C574BD94C574BD74C574BDFC
:1054D00074C574C574BD74BD94C574BD74C574C5FC
:1054E00094BD94BD74C574BD74C574BD94C574C5B4
:1054F00074BD94BD74C594BD74C574C574BD74C5C4
:1055000074C574BD94C574C574BD94BD74C574BDB3
:1055100094BD74C574BD94C574BD94BD74C574BD8B
:1055200094C574BD74C574BD74C574BD74BD94C593
:1055300074BD74C574BD94C574BD74BD74C594C583
:1055400074BD74C574BD94BD74C574BD74C574BD9B
:1055500074BD94C574BD74C574BD74C574BD94C563
:1055600074BD74C594C574BD74BD74C574BD74BD7B
:10557000B5C574BD74BD74C574C594BD74BD74C522
:1055800094BD74BD74C574BD94BD74BD74C594BD23
:1055900074BD74BD94BD74C574BD74BD74BD74C553
:1055A00094BD74BD74BD94C574BD74BD74C594BD03
:1055B00074BD74BD74C574BD94BD74C574BD74BD33
:1055C00074C574BD74BD94BD74BD74BD74C594BD03
:1055D00074BD74C574BD74BD74C594BD74BD74C50B
:1055E00094BD74BD74BD74BD74C594BD74BD74C5E3
:1055F00094BD74BD74C574BD74BD94BD74C594BDB3
:1056000074BD74C574BD94BD74C574BD74BD94C5BA
:1056100074BD74BD94C574BD74BD94C574BD74C5AA
:1056200074BD74BD74BD94C574BD74BD94C574BDA2
:1056300074BD74C574BD74BD94BD74C574BD74BDB2
:1056400074C574BD74BD94C574C574BD74BD74C592
:1056500094BD74C574BD74BD74BD94C574BD94BD52
:1056600074BD74BD94C574BD74BD74C574BD74BD82
:1056700074C574BD94BD74C574BD74BD74BD74C56A
:1056800094BD74BD74C574BD94BD74BD94C574BD22
:1056900074BD74C574BD94BD74BD74C594BD74BD32
:1056A00074C574BD74BD74C574BD94BD74C574BD3A
:1056B00074BD74C594BD74BD74C594BD74BD74C50A
:1056C00094BD74BD74C574BD94BD74BD74BD74BD0A
:1056D00094C574BD74BD74C594BD74BD74C594BDCA
:1056E00074BD74C594BD74BD74C594BD74BD74BDE2
:1056F00094C574BD74BD94BD74C594BD74C5B5C561
:1057000098DE74BD74BD94BD74BD74C574BD74BDA4
:1057100074C574BD94BD74C574BD74BD74C594C5A1
:1057200074BD74C574BD94BD74C574BD94BD74C599
:1057300074BD74C574BD74BD74C574BD94C574BDA9
:1057400074BD74C594BD74C574BD74C594BD74BD79
:1057500074C594BD74BD74C594BD74C574BD74C561
:1057600094BD74BD94C574BD74BD74C574BD94C539
:1057700074C574BD94C574BD74BD94C574BD74BD49
:1057800074C594BD74BD74C574BD74BD94C574BD39
:1057900074BD94C574BD74C594BD74BD74C574BD29
:1057A00074C574BD94C574C574BD74BD94C574BD11
:1057B00074C594BD74C574BD74BD74C574BD74C521
:1057C00094BD74BD74C574BD74BD94C574BD94BDE1
:1057D00094C574BD74BD74C594BD74BD94C574BDC9
:1057E00074BD94C574BD74C594BD74BD74C574C5D1
:1057F00094BD74BD74C594BD74BD74C594BD94BD91
:1058000074C574BD74BD94C574BD94BD74C574BDB8
:1058100074BD74C574BD94BD74C574BD74BD94C5A8
:1058200074BD94BD74C574BD74C574BD74BD94C598
:1058300074C594BD74BD74C574BD74C594BD74BD88
:1058400074C594BD74BD74C594BD74BD74C574BD78
:1058500074BD94C574BD74BD74C594C574BD74BD68
:1058600074C594BD74C574BD74BD94C574BD74C550
:1058700074BD74BD74C594BD74BD74C574BD74BD70
:1058800074C574BD74BD74C574BD74BD74BD99DE3A
:10589000DEFFDEFFDEFFDEFFDEFFDEFFDEFFDEFF20
:1058A000DEFFDEFFDEFFDEFFDEFFDEFFDEFFDEFF10
:1058B000DEFFDEFFDEFFDEFFDEFFDEFFDEFFDEFF00
:1058C000DEFFDEFFDEFFDEFFDEFFDEFFDEFFDEFFF0
:1058D000DEFFDEFFDEFFDEFFDEFFDEFFDEFFDEFFE0
:1058E000DEFFDEFFDEFFDEFFDEFFDEFFDEFFDEFFD0
:1058F000DEFFDEFFDEFFDEFFDEFFDEFFDEFFDEFFC0
:10590000DEFFDEFFDEFFDEFFDEFFDEFFDEFFDEFFAF
:10591000DEFFDEFFDEFFDEFFDEFFDEFFDEFFDEFF9F
:10592000DEFFDEFFDEFFDEFFDEFFDEFFDEFFDEFF8F
:10593000DEFFDEFFDEFFDEFFDEFFDEFFDEFFDEFF7F
:10594000DEFFDEFFDEFFDEFFDEFFDEFFDEFFDEFF6F
:10595000DEFFDEFFDEFFDEFFDEFFDEFFDEFFDEFF5F
:10596000DEFFDEFFDEFFDEFFDEFFDEFFDEFFDEFF4F
:10597000DEFFDEFFDEFFDEFFDEFFDEFFDEFFDEFF3F
:10598000DEFFDEFFDEFFDEFFDEFFDEFFDEFFDEFF2F
:10599000DEFFDEFFDEFFDEFFDEFFDEFFDEFFDEFF1F
:1059A000DEFFDEFFDEFFDEFFDEFFDEFFDEFFDEFF0F
:1059B000DEFFDEFFDEFFDEFFDEFFDEFFDEFFDEFFFF
:1059C000DEFFDEFFDEFFDEFFDEFFDEFFDEFFDEFFEF
:1059D000DEFFDEFFDEFFDEFFDEFFDEFFDEFFDEFFDF
:1059E000DEFFDEFFDEFFDEFFDEFFDEFFDEFFDEFFCF
:1059F000DEFFDEFFDEFFDEFFDEFFDEFFDEFFDEFFBF
:105A0000DEFFDEFFDEFFDEFFDEFFDEFFDEFFDEFFAE
:105A1000DEFFDEFFDEFFDEFFDEFFDEFFDEFFDEFF9E
:105A2000DEFFDEFFDEFFDEFFDEFFDEFFDEFFDEFF8E
:105A3000DEFFDEFFDEFFDEFFDEFFDEFFDEFFDEFF7E
:105A4000DEFFDEFFDEFFDEFFDEFFDEFFDEFFDEFF6E
:105A5000DEFFDEFFDEFFDEFFDEFFDEFFDEFFDEFF5E
:105A6000DEFFDEFFDEFFDEFFDEFFDEFFDEFFDEFF4E
:105A7000DEFFDEFFDEFFDEFFDEFFDEFFDEFFDEFF3E
:105A8000DEFFDEFFDEFFDEFFDEFFDEFFDEFFDEFF2E
:105A9000DEFFDEFFDEFFDEFFDEFFDEFFDEFFDEFF1E
:105AA000DEFFDEFFDEFFDEFFDEFFDEFFDEFFDEFF0E
:105AB000DEFFDEFFDEFFDEFFDEFFDEFFDEFFDEFFFE
:105AC000DEFFDEFFDEFFDEFFDEFFDEFFDEFFDEFFEE
:105AD000DEFFDEFFDEFFDEFFDEFFDEFFDEFFDEFFDE
:105AE000DEFFDEFFDEFFDEFFDEFFDEFFDEFFDEFFCE
:105AF000DEFFDEFFDEFFDEFFDEFFDEFFDEFFDEFFBE
:105B0000DEFFDEFFDEFFDEFFDEFFDEFFDEFFDEFFAD
:105B1000DEFFDEFFDEFFDEFFDEFFDEFFDEFFDEFF9D
:105B2000DEFFDEFFDEFFDEFFDEFFDEFFDEFFDEFF8D
:105B3000DEFFDEFFDEFFDEFFDEFFDEFFDEFFDEFF7D
:105B4000DEFFDEFFDEFFDEFFDEFFDEFFDEFFDEFF6D
:105B5000DEFFDEFFDEFFDEFFDEFFDEFFDEFFDEFF5D
:105B6000DEFFDEFFDEFFDEFFDEFFDEFFDEFFDEFF4D
:105B7000DEFFDEFFDEFFDEFFDEFFDEFFDEFFDEFF3D
:105B8000DEFFDEFFDEFFDEFFDEFFDEFFDEFFDEFF2D
:105B9000DEFFDEFFDEFFDEFFDEFFDEFFDEFFDEFF1D
:105BA000DEFFDEFFDEFFDEFFDEFFDEFFDEFFDEFF0D
:105BB000DEFFDEFFDEFFDEFFDEFFDEFFDEFFDEFFFD
:105BC000DEFFDEFFDEFFDEFFDEFFDEFFDEFFDEFFED
:105BD000DEFFDEFFDEFFDEFFDEFFDEFFDEFFDEFFDD
:105BE000DEFFDEFFDEFFDEFFDEFFDEFFDEFFDEFFCD
:105BF000DEFFDEFFDEFFDEFFDEFFDEFFDEFFDEFFBD
:105C0000DEFFDEFFDEFFDEFFDEFFDEFFDEFFDEFFAC
:105C1000DEFFDEFFDEFFDEFFDEFFDEFFDEFFDEFF9C
:105C2000DEFFDEFFDEFFDEFFDEFFDEFFDEFFDEFF8C
:105C3000DEFFDEFFDEFFDEFFDEFFDEFFDEFFDEFF7C
:105C4000DEFFDEFFDEFFDEFFDEFFDEFFDEFFDEFF6C
:105C5000DEFFDEFFDEFFDEFFDEFFDEFFDEFFDEFF5C
:105C6000DEFFDEFFDEFFDEFFDEFFDEFFDEFFDEFF4C
:105C7000DEFFDEFFDEFFDEFFDEFFDEFFDEFFDEFF3C
:105C8000DEFFDEFFDEFFDEFFDEFFDEFFDEFFDEFF2C
:105C9000DEFFDEFFDEFFDEFFDEFFDEFFDEFFDEFF1C
:105CA000DEFFDEFFDEFFDEFFDEFFDEFFDEFFDEFF0C
:105CB000DEFFDEFFDEFFDEFFDEFFDEFFDEFFDEFFFC
:105CC000DEFFDEFFDEFFDEFFDEFFDEFFDEFFDEFFEC
:105CD000DEFFDEFFDEFFDEFFDEFFDEFFDEFFDEFFDC
:105CE000DEFFDEFFDEFFDEFFDEFFDEFFDEFFDEFFCC
:105CF000DEFFDEFFDEFFDEFFDEFFDEFFDEFFDEFFBC
:105D0000DEFFDEFFDEFFDEFFDEFFDEFFDEFFDEFFAB
:105D1000DEFFDEFFDEFFDEFFDEFFDEFFDEFFDEFF9B
:105D2000DEFFDEFFDEFFDEFFDEFFDEFFDEFFDEFF8B
:105D3000DEFFDEFFDEFFDEFFDEFFDEFFDEFFDEFF7B
:105D4000DEFFDEFFDEFFDDFFDEFFDEFFDDFFDEFF6D
:105D5000DEFFDDFFDEFFDEFFDDFFDEFFDEFFDDFF5E
:105D6000DEFFDEFFDDFFDEFFDEFFDDFFDEFFDEFF4D
:105D7000DDFFDEFFDEFFDDFFDEFFDEFFDDFFDEFF3E
:105D8000DEFFDDFFDEFFDEFFDDFFDEFFDEFFDDFF2E
:105D9000DEFFDEFFDDFFDEFFDEFFDDFFDEFFDEFF1D
:105DA000DDFFDEFFDEFFDDFFDEFFDEFFDDFFDEFF0E
:105DB000DEFFDDFFDEFFDEFFDDFFDEFFDEFFDDFFFE
:105DC000DEFFDEFFDDFFDEFFDEFFDDFFDEFFDEFFED
:105DD000DDFFDEFFDEFFDDFFDEFFDEFFDDFFDEFFDE
:105DE000DEFFDDFFDEFFDEFFDDFFDEFFDEFFDDFFCE
:105DF000DEFFDEFFDDFFDEFFDEFFDDFFDEFFDEFFBD
:105E0000DDFFDEFFDEFFDDFFDEFFDEFFDDFFDEFFAD
:105E1000DEFFDDFFDEFFDEFFDDFFDEFFDEFFDDFF9D
:105E2000DEFFDEFFDDFFDEFFDEFFDDFFDEFFDEFF8C
:105E3000DDFFDEFFDEFFDDFFDEFFDEFFDDFFDEFF7D
:105E4000DEFFDDFFDEFFDEFFDDFFDEFFDEFFDDFF6D
:105E5000DEFFDEFFDDFFDEFFDEFFDDFFDEFFDEFF5C
:105E6000DDFFDEFFDEFFDDFFDEFFDEFFDDFFDEFF4D
:105E7000DEFFDDFFDEFFDEFFDDFFDEFFDEFFDDFF3D
:105E8000DEFFDEFFDDFFDEFFDEFFDDFFDEFFDEFF2C
:105E9000DDFFDEFFDEFFDDFFDEFFDEFFDDFFDEFF1D
:105EA000DEFFDDFFDEFFDEFFDDFFDEFFDEFFDDFF0D
:105EB000DEFFDEFFDDFFDEFFDEFFDDFFDEFFDEFFFC
:105EC000DDFFDEFFDEFFDDFFDEFFDEFFDDFFDEFFED
:105ED000DEFFDEFFDEFFDEFFDEFFDEFFDEFFDEFFDA
:105EE000DEFFDEFFDEFFDEFFDEFFDEFFDEFFDEFFCA
:105EF000DEFFDEFFDEFFDEFFDEFFDEFFDEFFDEFFBA
:105F0000DEFFDEFFDEFFDEFFDEFFDEFFDEFFDEFFA9
:105F1000DEFFDEFFDEFFDEFFDEFFDEFFDEFFDEFF99
:105F2000DEFFDEFFDEFFDEFFDEFFDEFFDEFFDEFF89
:105F3000DEFFDEFFDEFFDEFFDEFFDEFFDEFFDEFF79
:105F4000DEFFDEFFDEFFDEFFDEFFDEFFDEFFDEFF69
:105F5000DEFFDEFFDEFFDEFFDEFFDEFFDEFFDEFF59
:105F6000DEFFDEFFDEFFDEFFDEFFDEFFDEFFDEFF49
:105F7000DEFFDEFFDEFFDEFFDEFFDEFFDEFFDEFF39
:105F8000DEFFDEFFDEFFDEFFDEFFDEFFDEFFDEFF29
:105F9000DEFFDEFFDEFFDEFFDEFFDEFFDEFFDEFF19
:105FA000DEFFDEFFDEFFDEFFDEFFDEFFDEFFDEFF09
:105FB000DEFFDEFFDEFFDEFFDEFFDEFFDEFFDEFFF9
:105FC000DEFFDEFFDEFFDEFFDEFFDEFFDEFFDEFFE9
:105FD000DEFFDEFFDEFFDEFFDEFFDEFFDEFFDEFFD9
:105FE000DEFFDEFFDEFFDEFFDEFFDEFFDEFFDEFFC9
:105FF000DEFFDEFFDEFFDEFFDEFFDEFFDEFFDEFFB9
:10600000DEFFDEFFDEFFDEFFDEFFDEFFDEFFDEFFA8
:10601000DEFFDEFFDEFFDEFFDEFFDEFFDEFFDEFF98
:10602000DEFFDEFFDEFFDEFFDEFFDEFFDEFFDEFF88
:10603000DEFFDEFFDEFFDEFFDEFFDEFFDEFFDEFF78
:10604000DEFFDEFFDEFFDEFFDEFFDEFFDEFFDEFF68
:10605000DEFFDEFFDEFFDEFFDEFFDEFFDEFFDEFF58
:10606000DEFFDEFFDEFFDEFFDEFFDEFFDEFFDEFF48
:10607000DEFFDEFFDEFFDEFFDEFFDEFFDEFFDEFF38
:10608000DEFFDEFFDEFFDEFFDEFFDEFFDEFFDEFF28
:10609000DEFFDEFFDEFFDEFFDEFFDEFFDEFFDEFF18
:1060A000DEFFDEFFDEFFDEFFDEFFDEFFDEFFDEFF08
:1060B000DEFFDEFFDEFFDEFFDEFFDEFFDEFFDEFFF8
:1060C000DEFFDEFFDEFFDEFFDEFFDEFFDEFFDEFFE8
:1060D000DEFFDEFFDEFFDEFFDEFFDEFFDEFFDEFFD8
:1060E000DEFFDEFFDEFFDEFFDEFFDEFFDEFFDEFFC8
:1060F000DEFFDEFFDEFFDEFFDEFFDEFFDEFFDEFFB8
:10610000DEFFDEFFDEFFDEFFDEFFDEFFDEFFDEFFA7
:10611000DEFFDEFFDEFFDEFFDEFFDEFFDEFFDEFF97
:10612000DEFFDEFFDEFFDEFFDEFFDEFFDEFFDEFF87
:10613000DEFFDEFFDEFFDEFFDEFFDEFFDEFFDEFF77
:10614000DEFFDEFFDEFFDEFFDEFFDEFFDEFFDEFF67
:10615000DEFFDEFFDEFFDEFFDEFFDEFFDEFFDEFF57
:10616000DEFFDEFFDEFFDEFFDEFFDEFFDEFFDEFF47
:10617000DEFFDEFFDEFFDEFFDEFFDEFFDEFFDEFF37
:10618000DEFFDEFFDEFFDEFFDEFFDEFFDEFFDEFF27
:10619000DEFFDEFFDEFFDEFFDEFFDEFFDEFFDEFF17
:1061A000DEFFDEFFDEFFDEFFDEFFDEFFDEFFDEFF07
:1061B000DEFFDEFFDEFFDEFFDEFFDEFFDEFFDEFFF7
:1061C000DEFFDEFFDEFFDEFFDEFFDEFFDEFFDEFFE7
:1061D000DEFFDEFFDEFFDEFFDEFFDEFFDEFFDEFFD7
:1061E000DEFFDEFFDEFFDEFFDEFFDEFFDEFFDEFFC7
:1061F000DEFFDEFFDDFFDEFFDEFFDDFFDEFFDEFFB9
:10620000DDFFDEFFDEFFBDFF37D679CEDEFFDDFF2F
:10621000DEFFDEFFDDFFDEFFDEFFDDFFDEFFDEFF98
:10622000DDFFDEFFDEFFDDFFDEFFDEFFDDFFDEFF89
:10623000DEFFDDFFDEFFDEFFDDFFDEFFDEFFDDFF79
:10624000DEFFDEFFDDFFDEFFDEFFDDFFDEFFDEFF68
:10625000DDFFDEFFDEFFDDFFDEFFDEFFDDFFDEFF59
:10626000DEFFDDFFDEFFDEFFDDFFDEFFDEFFDDFF49
:10627000DEFFDEFFDDFFDEFFDEFFDDFFDEFFDEFF38
:10628000DDFFDEFFDEFFDDFFDEFFDEFFDDFFDEFF29
:10629000DEFFDDFFDEFFDEFFDDFFDEFFDEFFDDFF19
:1062A000DEFFDEFFDDFFDEFFDEFFDDFFDEFFDEFF08
:1062B000DDFFDEFFDEFFDDFFDEFFDEFFDDFFDEFFF9
:1062C000DEFFDDFFDEFFDEFFDDFFDEFFDEFFDDFFE9
:1062D000DEFFDEFFDDFFDEFFDEFFDDFFDEFFDEFFD8
:1062E000DDFFDEFFDEFFDDFFDEFFDEFFDDFFDEFFC9
:1062F000DEFFDDFFDEFFDEFFDDFFDEFFDEFFDDFFB9
:10630000DEFFDEFFDDFFDEFFDEFFDDFFDEFFDEFFA7
:10631000DDFFDEFFDEFFDDFFDEFFDEFFDDFFDEFF98
:10632000DEFFDDFFDEFFDEFFDDFFDEFFDEFFDDFF88
:10633000DEFFDEFFDDFFDEFFDEFFDDFFDEFFDEFF77
:10634000DDFFDEFFDEFFDDFFDEFFDEFFDDFFDEFF68
:10635000DEFFDDFFDEFFDEFFDDFFDEFFDEFFDDFF58
:10636000DEFFDEFFDDFFDEFFDEFFDDFFDEFFDEFF47
:10637000DDFFDEFFDEFFDDFFDEFFDEFFDDFFDEFF38
:10638000DEFFDEFFDEFFDEFFDEFFDCFFAD9B8D7B91
:106390008C7BCE7BF8B59CFF0D9C9494DEFFDEFFDA
:1063A000DEFFDEFFDEFFDEFFDEFFDEFFDEFFDEFF05
:1063B000DEFFDEFFDEFFDEFF3AF78FA48D7BCE7BB4
:1063C000F8B5DEFFDDFFD4D5AD838D7B56A5BEF7D6
:1063D000DEFFDEFFF8F68C7B8F7BDEE7DDFF15D678
:1063E000CD8B8D7B718CFCD6DEFFDEFFDEFFDEFF0A
:1063F0007BF732BDAD838D7BAE7B5ABEDEFFDEFF09
:10640000DEFFDEFFDEFFDEFFDEFFDEFFDEFFDEFFA4
:10641000DEFFDEFFDEFFDEFFDEFFDEFFDEFFDEFF94
:10642000DEFFDEFFDEFFDEFFDEFFDEFFDEFFDEFF84
:10643000DEFFDEFFDEFFDEFFDEFFDEFFDEFFDEFF74
:10644000DEFFDEFFDEFFDEFFDEFFDEFFDEFFDEFF64
:10645000DEFFDEFFDEFFDEFFDEFFDEFFDEFFDEFF54
:10646000DEFFDEFFDEFFDEFFDEFFDEFFDEFFDEFF44
:10647000DEFFDEFFDEFFDEFFDEFFDEFFDEFFDEFF34
:10648000DEFFDEFFDEFFDEFFDEFFDEFFDEFFDEFF24
:10649000DEFFDEFFDEFFDEFFDEFFDEFFDEFFDEFF14
:1064A000DEFFDEFFDEFFDEFFDEFFDEFFDEFFDEFF04
:1064B000DEFFDEFFDEFFDEFFDEFFDEFFDEFFDEFFF4
:1064C000DEFFDEFFDEFFDEFFDEFFDEFFDEFFDEFFE4
:1064D000DEFFDEFFDEFFDEFFDEFFDEFFDEFFDEFFD4
:1064E000DEFFDEFFDEFFDEFFDEFFDEFFDEFFDEFFC4
:1064F000DEFFDEFFDEFFDEFFDEFFDEFFDEFFDEFFB4
:10650000DEFFDEFFDEFFDEFFDEFFDEFFDEFFDEFFA3
:10651000DEFFDEFFDEFFDEFFDEFFDCFFAD9331845A
:10652000D6C54E9CAE7BDBDE2E949494DEF7BDFF89
:106530007CF77CF7DEFFDDFF7CF7BDF7DEFFBDFFFC
:106540007CF7DEFFDEFFDEFFB6F6D39495C5AD83A4
:10655000AF7B7DE796EE6D7B51846FA48D7B7ABE19
:10656000DEFFBDFF6FAC6C7B6F7BDEE77AFFAD8B30
:10657000CF8353B58D7B938CDEFFDEFFDEFF9BFF69
:106580000E9C8D7BB394F6C573BD3ABEDEFFBDFF96
:106590007CF77CF7BDF7DEFFBDFF7CF79DF7BDFF05
:1065A0007CF7BDFFBDFF7CF7BDF7DEFFDEFF9DFF83
:1065B0007CF79DF7DEFFDEFFDEFFDDFFDEFFDEFFA7
:1065C000DDFFDEFFDEFFDEFFDDFFDEFFDEFFDDFFE6
:1065D000DEFFDEFFDEFFDEFFDDFFDEFFDEFFDDFFD5
:1065E000DEFFDEFFDEFFDDFFDEFFDEFFDDFFDEFFC5
:1065F000DEFFDEFFDEFFDDFFDEFFDEFFDDFFDEFFB5
:10660000DEFFDEFFDDFFDEFFDEFFDDFFDEFFDEFFA4
:10661000DEFFDEFFDDFFDEFFDEFFDDFFDEFFDEFF94
:10662000DEFFDDFFDEFFDEFFDDFFDEFFDEFFDEFF84
:10663000DEFFDDFFDEFFDEFFDDFFDEFFDEFFDEFF74
:10664000DDFFDEFFDEFFDDFFDEFFDEFFDEFFDEFF64
:10665000DDFFDEFFDEFFDDFFDEFFDEFFDEFFDDFF55
:10666000DEFFDEFFDDFFDEFFDEFFDEFFDEFFDDFF44
:10667000DEFFDEFFDDFFDEFFDEFFDEFFDDFFDEFF34
:10668000DEFFDDFFDEFFDEFFDEFFDEFFDDFFDEFF24
:10669000DEFFDEFFDDFFDEFFDEFFDEFFDEFFDEFF13
:1066A000DEFFDEFFDDFFDEFFDEFFDCFFCD93B48C1F
:1066B000DEFFF4DD8D7B99CE2E949494DCFF90ACBC
:1066C0002F8CCE83159D7BF7ED93F694DEFF71CD75
:1066D000F07BBDF7DEFFDEFF9CFFBEF75AFFED93B8
:1066E0008E7B5DD730C58D7BD9ADF3DD8D7B379546
:1066F000DDFFF4DDAE7BAD8B8F7BDEE79CFF2E9C58
:10670000328477DEAD8377A5DEFFDEFFDEFF14DEA9
:106710006C7B52845CEF3BEF3BEF5CEFDEFFF0BC49
:106720008D7B8D7B318C3CDF34DE6C7B30842E9C0A
:106730008D7BF4948FA48D7BB494BDF7D8EE2E940A
:106740006C7BCE7BF8B5DEFFDEFFDEFFDEFFDEFF1B
:10675000DEFFDEFFDEFFDEFFDEFFDEFFDEFFDEFF51
:10676000DEFFDDFFDEFFDEFFDEFFDEFFDEFFDEFF42
:10677000DEFFDEFFDEFFDEFFDEFFDEFFDEFFDEFF31
:10678000DDFFDEFFDEFFDEFFDEFFDEFFDEFFDEFF22
:10679000DEFFDEFFDEFFDEFFDEFFDEFFDEFFDDFF12
:1067A000DEFFDEFFDEFFDEFFDEFFDEFFDEFFDEFF01
:1067B000DEFFDEFFDEFFDEFFDEFFDEFFDDFFDEFFF2
:1067C000DEFFDEFFDEFFDEFFDEFFDEFFDEFFDEFFE1
:1067D000DEFFDEFFDEFFDEFFDEFFDDFFDEFFDEFFD2
:1067E000DEFFDEFFDEFFDEFFDEFFDEFFDEFFDEFFC1
:1067F000DEFFDEFFDEFFDEFFDDFFDEFFDEFFDEFFB2
:10680000DEFFDEFFDEFFDEFFDEFFDEFFDEFFDEFFA0
:10681000DEFFDEFFDEFFDDFFDEFFDEFFDEFFDEFF91
:10682000DEFFDEFFDEFFDEFFDEFFDDFFDEFFDEFF81
:10683000DEFFDEFFDEFFDEFFDEFFDCFFAD9BCE7B9B
:10684000719CCD8331845CEF0E9C9494DDF7DAE685
:10685000FAE652C58E7B3DDF51C5F0835CEF0E9C9E
:10686000369DDEFFDEFFDEFFDEFF3AF76FA46D7BB5
:10687000728CBEF7CEBC8D7BF9B555EE6D7BD59491
:10688000F8EEAD8BB7AD0DA48F7BDEE7DDFF31C534
:106890008D7B6C7BAE7BFCD6DEFFDEFFDDFF51C562
:1068A0006D7B169510C56D7B6D7B117CDEFF73C50E
:1068B00017C6F1B48D7B989D34DE6D7B1084F5D5C1
:1068C0006D7B8E7B17C6CD8BAF7B3BE70D9C8E7BA4
:1068D000B6B5CD93CF7B7EE7DEFFDEFFDEFFDEFFCA
:1068E000DEFFDEFFDDFFDEFFDEFFDEFFDEFFDEFFC1
:1068F000DEFFDEFFDEFFDEFFDEFFDEFFDEFFDEFFB0
:10690000DEFFDDFFDEFFDEFFDEFFDEFFDEFFDEFFA0
:10691000DEFFDEFFDEFFDEFFDEFFDEFFDEFFDEFF8F
:10692000DDFFDEFFDEFFDEFFDEFFDEFFDEFFDEFF80
:10693000DEFFDEFFDEFFDEFFDEFFDEFFDEFFDDFF70
:10694000DEFFDEFFDEFFDEFFDEFFDEFFDEFFDEFF5F
:10695000DEFFDEFFDEFFDEFFDEFFDEFFDDFFDEFF50
:10696000DEFFDEFFDEFFDEFFDEFFDEFFDEFFDEFF3F
:10697000DEFFDEFFDEFFDEFFDEFFDDFFDEFFDEFF30
:10698000DEFFDEFFDEFFDEFFDEFFDEFFDEFFDEFF1F
:10699000DEFFDEFFDEFFDEFFDDFFDEFFDEFFDEFF10
:1069A000DEFFDEFFDEFFDEFFDEFFDEFFDEFFDDFF00
:1069B000DEFFDEFFDEFFDEFFDEFFDEFFDEFFDEFFEF
:1069C000DEFFDEFFDEFFDEFFDEFFDCFFAD93CE7B12
:1069D000919C35AD5DEF9CFF2E94949419EFEE8B56
:1069E000B29CD1A48D7BFDD619F7AD83F6BDAE83E5
:1069F000FDCEDEFFDEFFDEFF5BFF0E9C8D7BD394C2
:106A00005DEFDEFFEFC48D7BF9ADF3DD6D7B369579
:106A10006FAC8D7B0F8C8D7B6D7B508C97DE8D7B6F
:106A2000B49497DEAD835284BEFFDEFFDEFFB3D5A4
:106A30006D7B738C5BEF56DE8D7BF17B9BFF4FA4F0
:106A40000F8C2F946C7B579D34DE6D7B938C38FFBD
:106A50006D7BCF7B5CE70D9C8E7BD9DEAD838D7B20
:106A60009194B19CD29C7EE7DEFFDDFFDEFFDEFF6E
:106A7000DDFFDEFFDEFFDEFFDEFFDDFFDEFFDEFF30
:106A8000DEFFDEFFDEFFDDFFDEFFDEFFDDFFDEFF20
:106A9000DEFFDEFFDEFFDEFFDDFFDEFFDEFFDEFF0F
:106AA000DEFFDEFFDDFFDEFFDEFFDDFFDEFFDEFF00
:106AB000DEFFDEFFDEFFDDFFDEFFDEFFDEFFDEFFEF
:106AC000DEFFDDFFDEFFDEFFDDFFDEFFDEFFDEFFE0
:106AD000DEFFDEFFDDFFDEFFDEFFDEFFDEFFDEFFCF
:106AE000DDFFDEFFDEFFDDFFDEFFDEFFDEFFDEFFC0
:106AF000DEFFDDFFDEFFDEFFDEFFDEFFDEFFDDFFB0
:106B0000DEFFDEFFDDFFDEFFDEFFDEFFDEFFDEFF9E
:106B1000DDFFDEFFDEFFDEFFDEFFDEFFDDFFDEFF8F
:106B2000DEFFDDFFDEFFDEFFDEFFDEFFDEFFDDFF7F
:106B3000DEFFDEFFDEFFDEFFDEFFDEFFDEFFDEFF6D
:106B4000DEFFDDFFDEFFDEFFDDFFDEFFDEFFDEFF5F
:106B5000DEFFDEFFDDFFDEFFDEFFDCFFCD9BB48C62
:106B6000DEFFDEFFDEFF9CFF2E94949454DE8E7BCE
:106B700018BED0B48D7BFDD6BDFF6FACCE835284E2
:106B8000BEF7DEFFDEFFDDFFB3D58C7B318458CE50
:106B900078D67EEF34DE6D7B928C8FA48D7B9AC687
:106BA00073C5D2A4F2A4AD836D7BF3A497DE6D7B95
:106BB000728CF5CDAD835284BEFFDEFFDEFF39F768
:106BC000AD8B8D7B75A5B4C58C7BF17B96EE6D7B13
:106BD000B39411BD6D7B379D34DE6C7B938C38FF95
:106BE0006D7BCF7B5CE70D948F7B1ADFED936D7B24
:106BF00076A578D6FBDEDEFFDEFFDEFFDEFFDEFF02
:106C0000DEFFDEFFDEFFDEFFDEFFDEFFDEFFDDFF9D
:106C1000DEFFDEFFDEFFDEFFDEFFDEFFDEFFDEFF8C
:106C2000DEFFDEFFDEFFDEFFDEFFDEFFDDFFDEFF7D
:106C3000DEFFDEFFDEFFDEFFDEFFDEFFDEFFDEFF6C
:106C4000DEFFDEFFDEFFDEFFDEFFDDFFDEFFDEFF5D
:106C5000DEFFDEFFDEFFDEFFDEFFDEFFDEFFDEFF4C
:106C6000DEFFDEFFDEFFDEFFDDFFDEFFDEFFDEFF3D
:106C7000DEFFDEFFDEFFDEFFDEFFDEFFDEFFDEFF2C
:106C8000DEFFDEFFDEFFDDFFDEFFDEFFDEFFDEFF1D
:106C9000DEFFDEFFDEFFDEFFDEFFDEFFDEFFDEFF0C
:106CA000DEFFDEFFDDFFDEFFDEFFDEFFDEFFDEFFFD
:106CB000DEFFDEFFDEFFDEFFDEFFDEFFDEFFDEFFEC
:106CC000DEFFDDFFDEFFDEFFDDFFDEFFDEFFDEFFDE
:106CD000DEFFDEFFDEFFDEFFDEFFDEFFDEFFDEFFCC
:106CE000DEFFDEFFDEFFDEFFDEFFDCFFAD9BB48CF0
:106CF000DEFFDEFFDEFF9CFF0E9494943AF7ED93E7
:106D0000AE7B13AD8D7BFDCEDEFF54E68C7BB9A54B
:106D1000DEFFDEFFDEFFDDFF31C58D7B8D7B6D7B12
:106D20008D7BBDBEBDFFF1BC8D7B8D7B56A5DEF797
:106D3000DEFFDEFFDDFF0DA46F7BDEE7BDFF93C549
:106D4000AD838D7B318CDBCEDEFFDEFFDEFFDDFF32
:106D5000B7E66F9C8D7B8D7BCE8335A57BFF0E9434
:106D6000AD7BD1A48D7B579D34DE6D7B938C39FF39
:106D70006D7BAF7B5CE70D9CAF7B5DE7D8EE0E943F
:106D80006D7B8D7B77A5DEFFDEFFDEFFDEFFDEFFA6
:106D9000DEFFDEFFDDFFDEFFDEFFDEFFDEFFDEFF0C
:106DA000DEFFDEFFDDFFDEFFDEFFDEFFDEFFDDFFFD
:106DB000DEFFDEFFDDFFDEFFDEFFDEFFDEFFDEFFEC
:106DC000DEFFDDFFDEFFDEFFDEFFDEFFDDFFDEFFDD
:106DD000DEFFDDFFDEFFDEFFDEFFDEFFDEFFDEFFCC
:106DE000DDFFDEFFDEFFDEFFDEFFDDFFDEFFDEFFBD
:106DF000DDFFDEFFDEFFDEFFDEFFDEFFDEFFDDFFAD
:106E0000DEFFDEFFDEFFDEFFDDFFDEFFDEFFDDFF9C
:106E1000DEFFDEFFDEFFDEFFDEFFDEFFDDFFDEFF8B
:106E2000DEFFDEFFDEFFDDFFDEFFDEFFDDFFDEFF7C
:106E3000DEFFDEFFDEFFDEFFDEFFDDFFDEFFDEFF6B
:106E4000DEFFDEFFDDFFDEFFDEFFDDFFDEFFDEFF5C
:106E5000DEFFDEFFDEFFDEFFDEFFDEFFDDFFDEFF4B
:106E6000DEFFDEFFDEFFDEFFDEFFDEFFDDFFDEFF3B
:106E7000DEFFDEFFDEFFDEFFDEFFDEFFBDFFBEFF6B
:106E8000DEFFDEFFDEFFDEFFDDFFDEFFDEFFDDFF1C
:106E9000DEFFDEFFDDFFDEFFDDFF51CDAF7B5DDF1F
:106EA000DEFFDEFFDEFFDEFFDEFFBEFFBDFFDEFF3B
:106EB000BDFFDEFFDEFFDDFFDEFFBEFFDEFFDEFF2C
:106EC000DEFFDEFFDEFFBDFFDEFFDEFFDEFFDEFFFB
:106ED000DDFFBEFFDEFFDEFFDEFFDEFFDEFFDEFFEB
:106EE000DEFFDEFFBEFFBEFFDEFFDEFFDEFFBEFF1A
:106EF000BEFFDEFFBDFFDEFFDEFFBDFFDEFFDEFF0C
:106F0000BDFFDDFFDEFFBEFFDDFFDEFFDEFFDEFFDC
:106F1000DEFFBEFFDEFFDEFFDEFFDDFFDEFFDEFFAA
:106F2000DDFFDEFFDEFFDEFFDEFFDDFFDEFFDEFF7B
:106F3000DEFFDEFFDEFFDEFFDEFFDDFFDEFFDEFF6A
:106F4000DEFFDEFFDEFFDEFFDEFFDEFFDEFFDEFF59
:106F5000DEFFDEFFDEFFDEFFDDFFDEFFDEFFDEFF4A
:106F6000DEFFDEFFDEFFDEFFDEFFDEFFDEFFDEFF39
:106F7000DEFFDEFFDEFFDDFFDEFFDEFFDEFFDEFF2A
:106F8000DEFFDEFFDEFFDEFFDEFFDEFFDEFFDEFF19
:106F9000DEFFDEFFDDFFDEFFDEFFDEFFDEFFDEFF0A
:106FA000DEFFDEFFDEFFDEFFDEFFDEFFDEFFDEFFF9
:106FB000DEFFDDFFDEFFDEFFDEFFDEFFDEFFDEFFEA
:106FC000DEFFDEFFDEFFDEFFDEFFDEFFDEFFDEFFD9
:106FD000DDFFDEFFDEFFDEFFDEFFDEFFDEFFDEFFCA
:106FE000DEFFDEFFDEFFDEFFDEFFDEFFDEFFDEFFB9
:106FF000DEFFDDFFDEFFDEFFDDFFDEFFDEFFDEFFAB
:10700000DEFFDEFFDDFFDEFFDEFFDEFFDEFFDEFF99
:10701000DEFFDEFFDEFFDEFFDEFFDEFFDEFFDEFF88
:10702000DEFFDEFFDEFF9CFFED938D7B77A5DEFFAD
:10703000DEFFDDFFDEFFDEFFDEFFDEFFDEFFDEFF69
:10704000DEFFDEFFDEFFDEFFDEFFDEFFDEFFDEFF58
:10705000DEFFDEFFDEFFDEFFDEFFDEFFDEFFDEFF48
:10706000DEFFDEFFDEFFDEFFDEFFDDFFDEFFDEFF39
:10707000DEFFDEFFDEFFDEFFDEFFDEFFDEFFDEFF28
:10708000DEFFDEFFDEFFDEFFDEFFDEFFDEFFDEFF18
:10709000DEFFDEFFDEFFDEFFDEFFDEFFDEFFDEFF08
:1070A000DEFFDEFFDEFFDEFFDEFFDEFFDEFFDEFFF8
:1070B000DEFFDEFFDEFFDEFFDEFFDEFFDEFFDEFFE8
:1070C000DDFFDEFFDEFFDEFFDEFFDEFFDEFFDEFFD9
:1070D000DEFFDEFFDEFFDDFFDEFFDEFFDDFFDEFFCA
:1070E000DEFFDEFFDEFFDEFFDEFFDEFFDEFFDEFFB8
:1070F000DEFFDEFFDDFFDEFFDEFFDDFFDEFFDEFFAA
:10710000DEFFDEFFDEFFDEFFDEFFDEFFDEFFDEFF97
:10711000DEFFDDFFDEFFDEFFDDFFDEFFDEFFDEFF89
:10712000DEFFDEFFDEFFDEFFDEFFDEFFDEFFDEFF77
:10713000DDFFDEFFDEFFDDFFDEFFDEFFDEFFDEFF69
:10714000DEFFDEFFDEFFDEFFDEFFDEFFDEFFDDFF58
:10715000DEFFDEFFDDFFDEFFDEFFDEFFDEFFDEFF48
:10716000DEFFDEFFDEFFDEFFDEFFDEFFDDFFDEFF38
:10717000DEFFDDFFDEFFDEFFDDFFDEFFDEFFDEFF29
:10718000DEFFDEFFDEFFDEFFDEFFDEFFDEFFDEFF17
:10719000DEFFDEFFDEFFDEFFDEFFDEFFDEFFDEFF07
:1071A000DEFFDDFFDEFFDEFFDEFFDEFFDEFFDEFFF8
:1071B000DEFFDEFFDEFFBDFF37D679CEBEFFDEFF8E
:1071C000DEFFDEFFDEFFDEFFDDFFDEFFDEFFDEFFD8
:1071D000DEFFDEFFDEFFDEFFDEFFDEFFDEFFDEFFC7
:1071E000DEFFDEFFDEFFDEFFDEFFDEFFDEFFDEFFB7
:1071F000DEFFDEFFDEFFDEFFDEFFDEFFDEFFDEFFA7
:10720000DEFFDEFFDEFFDEFFDEFFDEFFDEFFDEFF96
:10721000DDFFDEFFDEFFDEFFDEFFDEFFDEFFDEFF87
:10722000DEFFDEFFDEFFDEFFDEFFDEFFDEFFDEFF76
:10723000DDFFDEFFDEFFDDFFDEFFDEFFDEFFDEFF68
:10724000DEFFDEFFDEFFDDFFDEFFDEFFDEFFDEFF57
:10725000DEFFDEFFDEFFDDFFDEFFDEFFDEFFDEFF47
:10726000DDFFDEFFDEFFDEFFDEFFDEFFDEFFDEFF37
:10727000DDFFDEFFDEFFDDFFDEFFDEFFDEFFDDFF29
:10728000DEFFDEFFDEFFDEFFDEFFDEFFDEFFDDFF17
:10729000DEFFDEFFDDFFDEFFDEFFDEFFDDFFDEFF08
:1072A000DEFFDEFFDEFFDEFFDEFFDEFFDDFFDEFFF7
:1072B000DEFFDDFFDEFFDEFFDEFFDDFFDEFFDEFFE8
:1072C000DEFFDEFFDEFFDEFFDEFFDDFFDEFFDEFFD7
:1072D000DDFFDEFFDEFFDEFFDDFFDEFFDEFFDEFFC8
:1072E000DEFFDEFFDEFFDEFFDDFFDEFFDEFFDDFFB8
:1072F000DEFFDEFFDEFFDDFFDEFFDEFFDEFFDEFFA7
:10730000DEFFDEFFDEFFDEFFDEFFDEFFDEFFDDFF96
:10731000DEFFDEFFDEFFDEFFDEFFDEFFDEFFDEFF85
:10732000DEFFDEFFDEFFDEFFDDFFDEFFDEFFDEFF76
:10733000DEFFDEFFDEFFDDFFDEFFDEFFDDFFDEFF67
:10734000DEFFDEFFDEFFDEFFDEFFDEFFDEFFDEFF55
:10735000DEFFDEFFDEFFDEFFDEFFDEFFDEFFDDFF46
:10736000DEFFDEFFDDFFDEFFDEFFDDFFDEFFDEFF37
:10737000DDFFDEFFDEFFDDFFDEFFDEFFDDFFDEFF28
:10738000DEFFDDFFDEFFDEFFDDFFDEFFDEFFDEFF17
:10739000DDFFDEFFDEFFDDFFDEFFDEFFDEFFDEFF07
:1073A000DEFFDEFFDEFFDDFFDEFFDEFFDEFFDEFFF6
:1073B000DEFFDEFFDEFFDEFFDEFFDEFFDEFFDEFFE5
:1073C000DEFFDEFFDEFFDEFFDEFFDEFFDDFFDEFFD6
:1073D000DEFFDEFFDEFFDEFFDEFFDEFFDDFFDEFFC6
:1073E000DEFFDEFFDEFFDEFFDEFFDEFFDEFFDEFFB5
:1073F000DEFFDEFFDEFFDEFFDEFFDEFFDEFFDEFFA5
:10740000DEFFDEFFDEFFDEFFDEFFDEFFDEFFDEFF94
:10741000DEFFDEFFDEFFDEFFDEFFDEFFDEFFDEFF84
:10742000DEFFDEFFDEFFDEFFDEFFDEFFDEFFDEFF74
:10743000DEFFDEFFDEFFDEFFDEFFDEFFDEFFDEFF64
:10744000DEFFDEFFDEFFDEFFDEFFDEFFDEFFDEFF54
:10745000DEFFDEFFDEFFDEFFDEFFDEFFDEFFDEFF44
:10746000DEFFDEFFDEFFDEFFDEFFDEFFDEFFDEFF34
:10747000DEFFDEFFDEFFDEFFDEFFDEFFDEFFDEFF24
:10748000DEFFDEFFDEFFDEFFDEFFDEFFDEFFDEFF14
:10749000DEFFDEFFDDFFDEFFDEFFDEFFDEFFDEFF05
:1074A000DEFFDEFFDDFFDEFFDEFFDDFFDEFFDEFFF6
:1074B000DEFFDEFFDEFFDEFFDEFFDEFFDDFFDEFFE5
:1074C000DEFFDEFFDEFFDEFFDEFFDEFFDEFFDEFFD4
:1074D000DEFFDEFFDEFFDEFFDEFFDEFFDEFFDDFFC5
:1074E000DEFFDEFFDDFFDEFFDEFFDEFFDEFFDEFFB5
:1074F000DEFFDEFFDEFFDEFFDEFFDEFFDEFFDEFFA4
:10750000DEFFDEFFDEFFDEFFDEFFDEFFDEFFDEFF93
:10751000DEFFDEFFDEFFDEFFDEFFDEFFDEFFDEFF83
:10752000DEFFDEFFDEFFDEFFDEFFDDFFDEFFDEFF74
:10753000DEFFDEFFDEFFDEFFDEFFDEFFDDFFDEFF64
:10754000DEFFDDFFDEFFDEFFDDFFDEFFDEFFDDFF56
:10755000DEFFDEFFDEFFDEFFDEFFDEFFDEFFDEFF43
:10756000DDFFDEFFDEFFDEFFDEFFDEFFDEFFDEFF34
:10757000DEFFDDFFDEFFDEFFDEFFDDFFDEFFDEFF25
:10758000DEFFDEFFDDFFDEFFDEFFDDFFDEFFDEFF15
:10759000DEFFDEFFDEFFDEFFDEFFDDFFDEFFDEFF04
:1075A000DEFFDDFFDEFFDEFFDDFFDEFFDEFFDEFFF5
:1075B000DEFFDEFFDEFFDEFFDDFFDEFFDEFFDEFFE4
:1075C000DDFFDEFFDEFFDDFFDEFFDEFFDEFFDEFFD5
:1075D000DEFFDEFFDEFFDDFFDEFFDEFFDEFFDDFFC5
:1075E000DEFFDEFFDDFFDEFFDEFFDEFFDEFFDEFFB4
:1075F000DEFFDEFFDDFFDEFFDEFFDEFFDDFFDEFFA5
:10760000DEFFDDFFDEFFDEFFDEFFDEFFDEFFDEFF93
:10761000DEFFDDFFDEFFDEFFDEFFDDFFDEFFDEFF84
:10762000DDFFDEFFDEFFDEFFDEFFDDFFDEFFDEFF74
:10763000DEFFDEFFDEFFDEFFDEFFDEFFDEFFDEFF62
:10764000DEFFDEFFDDFFDEFFDEFFDEFFDEFFDEFF53
:10765000DDFFDEFFDEFFDEFFDEFFDEFFDEFFDEFF43
:10766000DDFFDEFFDEFFDDFFDEFFDEFFDEFFDEFF34
:10767000DEFFDEFFDEFFDEFFDEFFDDFFDEFFDEFF23
:10768000DEFFDEFFDEFFDEFFDEFFDEFFDEFFDEFF12
:10769000DEFFDEFFDEFFDEFFDEFFDEFFDEFFDEFF02
:1076A000DEFFDEFFDEFFDEFFDEFFDEFFDDFFDEFFF3
:1076B000DEFFDEFFDEFFDEFFDEFFDEFFDEFFDDFFE3
:1076C000DEFFDEFFDDFFDEFFDEFFDEFFDEFFDEFFD3
:1076D000DEFFDEFFDEFFDEFFDEFFDEFFDEFFDEFFC2
:1076E000DEFFDEFFDDFFDEFFDEFFDDFFDEFFDEFFB4
:1076F000DEFFDEFFDDFFDEFFDEFFDDFFDEFFDEFFA4
:10770000DEFFDEFFDEFFDEFFDEFFDEFFDEFFDDFF92
:10771000DEFFDEFFDEFFDEFFDEFFDEFFDEFFDDFF82
:10772000DEFFDEFFDDFFDEFFDEFFDEFFDEFFDEFF72
:10773000DEFFDEFFDEFFDEFFDEFFDEFFDDFFDEFF62
:10774000DEFFDDFFDEFFDEFFDEFFDEFFDEFFDEFF52
:10775000DEFFDEFFDEFFDEFFDEFFDDFFDEFFDEFF42
:10776000DDFFDEFFDEFFDEFFDEFFDEFFDEFFDEFF32
:10777000DEFFDEFFDEFFDEFFDDFFDEFFDEFFDDFF23
:10778000DEFFDEFFDEFFDEFFDEFFDEFFDEFFDEFF11
:10779000DEFFDEFFDEFFDDFFDEFFDEFFDDFFDEFF03
:1077A000DEFFDEFFDEFFDEFFDEFFDEFFDEFFDEFFF1
:1077B000DEFFDEFFDEFFDEFFDEFFDEFFDEFFDEFFE1
:1077C000DDFFDEFFDEFFDEFFDEFFDEFFDEFFDEFFD2
:1077D000DEFFDEFFDEFFDEFFDEFFDEFFDEFFB9E6FF
:1077E000DEF7DEFFDEFFDDFFDEFFDEFFDDFF55E65D
:1077F000D9B5DEFFDEFFDEFFDEFFDEFFDDFFDEFFF1
:10780000DEFFDEFFDEFFDEFFDEFF5AF715A5DEFF3F
:10781000DEFFDDFFDEFFDEFFDDFFDEFFDEFFDDFF83
:10782000DEFFDEFFDDFFDEFFDEFFDDFFDEFFDEFF72
:10783000DDFFDEFFDEFFDDFFDEFFDEFFDEFFDEFF62
:10784000DEFFDDFFDEFFDEFFDDFFDEFFDEFFD7F662
:10785000B8ADDEFFDEFFDEFFDEFFDEFFDEFFDEFFB8
:10786000DEFFDEFFDEFFDEFFDEFFDEFFDEFFDEFF30
:10787000DEFFDEFFDEFFDEFFDEFFDEFFDEFFDEFF20
:10788000DEFFDEFFDEFFDEFFDEFFDEFFDEFFDEFF10
:10789000DEFFDEFFDEFFD7F697A5DEFFDEFFDEFFB1
:1078A000DEFFDEFFDEFFDEFFDEFFDEFFDEFFDEFFF0
:1078B000DEFFDEFFDEFFDEFFDEFFDEFFDEFFDDFFE1
:1078C000DEFFDEFFDEFFDEFFDEFFDEFFDEFFDEFFD0
:1078D000DEFFDEFFDEFFDEFFDEFFDEFFDDFFDEFFC1
:1078E000DEFFD7F6D9ADDEFFDEFFDEFFDEFFDEFF17
:1078F000DEFFDEFFDEFFDEFFDEFFDDFFDEFFBDFFC2
:10790000B8DE58D6DBDEDEFFDEFFDDFFD9E678D657
:107910001CE7DEFFDEFFDEFFDDFFD9E699D6BEFF06
:10792000DEFF9CFF78D678D67DEFDEFFDEFFDEFF40
:10793000DEFFDEFFDEFFDDFFDDFFD0BCD494BCFF49
:107940008FA4B494DEFFDEFFDEFFDEFFDEFFDEFF8E
:107950005BFF58D69DEFDEFFDDFFDEFFDEFFDEFFC3
:10796000DEFFDEFFDEFFDEFFDDFFDEFFDEFF4FAC12
:10797000DDE7DEFFDEFFDEFFDEFFDEFFDEFFDDFF39
:10798000BEFFDEFFDEFFDEFFDEFFDEFFDEFFDEFF2F
:10799000DEFFDDFF19F756A5DEFF5AF7D59CDEFFA7
:1079A000DEFFDEFFDEFFDEFFDEFFDEFFDEFFDEFFEF
:1079B000DEFFDEFFDEFFDEFFDEFFDEFFDEFFDEFFDF
:1079C000DEFFDEFFDEFFDEFFDEFFDEFFDEFFDEFFCF
:1079D000DEFFDEFFDEFFDEFFDEFFDEFFDEFFB6F6F0
:1079E00097A5DEFFDEFFDEFFDDFFDEFFDEFFDDFF52
:1079F000DEFFDEFFDDFFDEFFDEFFDDFFDEFFDEFFA1
:107A0000DDFFDEFFDEFFDEFFDEFFDEFFDEFFDEFF8F
:107A1000DDFFDEFFDEFFDEFFDEFFDEFFDEFFDDFF80
:107A2000DEFFDEFFDDFFB7F677A5DEFFDEFFDEFF60
:107A3000DEFFDDFFDEFFDEFFDDFFDEFFDEFFDEFF60
:107A4000DEFFDEFFDEFFDDFFB2D5BCC6DEFFDEFF00
:107A5000DEFFDEFF54E63AB6DEFFDEFFDEFFDEFFCE
:107A6000DEFFDEFFDDFFDEFFDEFFDEFFB7EEB7ADE0
:107A7000DEFFB6F698A5DEFFDEFFDEFFDEFFDEFFEF
:107A8000DEFFDDFFDEFFDEFFDEFFDEFFDEFF91D586
:107A90008D7B6C7B8D7B1AB6DDFFF4DD8D7B6D7B82
:107AA0008D7BBBC6DEFFDEFF7BFFED93EF839EEF9A
:107AB0009BFF0E9C8D7B6D7BF0839DE7DEFFDEFFE1
:107AC000DEFF39F790A43DD7DEFF15D618BE9DFF27
:107AD0002E9C738CDEFFDEFFDDFFDEFFDEFFDEFFB0
:107AE00095EE6D7BFBCEDEFFDEFFDEFFDEFFDEFF11
:107AF000DEFFDEFFDEFFDEFFDEFFDEFFDEFF4FAC80
:107B0000DEE7DEFF3AF7F6C518C6BDF7DEFF19EF70
:107B1000DBD6DDFF38D6F9E6F6C5FCDEDEFFDEFF9C
:107B2000DEFFBCFF52C5518418C65AEFD4A498DEBC
:107B3000F6C55DE7DEFFDEFFF9EEF6C5BAD6DEFF7D
:107B4000DEFFDDFFDEFF1AF7FBDE36D6F7C59DF759
:107B5000DDFF58D6BDFFDEFF19EF1CDFDDFF38D695
:107B6000D8E6F7C59DEFB8E6F6C55DE7DEFFB6F6E9
:107B700097A577DEF7C55DE7DEFFDEFF19EFD6C517
:107B80009ACEDEFF9CFF79D698E6BBD69CFF16CE38
:107B9000F7C59EEFDEFFDDFFDEFF9CFF16CEF7C5CB
:107BA0007DEFDEFFF9EEFBDE36D618C6BDF7DEFF51
:107BB000BDFF57D6F6C556E6779DDEFFDDFFDEFF3B
:107BC000DEFF7BF7F6CD38C6B8E65DE7DEFF7BF774
:107BD000F6CD38C6BEFF19EF6EA435A5BBD6DEFFC5
:107BE000DEFF7AF7D0B4D49479CEDEFF7BFFF6CDFA
:107BF000F7C57DEFDEFFDEFFDEFF7BFF11B5928C68
:107C000039C6B6F6789D77DEF7C59DEFDEFFDEFF5D
:107C1000F9EED6C5BAD6DEFFDEFFDEFFDEFFD9EE17
:107C20009DEF9CFFED9BB48C9CFF0D94B48C5AF798
:107C3000CD8BB48CDEFFDEFF31C5AD7BF0839EEFD4
:107C4000D8EE8D837BBEB6EE8D7B9CC6DEFFDEFF5D
:107C50007CFF51BD6D7B76AD1CDF36D659C69DFFCE
:107C60004E9C738CDEFFBDFF36D6F6C5FCDEDEFF14
:107C700096EE8E7B1CD7DEFFDEFFDEFFDDFFDEFF34
:107C8000DEFFDEFFDDFFDEFFDEFFDEFFDEFF4FACEF
:107C9000DEE719F7929CB9D615D6B394BEF734DE59
:107CA000B8ADDDFFEE9BB6B598DE50947DEFDEFFFC
:107CB000DEFFBDFF35E6B48C1BE75AF7109418BE03
:107CC00056DE518CBEF7F7EEF4A4DADE11BD9BC68A
:107CD000DEFFDEFFDEFF55E6518C99CED3CD379D1A
:107CE000DDFF91AC7DEFDEFF13DE3AB6BCFF0E9CEC
:107CF000F8BDF5D5308CD7B556DE728CDEFFB7F601
:107D0000308C39C677DE71949DEFF8EEF4A4DADE9C
:107D100031BD3ABE7AF7309454AD9ACE70AC79CE7C
:107D200057DE5EE7DEFFDEFFDEFF35DE59CE56DED4
:107D3000938CDEFF14DE729499D672C598A5DDFF90
:107D400031C5B7ADD9E6B0AC779DDEFFDEFFDEFF13
:107D50007BFF709C59CE76DEEE93BCC67BFFD2A42F
:107D6000B9D6D4CD77A57CF7CFBC19B65CEFDEFFD2
:107D7000DEFFBCFF51CD98A53CEF5AFF709499CE21
:107D800057D671949DEFDEFFDEFFBDFFD4CD159D6C
:107D90003CE7B6F6518C59C6D4CDD49CDEFFB7EE85
:107DA00014A5DADE11B59BC6DEFFDEFFDEFFDEFFC7
:107DB000DEFF39F7AD8B579D59F78D83FAADDEFFA6
:107DC0008EB4127CDEFF75E6F08352BDF0839EEF29
:107DD000BCFF6FAC9394F1AC728CBEF7DEFFDEFF9C
:107DE0009CFF31B58D7B75A5FCDE2DA473849CFFB3
:107DF0004EA4738CBCF7AFAC528C53BD8D7BFCCEC4
:107E0000F7F68E7B1CD7DEFFDEFFDEFFDEFFDEFF38
:107E1000DEFFDEFFDEFFDEFFDEFFDDFFDEFF4FAC5D
:107E2000DDE792CDBBC6DEFFDEFFD0BC3DD754DE22
:107E300098ADDDFF319CDEF7DDFFD1BC3CD7DEFF26
:107E4000DEFFDEFFD7F6F594DEFF5AF7939CDEF7F0
:107E5000DDFF30ACBDE7EFC434A574B512AD77A536
:107E6000DEFFDEFFDEFF55E698A5DEFF9BFF529C9E
:107E7000DDF791A47DEFDEFF34DE1AB6BCFF519C26
:107E8000DEF79CFF919C9EF7DDFF30A4BEF7B7EEB6
:107E9000369DDEFFDEFF51CDFCCE10C534A574B596
:107EA00032B516955AF75294BEF7DDFFB0B4F8BD5F
:107EB0009DEFDEFFDEFFDEFFDEFF7CFF57D694BDC9
:107EC000F08BBEF714DEF9B5DEFF39F7B49C7BF713
:107ED0009294BEFFDEFFB6F6779DDEFFDEFFDEFF8B
:107EE00096E698A5DEFFDEFF50C5DDC634E6B29407
:107EF00074B553B59394BEF730CD9CC6DEFFDEFF5C
:107F0000DEFFDEFFD2DD1BAEDEFFF3D51AB6DEFFED
:107F1000DEFF72CDBBC6DEFFDEFFDEFF55E677A5D6
:107F2000DEFFB6F6579DDEFF7BFF9294BEF7AFBC37
:107F300054A574B512B578A5DEFFDDFFDEFFDDFFC9
:107F400077E6CD8B928C7DEF59F76D833BB6DEFFE4
:107F50008EB4117CD8EEAD8B5ABE72CDEF833DE767
:107F60005BF76FA4718C8FA4518C5DE7DEFFDEFFA1
:107F7000DEFF96E68D7B3DD7DEFF2DA473849DFF4B
:107F80002E9C738CF8EE8D83929433AD8D8397A5E0
:107F9000F7F6AF833DE7DEFFDEFFDEFFDEFFDEFF4D
:107FA000DEFFDEFFDEFFDEFFDEFFDEFFDDFF4FACCC
:107FB000DEEF52C5DCCEDEFFDEFF11C53DD734DE7D
:107FC000B8ADDDFF319CDEF7DEFFD1BC1CCFDEFF9C
:107FD000DEFFDEFFD7F6F594DEFF5AF7D59CDEFF15
:107FE000DDFF0FACBEDFCFBCBCC65CEF5CF79DF71E
:107FF000DEFFDEFFDEFF55E6D9ADDEFF7BFF529CE4
:10800000DDF791AC7DEFDEFF13D61BB6BCFF729C93
:10801000DEF79CFFB19C9EF7DDFF50A4BEEFB6F6E5
:10802000779DDEFFDEFF31C5FCCEAFBCDBC65CF763
:108030005CF79DF77AF7B49CDEFFDEFF9CFF56D617
:10804000709CFCD6DEFFDEFFBCFFB1AC99CE19E719
:10805000F093DEF714DE1AB6DEFF3AF7939C5AF778
:10806000B394DEFFDEFFB6F677A5DEFFDDFFDEFFB1
:1080700054E6DAADDEFFDEFF51C5BCC6F4DDD8AD97
:108080005CF75CEF7DF7DEFF30C59CC6DEFFDEFFF0
:10809000DEFFDEFFD2DD1BAEDEFFD2D55BBEDEFF34
:1080A000DEFFB3D59BC6DEFFDEFFDEFF55E677A51C
:1080B000DEFFB6F698A5DEFF7BFF718CBDF76EB4D0
:1080C000FCCE5CEF5CF79DF7DEFFDEFFDEFF55DEEA
:1080D0008D83B7ADBEF7DEFF7BF7CD8B579DBCFF21
:1080E0000DA4938CF3D56D7B6C7B6C7B8D7B738C3B
:1080F000F2D5CF7B9DEF7AFF6D83F9B5DEFFDEFF12
:10810000DEFF95E66D7B1DCFDEFF2DA47384BDFFE2
:108110002E9C738CD8E68D8356A599DE58D61CDF2D
:1081200059F7719C5DE7DEFFDDFFDEFFDEFFDEFF5E
:10813000DEFFDEFFDDFFDEFFDEFF5BF7B8E69394D8
:10814000DEFF97EEF49C5CEFD9EEB29CBDF734DE17
:10815000B9ADDDFF319CDEF7DDFFD1BC3CCFDEFFEA
:10816000DEFFDEFF38FF948C5CEF5AF7D5A4DEFF0C
:10817000DDFF2FACBDDF14DE369D5CEFD9E65CE79A
:10818000DEFFDEFFDEFF55E6D9ADDEFF7BFF529C52
:10819000DEF711C55ABE5BEF8FAC3AB6BCFF52A4F6
:1081A000DEF79CFFB19C9EF7DDFF50A4BEF7B7F64B
:1081B00051841CE7F9EE92949DEF34DE359D5CEF1F
:1081C000FAEEFCDE7AF7B4A4DEFFBDFFFBE67CEF3F
:1081D00093CD3ABEDEFFDEFF7BFF919C3CE777DE6E
:1081E000D083BEF714DE1AB6DEFF39F7939CBDF7D5
:1081F00070ACBBCE5BEF10BD579DDEFFDEFFDEFF38
:1082000039F792943CE719EF0E9CBDC618F792948B
:108210003CE71AEF9AD6DEFFB2CD1AB67DF7DEFF45
:10822000DEFFDEFF54E698A57CF7F8F693943CE772
:108230001AEFB1A47DE7DEFFDEFFDEFF97EE1595B6
:108240005DEFB6F699A5DEFF7BFF718CBEF7F3DD1F
:1082500056A55CEFF9E63CE7DEFFDEFFBCFFED9BD9
:108260008D7B50945094169DBDFFAFB4AE7B2F9480
:108270008D7B5ABE7CF7FBE6FAE651C5EF7BFCDE50
:10828000B6E68D83108C2F8C8D7B9BC6DEFFDEFFC8
:10829000DEFFD7EE8D7B0F847BC62DA473849CFFFD
:1082A0004EA4738C7BF7EE93CE7B50940F949EDF9D
:1082B000F8F6919C3CDFDEFFDEFFDEFFDEFFDEFF37
:1082C000DEFFDEFFDEFFDEFFDEFF14DE14A55DE76E
:1082D000DEFFDDFF77DE13AD55AD5DEFDEFFB7E608
:1082E0005AC6DDFF55BDDEFFDEFFB4D55CDFDEFF25
:1082F000DEFFDEFFDDFF93CD56AD7BEFB7BDDEFFCA
:10830000DDFF34C5BEE7BDFF15D613AD96B5BEF78C
:10831000DEFFDEFFDEFFD8EE5AC6DEFF9CFF55B55E
:10832000DEF75BF732B555AD56D69BCEDDFF56BDB9
:10833000DEFF9CFF95B5BEF7DDFF54BDDEF7F9F615
:10834000F7BD73BD14AD1CDFDEFFBDFF15D613AD49
:1083500076AD9EF79BF7B7BDDEFFDDFF94C513AD8D
:10836000D7B5BEF7DEFFDEFFDEFF97E613AD38C6FA
:1083700014B5BEF797E69BCEDEFF7BF776B5DEFF42
:108380005BF713B534AD98DE19BEDEFFDEFFDEFF0E
:10839000DEFF97E613ADB7B530C5DDCEDEFF98E65C
:1083A00013AD54AD5DE7DEFF5AF713AD5AC6DEFFDD
:1083B000DEFFDEFF9CFF33B5F8BDDEFFB8E613AD90
:1083C00034AD3CE7DEFFDEFFDEFFDEFFBCFF53BD6A
:1083D000B7ADF8F65ABEDEFF9CFF75ADBEFFBDFF20
:1083E000F5CD13AD96B5BEF7DEFFDEFFBCFFF2ACF8
:1083F000D2A4D2A4D2A476A5DEFF7CFF53BDD2A422
:108400005AC6DEFFDEFFDEFFDEFF56E614A59EF74E
:10841000DEFF97E6D2A4D2A49ACEDEFFDEFFDEFF17
:10842000DEFFBDFFB4CDD3A45DE732C556A5BDFFC9
:1084300053BD76ADDEFF3AF712B5D2A4B7B5DEFF75
:1084400039F7F3A45DE7DEFFDEFFDEFFDEFFDEFFD0
:10845000DEFFDEFFDEFFDEFFDEFFDEFFDEFFDEFF34
:10846000DEFFDEFFDEFFDEFFDEFFDEFFDEFFDEFF24
:10847000DEFFDEFFDEFFDEFFDEFFDEFFDEFFDEFF14
:10848000DEFFDEFFDEFFDEFFDEFFDEFFDEFFDEFF04
:10849000DEFFDEFFDEFFDEFFDEFFDEFFDEFFDEFFF4
:1084A000DEFFDEFFDEFFDEFFDEFFDEFFDEFFDEFFE4
:1084B000DEFFDEFFDEFFDEFFDEFFDEFFDEFFDEFFD4
:1084C000DEFFDEFFDEFFDEFFDEFFDEFFDEFFDEFFC4
:1084D000DEFFDEFFDEFFDEFFDEFFDEFFDEFFDEFFB4
:1084E000DEFFDEFFDEFFDEFFDEFFDEFFDEFFDEFFA4
:1084F000DEFFDEFFDEFFDEFFDEFFDEFFDEFFDEFF94
:10850000DEFFDEFFDEFFDEFFDEFFDEFFDEFFDEFF83
:10851000DEFFDEFFDEFFDEFFDEFFDEFFDEFFDEFF73
:10852000DEFFDEFFDEFFBCFF4FA47EE7DEFFDEFFE7
:10853000DEFFDEFFDEFFDEFFDEFFDEFFDEFFDEFF53
:10854000DEFFDEFFDEFFDEFFDEFFDEFFDEFFDEFF43
:10855000DEFFDEFFDEFFDEFFDEFFDEFFDEFFDEFF33
:10856000DEFFDEFFDEFFDEFFDEFFDEFFDEFFDEFF23
:10857000DEFFDEFFDEFFDEFFDEFFDEFFDEFFDEFF13
:10858000DEFFDEFFDEFFDEFFDEFFDEFFDEFFDEFF03
:10859000DEFFDEFFDEFFDEFFDEFFDEFFDEFFDEFFF3
:1085A000DEFFDEFFDEFFDEFFDEFFDEFFDEFFDEFFE3
:1085B000DEFFDEFFDEFFDEFFDEFFDEFFDEFFDEFFD3
:1085C000DEFFDEFFDEFFDEFFDEFFDEFFDEFFDEFFC3
:1085D000DEFFDEFFDEFFDEFFDEFFDDFFDEFFDEFFB4
:1085E000DEFFDEFFDDFFDEFFDEFFDEFFDEFFDEFFA4
:1085F000DEFFDEFFDEFFDEFFDEFFDEFFDEFFDEFF93
:10860000DEFFDEFFDEFFDEFFDEFFDEFFDEFFDEFF82
:10861000DEFFDEFFDEFFDEFFDEFFDEFFDEFFDEFF72
:10862000DEFFDEFFDEFFDEFFDEFFDEFFDEFFDEFF62
:10863000DEFFDEFFDEFFDEFFDEFFDEFFDEFFDEFF52
:10864000DEFFDEFFDEFFDEFFDEFFDEFFDEFFDEFF42
:10865000DEFFDEFFDEFFDEFFDEFFDEFFDEFFDEFF32
:10866000DEFFDEFFDEFFDEFFDEFFDEFFDEFFDEFF22
:10867000DEFFDEFFDEFFDEFFDEFFDEFFDEFFDEFF12
:10868000DEFFDEFFDEFFDDFFDEFFDEFFDDFFDEFF04
:10869000DEFFDEFFDEFFDEFFDEFFDEFFDEFFDEFFF2
:1086A000DEFFDEFFDEFFDEFFDEFFDEFFDDFFDEFFE3
:1086B0005BFFB19C12AD509439BEDEFFDEFFDEFFE2
:1086C000DEFFDEFFDEFFDEFFDEFFDEFFDEFFDDFFC3
:1086D000DEFFDEFFDEFFDEFFDEFFDEFFDEFFDEFFB2
:1086E000DEFFDEFFDEFFDEFFDEFFDEFFDEFFDEFFA2
:1086F000DEFFDEFFDEFFDEFFDEFFDEFFDEFFDEFF92
:10870000DEFFDEFFDEFFDEFFDEFFDEFFDEFFDEFF81
:10871000DEFFDEFFDEFFDEFFDEFFDEFFDEFFDEFF71
:10872000DEFFDEFFDEFFDEFFDEFFDEFFDEFFDEFF61
:10873000DEFFDEFFDEFFDEFFDEFFDEFFDEFFDEFF51
:10874000DEFFDEFFDEFFDEFFDEFFDEFFDEFFDEFF41
:10875000DEFFDEFFDEFFDEFFDEFFDEFFDEFFDEFF31
:10876000DEFFDEFFDEFFDEFFDEFFDEFFDEFFDEFF21
:10877000DEFFDEFFDEFFDEFFDEFFDDFFDEFFDEFF12
:10878000DDFFDEFFDEFFDDFFDEFFDEFFDDFFDEFF04
:10879000DEFFDEFFDDFFDEFFDEFFDEFFDEFFDDFFF3
:1087A000DEFFDEFFDEFFDEFFDEFFDEFFDEFFDEFFE1
:1087B000DDFFDEFFDEFFDEFFDEFFDEFFDEFFDEFFD2
:1087C000DEFFDDFFDEFFDEFFDEFFDEFFDEFFDDFFC3
:1087D000DEFFDEFFDDFFDEFFDEFFDEFFDEFFDEFFB2
:1087E000DEFFDEFFDEFFDEFFDEFFDEFFDEFFDEFFA1
:1087F000DEFFDEFFDEFFDEFFDEFFDEFFDEFFDEFF91
:10880000DEFFDEFFDEFFDEFFDEFFDEFFDEFFDEFF80
:10881000DEFFDEFFDEFFDEFFDEFFDEFFDEFFDEFF70
:10882000DEFFDDFFDEFFDEFFDDFFDEFFDEFFDEFF62
:10883000DEFFDEFFDDFFDEFFDEFFDEFFDEFFDEFF51
:10884000DEFFDEFFDEFFDEFFDEFFDEFFDEFFDEFF40
:10885000DEFFDEFFDEFFDEFFDEFFDEFFDEFFDEFF30
:10886000DEFFDEFFDDFFDEFFDEFFDEFFDEFFDEFF21
:10887000DEFFDEFFDEFFDDFFDEFFDEFFDEFFDEFF11
:10888000DEFFDEFFDEFFDEFFDEFFDEFFDEFFDEFF00
:10889000DEFFDEFFDEFFDEFFDDFFDEFFDEFFDEFFF1
:1088A000DEFFDDFFDEFFDEFFDDFFDEFFDEFFDEFFE2
:1088B000DEFFDEFFDEFFDEFFDEFFDEFFDEFFDEFFD0
:1088C000DEFFDEFFDEFFDEFFDEFFDEFFDEFFDDFFC1
:1088D000DEFFDEFFDDFFDEFFDEFFDEFFDEFFDEFFB1
:1088E000DEFFDEFFDEFFDEFFDEFFDEFFDEFFDEFFA0
:1088F000DEFFDEFFDEFFDEFFDEFFDEFFDEFFDEFF90
:08890000F078FB7F010000008C
:10890800D501000801240008B14700084107010803
:048918007D1E0108B7
:08891C00B1010008E12400088C
:108924000000000001000000001000000030000002
:108934005A000000F86F0208E74F00087952000857
:10894400DB4F0008E14F00080000000000000000B9
:108954000000000000000000000000000000000013
:10896400D14F0008D54F00080000000000000000AF
:108974004D530008B35200088B5200086B54000892
:10898400D75200080F530008D75300084554000875
:1089940035540008115400080024F40001000000BC
:1089A40010000000AAAAAAAAE8030000BC7E0208DC
:1089B400D87E0208287F02083C7F0208507F020804
:1089C400647F0208DC7F020840800208A07F02085E
:1089D400F07F0208B47F0208048002085480020871
:1089E400B8800208787F02088C7F0208CC800208D5
:1089F4001C8102087C800208E08002089080020842
:108A0400F4800208C87F0208188002083081020836
:108A1400448102082C80020868800208A4800208AD
:108A240008810208AD5002080000000003000000A5
:108A340020440120180100200000000020440120EF
:108A440088440120F04401200000000000000000E0
:108A54000000000000000000000000000000000012
:108A64000000000000000000000000000000000002
:108A740000000000000000000000000000000000F2
:088A8400000000006145012023
:108A8C0000000000000000000000000000000000DA
:108A9C0000000000000000000000000000000000CA
:108AAC0000000000000000000000000000000000BA
:108ABC0000000000000000000000000000000000AA
:108ACC00000000000000000000000000000000009A
:108ADC00000000000000000000000000000000008A
:108AEC00000000000000000000000000000000007A
:108AFC00000000000000000000000000000000006A
:108B0C000000000000000000000000000000000059
:108B1C000000000000000000000000000000000049
:108B2C000000000000000000000000000000000039
:108B3C000000000000000000000000000000000029
:108B4C000000000000000000000000000000000019
:108B5C000000000000000000000000000000000009
:108B6C0000000000000000000000000000000000F9
:108B7C0000000000000000000000000000000000E9
:108B8C0000000000000000000000000000000000D9
:108B9C0000000000000000000000000000000000C9
:108BAC0000000000000000000000000000000000B9
:108BBC0000000000000000000000000000000000A9
:108BCC000000000000000000000000000000000099
:108BDC000000000000000000000000000000000089
:108BEC000000000000000000000000000000000079
:108BFC000000000000000000000000000000000069
:108C0C000000000000000000000000000000000058
:108C1C000000000000000000000000000000000048
:108C2C000000000000000000000000000000000038
:108C3C000000000000000000000000000000000028
:108C4C000000000000000000000000000000000018
:108C5C000000000000000000000000000000000008
:108C6C0000000000000000000000000000000000F8
:108C7C0000000000000000000000000000000000E8
:040000050800065D8C
:00000001FF
